Plant_Biomass,Year,Yr,Site,Latitude,Longitude,evi_max_05_10,slope,elevation,Percent_flooding,srad_peak,dayl_Max,nd_swir2_nir_mean_05_10,ndvi_mean_08_10,nd_r_g_max_05_10,spei14d
440.816,2013,1/1/2013,8,31.308449,-81.415129,0.2322815424133503,0.6934672594070435,1.179146171,0.014084507,336.61053466796875,50542.17969,-0.404771244,0.6085444533055698,0.059350036,0.1190411001443862
468.64,2015,1/1/2015,8,31.308449,-81.415129,0.1904682298810696,0.6934672594070435,1.179146171,0.014084507,316.0119629,50542.17969,-0.317077973,0.5023389510610423,0.1178205526234106,0.1046575382351875
170.976,2016,1/1/2016,8,31.308449,-81.415129,0.1956338972441652,0.6934672594070435,1.179146171,0.014084507,332.3839111328125,50542.17969,-0.336010374,0.5485707483144752,0.075218249,-0.249589026
140.192,2018,1/1/2018,8,31.308449,-81.415129,0.1782038707058295,0.6934672594070435,1.179146171,0.014084507,330.67413330078125,50542.17969,-0.277813516,0.4970444749461471,0.065726795,0.2300000041723251
435.2,2021,1/1/2021,8,31.308449,-81.415129,0.1912619058714957,0.6934672594070435,1.179146171,0.014084507,334.4214172363281,50542.17969,-0.281224019,0.4962036451491357,0.076267413,0.2375342398881912
307.2,2022,1/1/2022,8,31.308449,-81.415129,0.1573686218169244,0.6934672594070435,1.179146171,0.014084507,339.8260803222656,50542.17969,-0.238380077,0.458792145,0.081120944,-0.14643836
342.656,2014,1/1/2014,8,31.308449000000003,-81.415129,0.1993506548975881,0.6934672594070435,1.179146171,0.014084507,342.20391845703125,50542.17969,-0.260353661,0.4390149406052047,0.081113955,0.1209589019417762
438.688,2017,1/1/2017,8,31.308449000000003,-81.415129,0.2066293679363629,0.6934672594070435,1.179146171,0.014084507,326.7010803222656,50542.17969,-0.30263089,0.5695640180493148,0.056198586,0.000684929
250.24,2019,1/1/2019,8,31.308449000000003,-81.415129,0.1809578439685836,0.6934672594070435,1.179146171,0.014084507,320.10968017578125,50542.17969,-0.253694349,0.4907398960756481,0.060210327,-0.130281687
161.872,2020,1/1/2020,8,31.308449000000003,-81.415129,0.1979742239708395,0.6934672594070435,1.179146171,0.014084507,309.3223876953125,50542.17969,-0.264761564,0.5306610645032733,0.055967776,0.1078571379184722
344.352,2013,1/1/2013,8,31.308539,-81.415218,0.2322815424133503,0.7219859957695007,1.1818758249282837,0.014084507,336.61053466796875,50542.17969,-0.404771244,0.6085444533055698,0.059350036,0.1190411001443862
850.912,2015,1/1/2015,8,31.308539,-81.415218,0.1904682298810696,0.7219859957695007,1.1818758249282837,0.014084507,316.0119629,50542.17969,-0.317077973,0.5023389510610423,0.1178205526234106,0.1046575382351875
602.256,2016,1/1/2016,8,31.308539,-81.415218,0.1956338972441652,0.7219859957695007,1.1818758249282837,0.014084507,332.3839111328125,50542.17969,-0.336010374,0.5485707483144752,0.075218249,-0.249589026
174.62400000000002,2017,1/1/2017,8,31.308539,-81.415218,0.2066293679363629,0.7219859957695007,1.1818758249282837,0.014084507,326.7010803222656,50542.17969,-0.30263089,0.5695640180493148,0.056198586,0.000684929
126.4,2018,1/1/2018,8,31.308539,-81.415218,0.1782038707058295,0.7219859957695007,1.1818758249282837,0.014084507,330.67413330078125,50542.17969,-0.277813516,0.4970444749461471,0.065726795,0.2300000041723251
297.872,2019,1/1/2019,8,31.308539,-81.415218,0.1809578439685836,0.7219859957695007,1.1818758249282837,0.014084507,320.10968017578125,50542.17969,-0.253694349,0.4907398960756481,0.060210327,-0.130281687
373.232,2020,1/1/2020,8,31.308539,-81.415218,0.1979742239708395,0.7219859957695007,1.1818758249282837,0.014084507,309.3223876953125,50542.17969,-0.264761564,0.5306610645032733,0.055967776,0.1078571379184722
754.784,2014,1/1/2014,8,31.308539000000003,-81.415218,0.1993506548975881,0.7219859957695007,1.1818758249282837,0.014084507,342.20391845703125,50542.17969,-0.260353661,0.4390149406052047,0.081113955,0.1209589019417762
605.84,2021,1/1/2021,8,31.308539000000003,-81.415218,0.1912619058714957,0.7219859957695007,1.1818758249282837,0.014084507,334.4214172363281,50542.17969,-0.281224019,0.4962036451491357,0.076267413,0.2375342398881912
642.352,2022,1/1/2022,8,31.308539000000003,-81.415218,0.1573686218169244,0.7219859957695007,1.1818758249282837,0.014084507,339.8260803222656,50542.17969,-0.238380077,0.458792145,0.081120944,-0.14643836
663.472,2005,1/1/2005,8,31.308658999999995,-81.415257,0.1536277758008829,0.3222000896930694,1.2235465049743652,0.011857708,331.9556579589844,50542.17969,-0.294438554,0.469795142,-0.001142738,0.3142465651035309
466.96,2019,1/1/2019,8,31.308658999999995,-81.415257,0.1657758266666242,0.3222000896930694,1.2235465049743652,0.011857708,320.10968017578125,50542.17969,-0.267148139,0.5017468317267708,0.045397614,-0.130281687
352.064,2020,1/1/2020,8,31.308659,-81.415257,0.2119003713959905,0.3222000896930694,1.2235465049743652,0.011857708,309.3223876953125,50542.17969,-0.28209049,0.5371948670476109,0.045574198,0.1078571379184722
652.832,2013,1/1/2013,8,31.308659,-81.415257,0.2307485276423282,0.3222000896930694,1.2235465049743652,0.011857708,336.61053466796875,50542.17969,-0.421321627,0.5948565921002642,0.085542374,0.1190411001443862
518.448,2014,1/1/2014,8,31.308659,-81.415257,0.188392946,0.3222000896930694,1.2235465049743652,0.011857708,342.20391845703125,50542.17969,-0.271880339,0.451920958,0.074995393,0.1209589019417762
553.7280000000001,2015,1/1/2015,8,31.308659,-81.415257,0.1674581517651542,0.3222000896930694,1.2235465049743652,0.011857708,316.0119629,50542.17969,-0.291539877,0.5026318016869687,0.073975235,0.1046575382351875
554.72,2016,1/1/2016,8,31.308659,-81.415257,0.2139770688713831,0.3222000896930694,1.2235465049743652,0.011857708,332.3839111328125,50542.17969,-0.328021215,0.5487409259240538,0.07522918,-0.249589026
434.72,2017,1/1/2017,8,31.308659,-81.415257,0.2349435560542907,0.3222000896930694,1.2235465049743652,0.011857708,326.7010803222656,50542.17969,-0.285347029,0.5686165667320168,0.061262019,0.000684929
322.528,2018,1/1/2018,8,31.308659,-81.415257,0.1866028341484815,0.3222000896930694,1.2235465049743652,0.011857708,330.67413330078125,50542.17969,-0.287635944,0.5219024408124456,0.058066645,0.2300000041723251
388.352,2021,1/1/2021,8,31.308659,-81.415257,0.1873473191948594,0.3222000896930694,1.2235465049743652,0.011857708,334.4214172363281,50542.17969,-0.281447677,0.4999072617451722,0.06922564,0.2375342398881912
479.152,2022,1/1/2022,8,31.308659,-81.415257,0.1738869932378327,0.3222000896930694,1.2235465049743652,0.011857708,339.8260803222656,50542.17969,-0.25958435,0.4798525289756953,0.085841006,-0.14643836
1662.144,2002,1/1/2002,8,31.308659,-81.415257,0.1752435025264437,0.3222000896930694,1.2235465049743652,0.011857708,308.6863098144531,50542.17969,-0.316120281,0.4130801201855126,0.071931166,0.1697260290384292
2665.312,2002,1/1/2002,8,31.30875,-81.415322,0.128517913,0.2598839104175567,1.2999862432479858,0.012072435,308.6863098144531,50542.17969,-0.183526412,0.4363297979684739,0.017588601,0.1697260290384292
858.5600000000001,2013,1/1/2013,8,31.30875,-81.415322,0.2117481852612881,0.2598839104175567,1.2999862432479858,0.012072435,336.61053466796875,50542.17969,-0.387304352,0.6022709518235291,0.059438391,0.1190411001443862
563.136,2014,1/1/2014,8,31.30875,-81.415322,0.1955401268113571,0.2598839104175567,1.2999862432479858,0.012072435,342.20391845703125,50542.17969,-0.237663304,0.4209629509978957,0.079073262,0.1209589019417762
609.136,2016,1/1/2016,8,31.30875,-81.415322,0.1812858743229356,0.2598839104175567,1.2999862432479858,0.012072435,332.3839111328125,50542.17969,-0.290230432,0.5031934780040052,0.089093875,-0.249589026
282.928,2017,1/1/2017,8,31.30875,-81.415322,0.1994030084962726,0.2598839104175567,1.2999862432479858,0.012072435,326.7010803222656,50542.17969,-0.266541006,0.5312079631919789,0.066816242,0.000684929
354.096,2018,1/1/2018,8,31.30875,-81.415322,0.1645916750083418,0.2598839104175567,1.2999862432479858,0.012072435,330.67413330078125,50542.17969,-0.252977803,0.4765283067022263,0.068900037,0.2300000041723251
720.064,2019,1/1/2019,8,31.30875,-81.415322,0.1561580849250273,0.2598839104175567,1.2999862432479858,0.012072435,320.10968017578125,50542.17969,-0.250804658,0.4651745577051646,0.081071038,-0.130281687
494.016,2020,1/1/2020,8,31.30875,-81.415322,0.1734851994971772,0.2598839104175567,1.2999862432479858,0.012072435,309.3223876953125,50542.17969,-0.264346848,0.5036217483066412,0.060732561,0.1078571379184722
914.752,2021,1/1/2021,8,31.30875,-81.415322,0.1717077404592198,0.2598839104175567,1.2999862432479858,0.012072435,334.4214172363281,50542.17969,-0.253079091,0.4665540276704636,0.081598338,0.2375342398881912
311.296,2022,1/1/2022,8,31.30875,-81.415322,0.1582226772390272,0.2598839104175567,1.2999862432479858,0.012072435,339.8260803222656,50542.17969,-0.220539011,0.4411231730101198,0.094883538,-0.14643836
1376.08,2005,1/1/2005,8,31.308750000000003,-81.415322,0.122708102,0.2598839104175567,1.2999862432479858,0.012072435,331.9556579589844,50542.17969,-0.301035706,0.3901969311051749,0.003212054,0.3142465651035309
725.8399999999999,2015,1/1/2015,8,31.308750000000003,-81.415322,0.1902511538675022,0.2598839104175567,1.2999862432479858,0.012072435,316.0119629,50542.17969,-0.306577032,0.47072317,0.1640331380076783,0.1046575382351875
468.992,2005,1/1/2005,8,31.308848999999995,-81.415465,0.1384168460345892,0.5411149263381958,1.2405362129211426,0.015968064,331.9556579589844,50542.17969,-0.271571506,0.3747725281391121,0.055227863,0.3142465651035309
399.776,2015,1/1/2015,8,31.308848999999995,-81.415465,0.1747554812278063,0.5411149263381958,1.2405362129211426,0.015968064,316.0119629,50542.17969,-0.297387173,0.4596341009120551,0.079352588,0.1046575382351875
417.44,2021,1/1/2021,8,31.308848999999995,-81.415465,0.1794958442852842,0.5411149263381958,1.2405362129211426,0.015968064,334.4214172363281,50542.17969,-0.275677303,0.4809108596800172,0.07823334,0.2375342398881912
248.16,2022,1/1/2022,8,31.308848999999995,-81.415465,0.162771479,0.5411149263381958,1.2405362129211426,0.015968064,339.8260803222656,50542.17969,-0.234157501,0.4398659645416196,0.098891662,-0.14643836
1042.784,2002,1/1/2002,8,31.308849,-81.415465,0.1456127633539052,0.5411149263381958,1.2405362129211426,0.015968064,308.6863098144531,50542.17969,-0.2635008,0.4802434610955754,0.026688618,0.1697260290384292
581.04,2013,1/1/2013,8,31.308849,-81.415465,0.2188687248405824,0.5411149263381958,1.2405362129211426,0.015968064,336.61053466796875,50542.17969,-0.375690621,0.5637567837310191,0.061017238,0.1190411001443862
406.32,2014,1/1/2014,8,31.308849,-81.415465,0.1883595028545883,0.5411149263381958,1.2405362129211426,0.015968064,342.20391845703125,50542.17969,-0.251571826,0.4220084125451767,0.071913572,0.1209589019417762
236.32,2016,1/1/2016,8,31.308849,-81.415465,0.1843507728393384,0.5411149263381958,1.2405362129211426,0.015968064,332.3839111328125,50542.17969,-0.306494775,0.5256324435402371,0.085853659,-0.249589026
106.288,2017,1/1/2017,8,31.308849,-81.415465,0.2046630389338653,0.5411149263381958,1.2405362129211426,0.015968064,326.7010803222656,50542.17969,-0.266889,0.5328960624350468,0.074142587,0.000684929
175.616,2018,1/1/2018,8,31.308849,-81.415465,0.168058924,0.5411149263381958,1.2405362129211426,0.015968064,330.67413330078125,50542.17969,-0.257654157,0.4804368279460816,0.074880398,0.2300000041723251
186.752,2019,1/1/2019,8,31.308849,-81.415465,0.1615451157838701,0.5411149263381958,1.2405362129211426,0.015968064,320.10968017578125,50542.17969,-0.255443198,0.4832959629068715,0.1026045943612742,-0.130281687
346.76800000000003,2020,1/1/2020,8,31.308849,-81.415465,0.1767392329697668,0.5411149263381958,1.2405362129211426,0.015968064,309.3223876953125,50542.17969,-0.267473973,0.4995663144105222,0.063543004,0.1078571379184722
66.624,2002,1/1/2002,8,31.308879,-81.415556,0.1456127633539052,0.7742878198623657,1.1600558757781982,0.015968064,308.6863098144531,50542.17969,-0.2635008,0.4802434610955754,0.026688618,0.1697260290384292
377.872,2005,1/1/2005,8,31.308879,-81.415556,0.1384168460345892,0.7742878198623657,1.1600558757781982,0.015968064,331.9556579589844,50542.17969,-0.271571506,0.3747725281391121,0.055227863,0.3142465651035309
227.696,2013,1/1/2013,8,31.308879,-81.415556,0.2188687248405824,0.7742878198623657,1.1600558757781982,0.015968064,336.61053466796875,50542.17969,-0.375690621,0.5637567837310191,0.061017238,0.1190411001443862
1049.76,2014,1/1/2014,8,31.308879000000005,-81.415556,0.1883595028545883,0.7742878198623657,1.1600558757781982,0.015968064,342.20391845703125,50542.17969,-0.251571826,0.4220084125451767,0.071913572,0.1209589019417762
368.496,2015,1/1/2015,8,31.308927,-81.415591,0.1730956701762608,0.7742878198623657,1.1600558757781982,0.013916501,316.0119629,50542.17969,-0.294021495,0.4648651836553569,0.078139583,0.1046575382351875
746.848,2016,1/1/2016,8,31.308927,-81.415591,0.1817863261430724,0.7742878198623657,1.1600558757781982,0.013916501,332.3839111328125,50542.17969,-0.297963741,0.515807134,0.1287201695383767,-0.249589026
675.424,2017,1/1/2017,8,31.308927,-81.415591,0.2181875418812709,0.7742878198623657,1.1600558757781982,0.013916501,326.7010803222656,50542.17969,-0.293336469,0.5594522151561943,0.057931438,0.000684929
420.896,2018,1/1/2018,8,31.308927,-81.415591,0.1772407634708597,0.7742878198623657,1.1600558757781982,0.013916501,330.67413330078125,50542.17969,-0.286431541,0.504968273,0.063960249,0.2300000041723251
200.592,2019,1/1/2019,8,31.308927,-81.415591,0.1687337115170001,0.7742878198623657,1.1600558757781982,0.013916501,320.10968017578125,50542.17969,-0.25823174,0.4749181513585317,0.1026045943612742,-0.130281687
712.24,2020,1/1/2020,8,31.308927,-81.415591,0.1919566191677711,0.7742878198623657,1.1600558757781982,0.013916501,309.3223876953125,50542.17969,-0.274676539,0.4928379142409286,0.064373024,0.1078571379184722
391.696,2021,1/1/2021,8,31.308927,-81.415591,0.1824304093764756,0.7742878198623657,1.1600558757781982,0.013916501,334.4214172363281,50542.17969,-0.276344155,0.4824165085578896,0.072767643,0.2375342398881912
654.704,2022,1/1/2022,8,31.308927,-81.415591,0.1617659788784488,0.7742878198623657,1.1600558757781982,0.013916501,339.8260803222656,50542.17969,-0.23161355,0.4418366993805969,0.090947028,-0.14643836
100.16,2002,1/1/2002,8,31.308965,-81.415714,0.1370525014774341,0.480322003,1.1969118118286133,0.013916501,308.6863098144531,50542.17969,-0.256301568,0.4450163390163187,0.083883859,0.1697260290384292
128.656,2005,1/1/2005,8,31.308965,-81.415714,0.1271792406196434,0.480322003,1.1969118118286133,0.013916501,331.9556579589844,50542.17969,-0.296268685,0.31212597,0.094546023,0.3142465651035309
43.776,2008,1/1/2008,8,31.308965,-81.415714,0.1592895740872469,0.480322003,1.1969118118286133,0.013916501,335.3720703,50542.17969,-0.269691868,0.455490427,0.1340861501645231,-0.20863013
218.848,2013,1/1/2013,8,31.308965,-81.415714,0.2307678109638689,0.480322003,1.1969118118286133,0.013916501,336.61053466796875,50542.17969,-0.394688605,0.5834354072564044,0.051487647,0.1190411001443862
661.712,2014,1/1/2014,8,31.308965,-81.415714,0.1968735311724195,0.480322003,1.1969118118286133,0.013916501,342.20391845703125,50542.17969,-0.257661265,0.4430973132894382,0.074941162,0.1209589019417762
211.92,2018,1/1/2018,8,31.308979,-81.415683,0.1772407634708597,0.6219322681427002,1.3238130807876587,0.013916501,330.67413330078125,50542.17969,-0.286431541,0.504968273,0.063960249,0.2300000041723251
46.448,2019,1/1/2019,8,31.308979,-81.415683,0.1687337115170001,0.6219322681427002,1.3238130807876587,0.013916501,320.10968017578125,50542.17969,-0.25823174,0.4749181513585317,0.1026045943612742,-0.130281687
32.288,2020,1/1/2020,8,31.308979,-81.415683,0.1919566191677711,0.6219322681427002,1.3238130807876587,0.013916501,309.3223876953125,50542.17969,-0.274676539,0.4928379142409286,0.064373024,0.1078571379184722
122.928,2021,1/1/2021,8,31.308979,-81.415683,0.1824304093764756,0.6219322681427002,1.3238130807876587,0.013916501,334.4214172363281,50542.17969,-0.276344155,0.4824165085578896,0.072767643,0.2375342398881912
79.696,2022,1/1/2022,8,31.308979,-81.415683,0.1617659788784488,0.6219322681427002,1.3238130807876587,0.013916501,339.8260803222656,50542.17969,-0.23161355,0.4418366993805969,0.090947028,-0.14643836
378.768,2015,1/1/2015,8,31.30898,-81.415683,0.1730956701762608,0.6219322681427002,1.3238130807876587,0.013916501,316.0119629,50542.17969,-0.294021495,0.4648651836553569,0.078139583,0.1046575382351875
493.6,2016,1/1/2016,8,31.30898,-81.415683,0.1817863261430724,0.6219322681427002,1.3238130807876587,0.013916501,332.3839111328125,50542.17969,-0.297963741,0.515807134,0.1287201695383767,-0.249589026
558.368,2017,1/1/2017,8,31.30898,-81.415683,0.2181875418812709,0.6219322681427002,1.3238130807876587,0.013916501,326.7010803222656,50542.17969,-0.293336469,0.5594522151561943,0.057931438,0.000684929
733.952,2014,1/1/2014,8,31.309047,-81.415772,0.1968735311724195,0.480322003,1.1969118118286133,0.013916501,342.20391845703125,50542.17969,-0.257661265,0.4430973132894382,0.074941162,0.1209589019417762
617.92,2016,1/1/2016,8,31.309047,-81.415772,0.1817863261430724,0.480322003,1.1969118118286133,0.013916501,332.3839111328125,50542.17969,-0.297963741,0.515807134,0.1287201695383767,-0.249589026
1.664,2018,1/1/2018,8,31.309047,-81.415772,0.1772407634708597,0.480322003,1.1969118118286133,0.013916501,330.67413330078125,50542.17969,-0.286431541,0.504968273,0.063960249,0.2300000041723251
267.28000000000003,2019,1/1/2019,8,31.309047,-81.415772,0.1687337115170001,0.480322003,1.1969118118286133,0.013916501,320.10968017578125,50542.17969,-0.25823174,0.4749181513585317,0.1026045943612742,-0.130281687
246.72,2020,1/1/2020,8,31.309047,-81.415772,0.1919566191677711,0.480322003,1.1969118118286133,0.013916501,309.3223876953125,50542.17969,-0.274676539,0.4928379142409286,0.064373024,0.1078571379184722
492.544,2021,1/1/2021,8,31.309047,-81.415772,0.1824304093764756,0.480322003,1.1969118118286133,0.013916501,334.4214172363281,50542.17969,-0.276344155,0.4824165085578896,0.072767643,0.2375342398881912
382.592,2022,1/1/2022,8,31.309047,-81.415772,0.1617659788784488,0.480322003,1.1969118118286133,0.013916501,339.8260803222656,50542.17969,-0.23161355,0.4418366993805969,0.090947028,-0.14643836
368.432,2017,1/1/2017,8,31.309047000000003,-81.415772,0.2181875418812709,0.480322003,1.1969118118286133,0.013916501,326.7010803222656,50542.17969,-0.293336469,0.5594522151561943,0.057931438,0.000684929
469.216,2015,1/1/2015,8,31.309052999999995,-81.415765,0.1730956701762608,0.480322003,1.1969118118286133,0.013916501,316.0119629,50542.17969,-0.294021495,0.4648651836553569,0.078139583,0.1046575382351875
661.5360000000001,2005,1/1/2005,8,31.309053,-81.415765,0.1271792406196434,0.480322003,1.1969118118286133,0.013916501,331.9556579589844,50542.17969,-0.296268685,0.31212597,0.094546023,0.3142465651035309
809.312,2008,1/1/2008,8,31.309053,-81.415765,0.1592895740872469,0.480322003,1.1969118118286133,0.013916501,335.3720703,50542.17969,-0.269691868,0.455490427,0.1340861501645231,-0.20863013
121.008,2013,1/1/2013,8,31.309053,-81.415765,0.2307678109638689,0.480322003,1.1969118118286133,0.013916501,336.61053466796875,50542.17969,-0.394688605,0.5834354072564044,0.051487647,0.1190411001443862
1023.402,2008,1/1/2008,7,31.334523999999995,-81.478495,0.144547121,3.0813868045806885,0.7647024393081665,0.5723370429252782,340.56988525390625,50542.17969,-0.614362876,0.5631244034362074,-0.011325537,-0.19027397
974.992,2000,1/1/2000,7,31.334524,-81.478495,0.164687785,3.0813868045806885,0.7647024393081665,0.5723370429252782,347.2490234,50542.17969,-0.636523793,0.4795969539278988,0.031824483,-0.252602726
1045.356,2001,1/1/2001,7,31.334524,-81.478495,0.1398683351997463,3.0813868045806885,0.7647024393081665,0.5723370429252782,351.7588195800781,50542.17969,-0.561273491,0.4665402884338847,-0.00271079,-0.140000001
2202.152,2002,1/1/2002,7,31.334524,-81.478495,0.1981025101878115,3.0813868045806885,0.7647024393081665,0.5723370429252782,313.48858642578125,50542.17969,-0.623060615,0.574888017,0.029490617,0.1787671148777008
1549.572,2004,1/1/2004,7,31.334524,-81.478495,0.2051822169578191,3.0813868045806885,0.7647024393081665,0.5723370429252782,327.1685791015625,50542.17969,-0.692617573,0.6283142389525366,0.038424378,-0.176712319
1181.64,2006,1/1/2006,7,31.334524,-81.478495,0.139409513,3.0813868045806885,0.7647024393081665,0.5723370429252782,354.9269714355469,50542.17969,-0.616071232,0.4146801593265439,0.059704916,-0.329726011
993.056,2007,1/1/2007,7,31.334524,-81.478495,0.2071012169992429,3.0813868045806885,0.7647024393081665,0.5723370429252782,322.55914306640625,50542.17969,-0.67535304,0.58503863,-0.007580305,-0.286712319
893.406,2010,1/1/2010,7,31.334524,-81.478495,0.1508777031325605,3.0813868045806885,0.7647024393081665,0.5723370429252782,351.2618408203125,50542.17969,-0.622968273,0.4505128046081082,0.043241075,-0.523150682
908.836,2011,1/1/2011,7,31.334524,-81.478495,0.1532226,3.0813868045806885,0.7647024393081665,0.5723370429252782,356.5606384277344,50542.17969,-0.659845444,0.503125682,0.048650488,-0.435068488
1317.458,2012,1/1/2012,7,31.334524,-81.478495,0.1590541542193572,3.0813868045806885,0.7647024393081665,0.5723370429252782,332.4996643066406,50542.17969,-0.666198045,0.5490086532183742,0.027215313,-0.317808211
1029.028,2013,1/1/2013,7,31.334524,-81.478495,0.1394383978088866,3.0813868045806885,0.7647024393081665,0.5723370429252782,341.4711914,50542.17969,-0.575663421,0.4828763299384778,0.036515735,0.1305479556322097
1593.376,2014,1/1/2014,7,31.334524,-81.478495,0.1476213248776366,3.0813868045806885,0.7647024393081665,0.5723370429252782,345.9974975585937,50542.17969,-0.568893192,0.4500145041671315,0.030943331,0.1198630109429359
1383.072,2015,1/1/2015,7,31.334524,-81.478495,0.1737583268270465,3.0813868045806885,0.7647024393081665,0.5723370429252782,319.2455444335937,50542.17969,-0.573775908,0.4898406095987296,-0.000626459,0.1054794564843177
1025.602,2016,1/1/2016,7,31.334524,-81.478495,0.1559790212719612,3.0813868045806885,0.7647024393081665,0.5723370429252782,336.3158569335937,50542.17969,-0.652824062,0.5318372386134075,0.021024465,-0.150684938
1353.58,2017,1/1/2017,7,31.334524,-81.478495,0.1486802188841312,3.0813868045806885,0.7647024393081665,0.5723370429252782,331.6062927246094,50542.17969,-0.576754455,0.5260678985289211,0.021212375,0.006164382
1274.418,2018,1/1/2018,7,31.334524,-81.478495,0.1009751772310171,3.0813868045806885,0.7647024393081665,0.5723370429252782,338.5253295898437,50542.17969,-0.620586778,0.5233923782182267,0.032331946,0.2682191729545593
1059.76,2019,1/1/2019,7,31.334524,-81.478495,0.1345583591770026,3.0813868045806885,0.7647024393081665,0.5723370429252782,326.3103332519531,50542.17969,-0.630232003,0.4973336043045959,-0.01812038,-0.114507034
824.2860000000001,2020,1/1/2020,7,31.334524,-81.478495,0.1092333121385256,3.0813868045806885,0.7647024393081665,0.5723370429252782,311.8061828613281,50542.17969,-0.585400871,0.4669448847404017,-0.020054172,0.1620000004768371
1199.844,2021,1/1/2021,7,31.334524,-81.478495,0.1155044385374972,3.0813868045806885,0.7647024393081665,0.5723370429252782,335.5980529785156,50542.17969,-0.561191178,0.4999450207088673,0.007372869,0.1898630112409591
815.652,2022,1/1/2022,7,31.334524,-81.478495,0.1593785169591179,3.0813868045806885,0.7647024393081665,0.5723370429252782,343.16131591796875,50542.17969,-0.526116032,0.4111947875511415,0.01488261,-0.085068494
752.008,2006,1/1/2006,7,31.334596999999995,-81.478039,0.2199866814874357,0.8267990350723267,1.277348279953003,0.017241379,354.9269714355469,50542.17969,-0.620797845,0.5927278904995157,0.058603312,-0.329726011
1429.736,2016,1/1/2016,7,31.334596999999995,-81.478039,0.332131521,0.8267990350723267,1.277348279953003,0.017241379,336.3158569335937,50542.17969,-0.629847404,0.6885950335103052,0.044532267,-0.150684938
2059.572,2000,1/1/2000,7,31.334597,-81.478039,0.2102877229970121,0.8267990350723267,1.277348279953003,0.017241379,347.2490234,50542.17969,-0.574033627,0.5587569473610711,0.040451091,-0.252602726
1404.524,2001,1/1/2001,7,31.334597,-81.478039,0.2167025715487817,0.8267990350723267,1.277348279953003,0.017241379,351.7588195800781,50542.17969,-0.595564953,0.5810467019912535,0.042166957,-0.140000001
2530.032,2002,1/1/2002,7,31.334597,-81.478039,0.2658177528244435,0.8267990350723267,1.277348279953003,0.017241379,313.48858642578125,50542.17969,-0.60006397,0.6063871851355191,0.025616794,0.1787671148777008
1693.11,2004,1/1/2004,7,31.334597,-81.478039,0.2325500098424529,0.8267990350723267,1.277348279953003,0.017241379,327.1685791015625,50542.17969,-0.628048564,0.6901314694624737,0.073226888,-0.176712319
1612.206,2005,1/1/2005,7,31.334597,-81.478039,0.2497808416634714,0.8267990350723267,1.277348279953003,0.017241379,335.3973999023437,50542.17969,-0.615699989,0.6351296373534903,0.063820412,0.3176712393760681
1651.014,2007,1/1/2007,7,31.334597,-81.478039,0.2735944360907269,0.8267990350723267,1.277348279953003,0.017241379,322.55914306640625,50542.17969,-0.672359636,0.6910016878159182,-0.041270518,-0.286712319
1341.464,2008,1/1/2008,7,31.334597,-81.478039,0.2221844266060171,0.8267990350723267,1.277348279953003,0.017241379,340.56988525390625,50542.17969,-0.603366537,0.6342103183421258,0.044018293,-0.19027397
1865.478,2009,1/1/2009,7,31.334597,-81.478039,0.2192667439650476,0.8267990350723267,1.277348279953003,0.017241379,331.1366271972656,50542.17969,-0.618728638,0.6017958918569618,0.031205674,0.1295890212059021
1905.284,2010,1/1/2010,7,31.334597,-81.478039,0.2261830548746856,0.8267990350723267,1.277348279953003,0.017241379,351.2618408203125,50542.17969,-0.573712225,0.6000684043472525,0.048518178,-0.523150682
1045.924,2011,1/1/2011,7,31.334597,-81.478039,0.2175098466597835,0.8267990350723267,1.277348279953003,0.017241379,356.5606384277344,50542.17969,-0.605775785,0.596706134,0.057726332,-0.435068488
1438.374,2012,1/1/2012,7,31.334597,-81.478039,0.2563325760735031,0.8267990350723267,1.277348279953003,0.017241379,332.4996643066406,50542.17969,-0.653267325,0.6197071877696428,0.03506657,-0.317808211
1029.076,2013,1/1/2013,7,31.334597,-81.478039,0.2352805156516461,0.8267990350723267,1.277348279953003,0.017241379,341.4711914,50542.17969,-0.579735612,0.6493290205900139,0.046866679,0.1305479556322097
1394.89,2014,1/1/2014,7,31.334597,-81.478039,0.2590773162982678,0.8267990350723267,1.277348279953003,0.017241379,345.9974975585937,50542.17969,-0.595670433,0.6561335106249042,0.022008358,0.1198630109429359
2708.21,2015,1/1/2015,7,31.334597,-81.478039,0.2507787219223709,0.8267990350723267,1.277348279953003,0.017241379,319.2455444335937,50542.17969,-0.560291686,0.5890252749759692,0.024794173,0.1054794564843177
2554.792,2017,1/1/2017,7,31.334597,-81.478039,0.2994323137471851,0.8267990350723267,1.277348279953003,0.017241379,331.6062927246094,50542.17969,-0.557631363,0.6754650949045273,0.044996555,0.006164382
3955.748,2018,1/1/2018,7,31.334597,-81.478039,0.2633895103125594,0.8267990350723267,1.277348279953003,0.017241379,338.5253295898437,50542.17969,-0.616308843,0.7010408391007689,0.008514466,0.2682191729545593
2365.62,2019,1/1/2019,7,31.334597,-81.478039,0.2994697872292369,0.8267990350723267,1.277348279953003,0.017241379,326.3103332519531,50542.17969,-0.608729343,0.6516998833266178,0.046890307,-0.114507034
3229.496,2020,1/1/2020,7,31.334597,-81.478039,0.2933072197683524,0.8267990350723267,1.277348279953003,0.017241379,311.8061828613281,50542.17969,-0.595233257,0.6749415393202678,0.052249823,0.1620000004768371
1697.194,2021,1/1/2021,7,31.334597,-81.478039,0.2079967734490841,0.8267990350723267,1.277348279953003,0.017241379,335.5980529785156,50542.17969,-0.550649185,0.5938165284470203,0.027155043,0.1898630112409591
874.008,2022,1/1/2022,7,31.334597,-81.478039,0.2653194206450559,0.8267990350723267,1.277348279953003,0.017241379,343.16131591796875,50542.17969,-0.60986509,0.6413318659855274,0.008914334,-0.085068494
802.928,2001,1/1/2001,7,31.334598,-81.47851,0.1398683351997463,1.857923030853272,0.004981846,0.5723370429252782,351.7588195800781,50542.17969,-0.561273491,0.4665402884338847,-0.00271079,-0.140000001
1564.732,2002,1/1/2002,7,31.334598,-81.47851,0.1981025101878115,1.857923030853272,0.004981846,0.5723370429252782,313.48858642578125,50542.17969,-0.623060615,0.574888017,0.029490617,0.1787671148777008
841.13,2004,1/1/2004,7,31.334598,-81.47851,0.2051822169578191,1.857923030853272,0.004981846,0.5723370429252782,327.1685791015625,50542.17969,-0.692617573,0.6283142389525366,0.038424378,-0.176712319
492.68,2006,1/1/2006,7,31.334598,-81.47851,0.139409513,1.857923030853272,0.004981846,0.5723370429252782,354.9269714355469,50542.17969,-0.616071232,0.4146801593265439,0.059704916,-0.329726011
725.562,2007,1/1/2007,7,31.334598,-81.47851,0.2071012169992429,1.857923030853272,0.004981846,0.5723370429252782,322.55914306640625,50542.17969,-0.67535304,0.58503863,-0.007580305,-0.286712319
471.036,2010,1/1/2010,7,31.334598,-81.47851,0.1508777031325605,1.857923030853272,0.004981846,0.5723370429252782,351.2618408203125,50542.17969,-0.622968273,0.4505128046081082,0.043241075,-0.523150682
495.602,2011,1/1/2011,7,31.334598,-81.47851,0.1532226,1.857923030853272,0.004981846,0.5723370429252782,356.5606384277344,50542.17969,-0.659845444,0.503125682,0.048650488,-0.435068488
1033.052,2012,1/1/2012,7,31.334598,-81.47851,0.1590541542193572,1.857923030853272,0.004981846,0.5723370429252782,332.4996643066406,50542.17969,-0.666198045,0.5490086532183742,0.027215313,-0.317808211
648.474,2013,1/1/2013,7,31.334598,-81.47851,0.1394383978088866,1.857923030853272,0.004981846,0.5723370429252782,341.4711914,50542.17969,-0.575663421,0.4828763299384778,0.036515735,0.1305479556322097
1089.688,2014,1/1/2014,7,31.334598,-81.47851,0.1476213248776366,1.857923030853272,0.004981846,0.5723370429252782,345.9974975585937,50542.17969,-0.568893192,0.4500145041671315,0.030943331,0.1198630109429359
390.63,2015,1/1/2015,7,31.334598,-81.47851,0.1737583268270465,1.857923030853272,0.004981846,0.5723370429252782,319.2455444335937,50542.17969,-0.573775908,0.4898406095987296,-0.000626459,0.1054794564843177
348.744,2016,1/1/2016,7,31.334598,-81.47851,0.1559790212719612,1.857923030853272,0.004981846,0.5723370429252782,336.3158569335937,50542.17969,-0.652824062,0.5318372386134075,0.021024465,-0.150684938
476.656,2017,1/1/2017,7,31.334598,-81.47851,0.1486802188841312,1.857923030853272,0.004981846,0.5723370429252782,331.6062927246094,50542.17969,-0.576754455,0.5260678985289211,0.021212375,0.006164382
244.162,2018,1/1/2018,7,31.334598,-81.47851,0.1009751772310171,1.857923030853272,0.004981846,0.5723370429252782,338.5253295898437,50542.17969,-0.620586778,0.5233923782182267,0.032331946,0.2682191729545593
836.142,2020,1/1/2020,7,31.334598,-81.47851,0.1092333121385256,1.857923030853272,0.004981846,0.5723370429252782,311.8061828613281,50542.17969,-0.585400871,0.4669448847404017,-0.020054172,0.1620000004768371
394.936,2021,1/1/2021,7,31.334598,-81.47851,0.1155044385374972,1.857923030853272,0.004981846,0.5723370429252782,335.5980529785156,50542.17969,-0.561191178,0.4999450207088673,0.007372869,0.1898630112409591
538.236,2022,1/1/2022,7,31.334598,-81.47851,0.1593785169591179,1.857923030853272,0.004981846,0.5723370429252782,343.16131591796875,50542.17969,-0.526116032,0.4111947875511415,0.01488261,-0.085068494
893.676,2000,1/1/2000,7,31.334598000000003,-81.47851,0.164687785,1.857923030853272,0.004981846,0.5723370429252782,347.2490234,50542.17969,-0.636523793,0.4795969539278988,0.031824483,-0.252602726
679.47,2008,1/1/2008,7,31.334598000000003,-81.47851,0.144547121,1.857923030853272,0.004981846,0.5723370429252782,340.56988525390625,50542.17969,-0.614362876,0.5631244034362074,-0.011325537,-0.19027397
466.938,2019,1/1/2019,7,31.334598000000003,-81.47851,0.1345583591770026,1.857923030853272,0.004981846,0.5723370429252782,326.3103332519531,50542.17969,-0.630232003,0.4973336043045959,-0.01812038,-0.114507034
1620.698,2015,1/1/2015,7,31.334599999999995,-81.478147,0.3214330027170128,1.0893197059631348,1.152204513549805,0.014950166,319.2455444335937,50542.17969,-0.563142742,0.670513807,0.017983651,0.1054794564843177
1577.894,2017,1/1/2017,7,31.334599999999995,-81.478147,0.3146004905338798,1.0893197059631348,1.152204513549805,0.014950166,331.6062927246094,50542.17969,-0.529506465,0.6704356613827621,0.026754773,0.006164382
3030.368,2018,1/1/2018,7,31.334599999999995,-81.478147,0.2719226982243207,1.0893197059631348,1.152204513549805,0.014950166,338.5253295898437,50542.17969,-0.590465193,0.6961165634474775,0.004763404,0.2682191729545593
1291.824,2000,1/1/2000,7,31.3346,-81.478147,0.2325767083506861,1.0893197059631348,1.152204513549805,0.014950166,347.2490234,50542.17969,-0.599972039,0.5828682561325811,0.017488076,-0.252602726
913.69,2001,1/1/2001,7,31.3346,-81.478147,0.2562645628715368,1.0893197059631348,1.152204513549805,0.014950166,351.7588195800781,50542.17969,-0.599355467,0.6329222515115548,0.006055416,-0.140000001
2193.248,2002,1/1/2002,7,31.3346,-81.478147,0.3224937028068922,1.0893197059631348,1.152204513549805,0.014950166,313.48858642578125,50542.17969,-0.604440763,0.6640713623927494,0.022681536,0.1787671148777008
1675.202,2004,1/1/2004,7,31.3346,-81.478147,0.2675876743931159,1.0893197059631348,1.152204513549805,0.014950166,327.1685791015625,50542.17969,-0.670432426,0.72443392,-0.0442988,-0.176712319
1202.864,2005,1/1/2005,7,31.3346,-81.478147,0.2497808416634714,1.0893197059631348,1.152204513549805,0.014950166,335.3973999023437,50542.17969,-0.599537571,0.6652201220004853,0.027037247,0.3176712393760681
662.99,2006,1/1/2006,7,31.3346,-81.478147,0.2452806172600091,1.0893197059631348,1.152204513549805,0.014950166,354.9269714355469,50542.17969,-0.61422575,0.6240681912354029,0.092288882,-0.329726011
1700.834,2007,1/1/2007,7,31.3346,-81.478147,0.2772629235550736,1.0893197059631348,1.152204513549805,0.014950166,322.55914306640625,50542.17969,-0.653366626,0.6910537866728643,-0.050161398,-0.286712319
834.064,2008,1/1/2008,7,31.3346,-81.478147,0.223411332,1.0893197059631348,1.152204513549805,0.014950166,340.56988525390625,50542.17969,-0.600857334,0.6362729786045586,0.02536126,-0.19027397
1281.944,2009,1/1/2009,7,31.3346,-81.478147,0.2227706336734471,1.0893197059631348,1.152204513549805,0.014950166,331.1366271972656,50542.17969,-0.632605292,0.6283438177304602,0.031205674,0.1295890212059021
1036.342,2010,1/1/2010,7,31.3346,-81.478147,0.2489604820617678,1.0893197059631348,1.152204513549805,0.014950166,351.2618408203125,50542.17969,-0.595171841,0.6396443013728411,0.027658197,-0.523150682
600.582,2011,1/1/2011,7,31.3346,-81.478147,0.2494251379991859,1.0893197059631348,1.152204513549805,0.014950166,356.5606384277344,50542.17969,-0.639736429,0.6278760141483213,0.045176059,-0.435068488
881.476,2012,1/1/2012,7,31.3346,-81.478147,0.2579826015602042,1.0893197059631348,1.152204513549805,0.014950166,332.4996643066406,50542.17969,-0.63014535,0.6749276928545412,0.02026897,-0.317808211
571.254,2013,1/1/2013,7,31.3346,-81.478147,0.2741889580068996,1.0893197059631348,1.152204513549805,0.014950166,341.4711914,50542.17969,-0.559507848,0.6538985214010359,0.034228035,0.1305479556322097
1310.932,2014,1/1/2014,7,31.3346,-81.478147,0.285563942,1.0893197059631348,1.152204513549805,0.014950166,345.9974975585937,50542.17969,-0.576551163,0.6746822622539801,-0.00256243,0.1198630109429359
1399.526,2016,1/1/2016,7,31.3346,-81.478147,0.3811660736513951,1.0893197059631348,1.152204513549805,0.014950166,336.3158569335937,50542.17969,-0.637524765,0.7093786790813686,0.018085306,-0.150684938
1327.426,2019,1/1/2019,7,31.3346,-81.478147,0.341196508,1.0893197059631348,1.152204513549805,0.014950166,326.3103332519531,50542.17969,-0.6352915,0.6611907548572926,0.022561667,-0.114507034
1903.712,2020,1/1/2020,7,31.3346,-81.478147,0.2859136720997973,1.0893197059631348,1.152204513549805,0.014950166,311.8061828613281,50542.17969,-0.588968922,0.6608482765688627,0.033089536,0.1620000004768371
1822.564,2021,1/1/2021,7,31.3346,-81.478147,0.244061871,1.0893197059631348,1.152204513549805,0.014950166,335.5980529785156,50542.17969,-0.538431563,0.6246037240456476,0.039512354,0.1898630112409591
1278.444,2022,1/1/2022,7,31.3346,-81.478147,0.2870902462384528,1.0893197059631348,1.152204513549805,0.014950166,343.16131591796875,50542.17969,-0.600268751,0.6431442102693009,0.035251602,-0.085068494
825.784,2014,1/1/2014,7,31.334648999999995,-81.478284,0.4039466881354694,0.6773534417152405,1.001738191,0.00872093,345.9974975585937,50542.17969,-0.560616856,0.736295676,0.027406109,0.1198630109429359
1268.548,2015,1/1/2015,7,31.334648999999995,-81.478284,0.3793128173705585,0.6773534417152405,1.001738191,0.00872093,319.2455444335937,50542.17969,-0.54166188,0.6715737389846457,-0.026661819,0.1054794564843177
1191.342,2020,1/1/2020,7,31.334648999999995,-81.478284,0.3328473875686635,0.6773534417152405,1.001738191,0.00872093,311.8061828613281,50542.17969,-0.518811911,0.6986338260739082,0.020753108,0.1620000004768371
1003.424,2004,1/1/2004,7,31.334649,-81.478284,0.3120258065971864,0.6773534417152405,1.001738191,0.00872093,327.1685791015625,50542.17969,-0.667323199,0.7506494513590017,-0.073309557,-0.176712319
1171.602,2009,1/1/2009,7,31.334649,-81.478284,0.2225611817534591,0.6773534417152405,1.001738191,0.00872093,331.1366271972656,50542.17969,-0.580875942,0.6547358567834785,-0.058275356,0.1295890212059021
549.144,2011,1/1/2011,7,31.334649,-81.478284,0.1741928839429047,0.6773534417152405,1.001738191,0.00872093,356.5606384277344,50542.17969,-0.673504677,0.7634586715255935,-0.297589769,-0.435068488
1149.362,2013,1/1/2013,7,31.334649,-81.478284,0.3454471808757151,0.6773534417152405,1.001738191,0.00872093,341.4711914,50542.17969,-0.518498453,0.6954591644130266,0.012640911,0.1305479556322097
557.086,2016,1/1/2016,7,31.334649,-81.478284,0.4476350921111524,0.6773534417152405,1.001738191,0.00872093,336.3158569335937,50542.17969,-0.606204284,0.7717765228387642,0.005414274,-0.150684938
1095.076,2017,1/1/2017,7,31.334649,-81.478284,0.3251297453064008,0.6773534417152405,1.001738191,0.00872093,331.6062927246094,50542.17969,-0.506663835,0.7065108337306878,0.031287557,0.006164382
1545.916,2018,1/1/2018,7,31.334649,-81.478284,0.3084926545999815,0.6773534417152405,1.001738191,0.00872093,338.5253295898437,50542.17969,-0.553329368,0.7401427293853768,0.019202624,0.2682191729545593
823.908,2019,1/1/2019,7,31.334649,-81.478284,0.3364608911736476,0.6773534417152405,1.001738191,0.00872093,326.3103332519531,50542.17969,-0.574352153,0.7032611974540556,0.003126421,-0.114507034
697.628,2021,1/1/2021,7,31.334649,-81.478284,0.3252785754645885,0.6773534417152405,1.001738191,0.00872093,335.5980529785156,50542.17969,-0.468879154,0.6444612800860299,0.028842552,0.1898630112409591
522.946,2022,1/1/2022,7,31.334649,-81.478284,0.3773351930367795,0.6773534417152405,1.001738191,0.00872093,343.16131591796875,50542.17969,-0.551255706,0.6859096182681521,0.023589044,-0.085068494
961.73,2000,1/1/2000,7,31.334682,-81.478564,0.2091780449558841,3.6576669216156006,0.101274237,0.010638298,347.2490234,50542.17969,-0.558307195,0.5192821415582006,0.022645873,-0.252602726
744.054,2001,1/1/2001,7,31.334682,-81.478564,0.2121913874404158,3.6576669216156006,0.101274237,0.010638298,351.7588195800781,50542.17969,-0.573849147,0.5621833500008593,0.038481109,-0.140000001
1525.328,2002,1/1/2002,7,31.334682,-81.478564,0.2537805381938382,3.6576669216156006,0.101274237,0.010638298,313.48858642578125,50542.17969,-0.609375654,0.5903177883576204,-0.009502653,0.1787671148777008
1470.896,2005,1/1/2005,7,31.334682,-81.478564,0.250020857,3.6576669216156006,0.101274237,0.010638298,335.3973999023437,50542.17969,-0.633788124,0.6338944019392849,0.012459477,0.3176712393760681
1059.05,2006,1/1/2006,7,31.334682,-81.478564,0.2219256851874654,3.6576669216156006,0.101274237,0.010638298,354.9269714355469,50542.17969,-0.590257792,0.5732473235383981,0.006336882,-0.329726011
918.296,2007,1/1/2007,7,31.334682,-81.478564,0.2621395659153931,3.6576669216156006,0.101274237,0.010638298,322.55914306640625,50542.17969,-0.621761249,0.6693043435665386,-0.022154796,-0.286712319
1170.918,2008,1/1/2008,7,31.334682,-81.478564,0.2070897593676996,3.6576669216156006,0.101274237,0.010638298,340.56988525390625,50542.17969,-0.590923082,0.5692685914016222,0.031182147,-0.19027397
1779.566,2009,1/1/2009,7,31.334682,-81.478564,0.2228340923417339,3.6576669216156006,0.101274237,0.010638298,331.1366271972656,50542.17969,-0.574645313,0.5270768002974261,0.042820069,0.1295890212059021
999.316,2010,1/1/2010,7,31.334682,-81.478564,0.2462330686348112,3.6576669216156006,0.101274237,0.010638298,351.2618408203125,50542.17969,-0.615352256,0.5727704211205967,0.102414897,-0.523150682
1474.53,2011,1/1/2011,7,31.334682,-81.478564,0.2442120842876191,3.6576669216156006,0.101274237,0.010638298,356.5606384277344,50542.17969,-0.62829608,0.5876048085701838,0.1033618709542701,-0.435068488
815.9540000000001,2012,1/1/2012,7,31.334682,-81.478564,0.2395716736131541,3.6576669216156006,0.101274237,0.010638298,332.4996643066406,50542.17969,-0.644633332,0.6617384940875178,0.005968189,-0.317808211
1485.618,2013,1/1/2013,7,31.334682,-81.478564,0.2414601027929809,3.6576669216156006,0.101274237,0.010638298,341.4711914,50542.17969,-0.544757244,0.6114243591958032,0.029165701,0.1305479556322097
2052.676,2014,1/1/2014,7,31.334682,-81.478564,0.2484524808505865,3.6576669216156006,0.101274237,0.010638298,345.9974975585937,50542.17969,-0.571959984,0.6200309483353967,0.006945598,0.1198630109429359
1606.064,2015,1/1/2015,7,31.334682,-81.478564,0.2912753330501794,3.6576669216156006,0.101274237,0.010638298,319.2455444335937,50542.17969,-0.570312947,0.5813965941951373,0.009288208,0.1054794564843177
1556.47,2016,1/1/2016,7,31.334682,-81.478564,0.3372360631500914,3.6576669216156006,0.101274237,0.010638298,336.3158569335937,50542.17969,-0.601973473,0.6645652719876355,0.03405967,-0.150684938
1556.47,2016,1/1/2016,7,31.334682,-81.478564,0.3372360631500914,3.6576669216156006,0.101274237,0.010638298,336.3158569335937,50542.17969,-0.601973473,0.6645652719876355,0.03405967,-0.150684938
1556.47,2016,1/1/2016,7,31.334682,-81.478564,0.3372360631500914,3.6576669216156006,0.101274237,0.010638298,336.3158569335937,50542.17969,-0.601973473,0.6645652719876355,0.03405967,-0.150684938
1556.47,2016,1/1/2016,7,31.334682,-81.478564,0.3372360631500914,3.6576669216156006,0.101274237,0.010638298,336.3158569335937,50542.17969,-0.601973473,0.6645652719876355,0.03405967,-0.150684938
1833.036,2016,1/1/2016,7,31.334682,-81.478564,0.3372360631500914,3.6576669216156006,0.101274237,0.010638298,336.3158569335937,50542.17969,-0.601973473,0.6645652719876355,0.03405967,-0.150684938
1833.036,2016,1/1/2016,7,31.334682,-81.478564,0.3372360631500914,3.6576669216156006,0.101274237,0.010638298,336.3158569335937,50542.17969,-0.601973473,0.6645652719876355,0.03405967,-0.150684938
1833.036,2016,1/1/2016,7,31.334682,-81.478564,0.3372360631500914,3.6576669216156006,0.101274237,0.010638298,336.3158569335937,50542.17969,-0.601973473,0.6645652719876355,0.03405967,-0.150684938
1833.036,2016,1/1/2016,7,31.334682,-81.478564,0.3372360631500914,3.6576669216156006,0.101274237,0.010638298,336.3158569335937,50542.17969,-0.601973473,0.6645652719876355,0.03405967,-0.150684938
2111.394,2017,1/1/2017,7,31.334682,-81.478564,0.2359288803337362,3.6576669216156006,0.101274237,0.010638298,331.6062927246094,50542.17969,-0.509703903,0.6104545098188431,0.025399586,0.006164382
2122.052,2018,1/1/2018,7,31.334682,-81.478564,0.2020737047146976,3.6576669216156006,0.101274237,0.010638298,338.5253295898437,50542.17969,-0.572766746,0.6612309957406425,0.002511676,0.2682191729545593
2178.73,2020,1/1/2020,7,31.334682,-81.478564,0.2213864356313734,3.6576669216156006,0.101274237,0.010638298,311.8061828613281,50542.17969,-0.552450818,0.5863548973448112,0.043208351,0.1620000004768371
2815.67,2021,1/1/2021,7,31.334682,-81.478564,0.1983225416291842,3.6576669216156006,0.101274237,0.010638298,335.5980529785156,50542.17969,-0.507039767,0.5006841828897697,0.086446792,0.1898630112409591
2025.054,2022,1/1/2022,7,31.334682,-81.478564,0.2742338896534975,3.6576669216156006,0.101274237,0.010638298,343.16131591796875,50542.17969,-0.575260025,0.5812072458876714,0.029289004,-0.085068494
1675.004,2004,1/1/2004,7,31.334682000000004,-81.478564,0.2858198686684287,3.6576669216156006,0.101274237,0.010638298,327.1685791015625,50542.17969,-0.628358933,0.7343113856521126,-0.004852453,-0.176712319
2511.936,2019,1/1/2019,7,31.334682000000004,-81.478564,0.2635171662565054,3.6576669216156006,0.101274237,0.010638298,326.3103332519531,50542.17969,-0.607411064,0.5902826469614003,0.015802851,-0.114507034
1189.008,2009,1/1/2009,7,31.334715,-81.478404,0.2225611817534591,3.0003294944763184,0.7764274477958679,0.00872093,331.1366271972656,50542.17969,-0.580875942,0.6547358567834785,-0.058275356,0.1295890212059021
745.942,2011,1/1/2011,7,31.334715,-81.478404,0.1741928839429047,3.0003294944763184,0.7764274477958679,0.00872093,356.5606384277344,50542.17969,-0.673504677,0.7634586715255935,-0.297589769,-0.435068488
754.0699999999999,2013,1/1/2013,7,31.334715,-81.478404,0.3454471808757151,3.0003294944763184,0.7764274477958679,0.00872093,341.4711914,50542.17969,-0.518498453,0.6954591644130266,0.012640911,0.1305479556322097
974.304,2014,1/1/2014,7,31.334715,-81.478404,0.4039466881354694,3.0003294944763184,0.7764274477958679,0.00872093,345.9974975585937,50542.17969,-0.560616856,0.736295676,0.027406109,0.1198630109429359
979.078,2015,1/1/2015,7,31.334715,-81.478404,0.3793128173705585,3.0003294944763184,0.7764274477958679,0.00872093,319.2455444335937,50542.17969,-0.54166188,0.6715737389846457,-0.026661819,0.1054794564843177
946.434,2016,1/1/2016,7,31.334715,-81.478404,0.4476350921111524,3.0003294944763184,0.7764274477958679,0.00872093,336.3158569335937,50542.17969,-0.606204284,0.7717765228387642,0.005414274,-0.150684938
951.194,2017,1/1/2017,7,31.334715,-81.478404,0.3251297453064008,3.0003294944763184,0.7764274477958679,0.00872093,331.6062927246094,50542.17969,-0.506663835,0.7065108337306878,0.031287557,0.006164382
905.136,2018,1/1/2018,7,31.334715,-81.478404,0.3084926545999815,3.0003294944763184,0.7764274477958679,0.00872093,338.5253295898437,50542.17969,-0.553329368,0.7401427293853768,0.019202624,0.2682191729545593
724.58,2019,1/1/2019,7,31.334715,-81.478404,0.3364608911736476,3.0003294944763184,0.7764274477958679,0.00872093,326.3103332519531,50542.17969,-0.574352153,0.7032611974540556,0.003126421,-0.114507034
1164.558,2020,1/1/2020,7,31.334715,-81.478404,0.3328473875686635,3.0003294944763184,0.7764274477958679,0.00872093,311.8061828613281,50542.17969,-0.518811911,0.6986338260739082,0.020753108,0.1620000004768371
814.422,2021,1/1/2021,7,31.334715,-81.478404,0.3252785754645885,3.0003294944763184,0.7764274477958679,0.00872093,335.5980529785156,50542.17969,-0.468879154,0.6444612800860299,0.028842552,0.1898630112409591
1022.074,2022,1/1/2022,7,31.334715,-81.478404,0.3773351930367795,3.0003294944763184,0.7764274477958679,0.00872093,343.16131591796875,50542.17969,-0.551255706,0.6859096182681521,0.023589044,-0.085068494
689.694,2004,1/1/2004,7,31.334715,-81.478404,0.3120258065971864,3.0003294944763184,0.7764274477958679,0.00872093,327.1685791015625,50542.17969,-0.667323199,0.7506494513590017,-0.073309557,-0.176712319
4795.448,2002,1/1/2002,7,31.334745,-81.478642,0.2537805381938382,4.134369850158691,0.2636939585208893,0.010638298,313.48858642578125,50542.17969,-0.609375654,0.5903177883576204,-0.009502653,0.1787671148777008
2565.734,2007,1/1/2007,7,31.334745,-81.478642,0.2621395659153931,4.134369850158691,0.2636939585208893,0.010638298,322.55914306640625,50542.17969,-0.621761249,0.6693043435665386,-0.022154796,-0.286712319
1720.692,2017,1/1/2017,7,31.334745,-81.478642,0.2359288803337362,4.134369850158691,0.2636939585208893,0.010638298,331.6062927246094,50542.17969,-0.509703903,0.6104545098188431,0.025399586,0.006164382
1656.628,2000,1/1/2000,7,31.334745,-81.478642,0.2091780449558841,4.134369850158691,0.2636939585208893,0.010638298,347.2490234,50542.17969,-0.558307195,0.5192821415582006,0.022645873,-0.252602726
1975.986,2001,1/1/2001,7,31.334745,-81.478642,0.2121913874404158,4.134369850158691,0.2636939585208893,0.010638298,351.7588195800781,50542.17969,-0.573849147,0.5621833500008593,0.038481109,-0.140000001
2327.834,2004,1/1/2004,7,31.334745,-81.478642,0.2858198686684287,4.134369850158691,0.2636939585208893,0.010638298,327.1685791015625,50542.17969,-0.628358933,0.7343113856521126,-0.004852453,-0.176712319
3909.596,2005,1/1/2005,7,31.334745,-81.478642,0.250020857,4.134369850158691,0.2636939585208893,0.010638298,335.3973999023437,50542.17969,-0.633788124,0.6338944019392849,0.012459477,0.3176712393760681
1829.97,2006,1/1/2006,7,31.334745,-81.478642,0.2219256851874654,4.134369850158691,0.2636939585208893,0.010638298,354.9269714355469,50542.17969,-0.590257792,0.5732473235383981,0.006336882,-0.329726011
2122.6,2008,1/1/2008,7,31.334745,-81.478642,0.2070897593676996,4.134369850158691,0.2636939585208893,0.010638298,340.56988525390625,50542.17969,-0.590923082,0.5692685914016222,0.031182147,-0.19027397
4311.088,2009,1/1/2009,7,31.334745,-81.478642,0.2228340923417339,4.134369850158691,0.2636939585208893,0.010638298,331.1366271972656,50542.17969,-0.574645313,0.5270768002974261,0.042820069,0.1295890212059021
1209.45,2011,1/1/2011,7,31.334745,-81.478642,0.2442120842876191,4.134369850158691,0.2636939585208893,0.010638298,356.5606384277344,50542.17969,-0.62829608,0.5876048085701838,0.1033618709542701,-0.435068488
2301.588,2012,1/1/2012,7,31.334745,-81.478642,0.2395716736131541,4.134369850158691,0.2636939585208893,0.010638298,332.4996643066406,50542.17969,-0.644633332,0.6617384940875178,0.005968189,-0.317808211
2920.632,2013,1/1/2013,7,31.334745,-81.478642,0.2414601027929809,4.134369850158691,0.2636939585208893,0.010638298,341.4711914,50542.17969,-0.544757244,0.6114243591958032,0.029165701,0.1305479556322097
4128.362,2014,1/1/2014,7,31.334745,-81.478642,0.2484524808505865,4.134369850158691,0.2636939585208893,0.010638298,345.9974975585937,50542.17969,-0.571959984,0.6200309483353967,0.006945598,0.1198630109429359
2330.324,2015,1/1/2015,7,31.334745,-81.478642,0.2912753330501794,4.134369850158691,0.2636939585208893,0.010638298,319.2455444335937,50542.17969,-0.570312947,0.5813965941951373,0.009288208,0.1054794564843177
1788.264,2016,1/1/2016,7,31.334745,-81.478642,0.3372360631500914,4.134369850158691,0.2636939585208893,0.010638298,336.3158569335937,50542.17969,-0.601973473,0.6645652719876355,0.03405967,-0.150684938
1785.004,2018,1/1/2018,7,31.334745,-81.478642,0.2020737047146976,4.134369850158691,0.2636939585208893,0.010638298,338.5253295898437,50542.17969,-0.572766746,0.6612309957406425,0.002511676,0.2682191729545593
1716.68,2019,1/1/2019,7,31.334745,-81.478642,0.2635171662565054,4.134369850158691,0.2636939585208893,0.010638298,326.3103332519531,50542.17969,-0.607411064,0.5902826469614003,0.015802851,-0.114507034
2042.678,2020,1/1/2020,7,31.334745,-81.478642,0.2213864356313734,4.134369850158691,0.2636939585208893,0.010638298,311.8061828613281,50542.17969,-0.552450818,0.5863548973448112,0.043208351,0.1620000004768371
2406.166,2021,1/1/2021,7,31.334745,-81.478642,0.1983225416291842,4.134369850158691,0.2636939585208893,0.010638298,335.5980529785156,50542.17969,-0.507039767,0.5006841828897697,0.086446792,0.1898630112409591
1917.964,2022,1/1/2022,7,31.334745,-81.478642,0.2742338896534975,4.134369850158691,0.2636939585208893,0.010638298,343.16131591796875,50542.17969,-0.575260025,0.5812072458876714,0.029289004,-0.085068494
1228.152,2010,1/1/2010,7,31.334745000000005,-81.478642,0.2462330686348112,4.134369850158691,0.2636939585208893,0.010638298,351.2618408203125,50542.17969,-0.615352256,0.5727704211205967,0.102414897,-0.523150682
520.956,2000,1/1/2000,7,31.334841,-81.478483,0.2091780449558841,0.4586234986782074,0.8994078040122986,0.010638298,347.2490234,50542.17969,-0.558307195,0.5192821415582006,0.022645873,-0.252602726
485.344,2001,1/1/2001,7,31.334841,-81.478483,0.2121913874404158,0.4586234986782074,0.8994078040122986,0.010638298,351.7588195800781,50542.17969,-0.573849147,0.5621833500008593,0.038481109,-0.140000001
979.072,2002,1/1/2002,7,31.334841,-81.478483,0.2537805381938382,0.4586234986782074,0.8994078040122986,0.010638298,313.48858642578125,50542.17969,-0.609375654,0.5903177883576204,-0.009502653,0.1787671148777008
1053.37,2004,1/1/2004,7,31.334841,-81.478483,0.2858198686684287,0.4586234986782074,0.8994078040122986,0.010638298,327.1685791015625,50542.17969,-0.628358933,0.7343113856521126,-0.004852453,-0.176712319
1305.126,2005,1/1/2005,7,31.334841,-81.478483,0.250020857,0.4586234986782074,0.8994078040122986,0.010638298,335.3973999023437,50542.17969,-0.633788124,0.6338944019392849,0.012459477,0.3176712393760681
572.6600000000001,2008,1/1/2008,7,31.334841,-81.478483,0.2070897593676996,0.4586234986782074,0.8994078040122986,0.010638298,340.56988525390625,50542.17969,-0.590923082,0.5692685914016222,0.031182147,-0.19027397
627.288,2009,1/1/2009,7,31.334841,-81.478483,0.2228340923417339,0.4586234986782074,0.8994078040122986,0.010638298,331.1366271972656,50542.17969,-0.574645313,0.5270768002974261,0.042820069,0.1295890212059021
900.764,2010,1/1/2010,7,31.334841,-81.478483,0.2462330686348112,0.4586234986782074,0.8994078040122986,0.010638298,351.2618408203125,50542.17969,-0.615352256,0.5727704211205967,0.102414897,-0.523150682
636.468,2011,1/1/2011,7,31.334841,-81.478483,0.2442120842876191,0.4586234986782074,0.8994078040122986,0.010638298,356.5606384277344,50542.17969,-0.62829608,0.5876048085701838,0.1033618709542701,-0.435068488
579.312,2012,1/1/2012,7,31.334841,-81.478483,0.2395716736131541,0.4586234986782074,0.8994078040122986,0.010638298,332.4996643066406,50542.17969,-0.644633332,0.6617384940875178,0.005968189,-0.317808211
566.84,2013,1/1/2013,7,31.334841,-81.478483,0.2414601027929809,0.4586234986782074,0.8994078040122986,0.010638298,341.4711914,50542.17969,-0.544757244,0.6114243591958032,0.029165701,0.1305479556322097
562.852,2014,1/1/2014,7,31.334841,-81.478483,0.2484524808505865,0.4586234986782074,0.8994078040122986,0.010638298,345.9974975585937,50542.17969,-0.571959984,0.6200309483353967,0.006945598,0.1198630109429359
1232.068,2015,1/1/2015,7,31.334841,-81.478483,0.2912753330501794,0.4586234986782074,0.8994078040122986,0.010638298,319.2455444335937,50542.17969,-0.570312947,0.5813965941951373,0.009288208,0.1054794564843177
1114.792,2016,1/1/2016,7,31.334841,-81.478483,0.3372360631500914,0.4586234986782074,0.8994078040122986,0.010638298,336.3158569335937,50542.17969,-0.601973473,0.6645652719876355,0.03405967,-0.150684938
1489.034,2017,1/1/2017,7,31.334841,-81.478483,0.2359288803337362,0.4586234986782074,0.8994078040122986,0.010638298,331.6062927246094,50542.17969,-0.509703903,0.6104545098188431,0.025399586,0.006164382
1145.45,2018,1/1/2018,7,31.334841,-81.478483,0.2020737047146976,0.4586234986782074,0.8994078040122986,0.010638298,338.5253295898437,50542.17969,-0.572766746,0.6612309957406425,0.002511676,0.2682191729545593
1496.198,2019,1/1/2019,7,31.334841,-81.478483,0.2635171662565054,0.4586234986782074,0.8994078040122986,0.010638298,326.3103332519531,50542.17969,-0.607411064,0.5902826469614003,0.015802851,-0.114507034
1270.952,2020,1/1/2020,7,31.334841,-81.478483,0.2213864356313734,0.4586234986782074,0.8994078040122986,0.010638298,311.8061828613281,50542.17969,-0.552450818,0.5863548973448112,0.043208351,0.1620000004768371
1073.344,2021,1/1/2021,7,31.334841,-81.478483,0.1983225416291842,0.4586234986782074,0.8994078040122986,0.010638298,335.5980529785156,50542.17969,-0.507039767,0.5006841828897697,0.086446792,0.1898630112409591
747.94,2022,1/1/2022,7,31.334841,-81.478483,0.2742338896534975,0.4586234986782074,0.8994078040122986,0.010638298,343.16131591796875,50542.17969,-0.575260025,0.5812072458876714,0.029289004,-0.085068494
1101.994,2006,1/1/2006,7,31.334841000000004,-81.478483,0.2219256851874654,0.4586234986782074,0.8994078040122986,0.010638298,354.9269714355469,50542.17969,-0.590257792,0.5732473235383981,0.006336882,-0.329726011
1045.988,2007,1/1/2007,7,31.334841000000004,-81.478483,0.2621395659153931,0.4586234986782074,0.8994078040122986,0.010638298,322.55914306640625,50542.17969,-0.621761249,0.6693043435665386,-0.022154796,-0.286712319
1414.73,2000,1/1/2000,7,31.334858,-81.478675,0.2091780449558841,1.122653841972351,0.1370156705379486,0.010638298,347.2490234,50542.17969,-0.558307195,0.5192821415582006,0.022645873,-0.252602726
1615.348,2001,1/1/2001,7,31.334858,-81.478675,0.2121913874404158,1.122653841972351,0.1370156705379486,0.010638298,351.7588195800781,50542.17969,-0.573849147,0.5621833500008593,0.038481109,-0.140000001
4761.544,2002,1/1/2002,7,31.334858,-81.478675,0.2537805381938382,1.122653841972351,0.1370156705379486,0.010638298,313.48858642578125,50542.17969,-0.609375654,0.5903177883576204,-0.009502653,0.1787671148777008
3157.082,2004,1/1/2004,7,31.334858,-81.478675,0.2858198686684287,1.122653841972351,0.1370156705379486,0.010638298,327.1685791015625,50542.17969,-0.628358933,0.7343113856521126,-0.004852453,-0.176712319
2865.024,2005,1/1/2005,7,31.334858,-81.478675,0.250020857,1.122653841972351,0.1370156705379486,0.010638298,335.3973999023437,50542.17969,-0.633788124,0.6338944019392849,0.012459477,0.3176712393760681
2706.63,2006,1/1/2006,7,31.334858,-81.478675,0.2219256851874654,1.122653841972351,0.1370156705379486,0.010638298,354.9269714355469,50542.17969,-0.590257792,0.5732473235383981,0.006336882,-0.329726011
3017.012,2007,1/1/2007,7,31.334858,-81.478675,0.2621395659153931,1.122653841972351,0.1370156705379486,0.010638298,322.55914306640625,50542.17969,-0.621761249,0.6693043435665386,-0.022154796,-0.286712319
2065.968,2008,1/1/2008,7,31.334858,-81.478675,0.2070897593676996,1.122653841972351,0.1370156705379486,0.010638298,340.56988525390625,50542.17969,-0.590923082,0.5692685914016222,0.031182147,-0.19027397
2553.734,2009,1/1/2009,7,31.334858,-81.478675,0.2228340923417339,1.122653841972351,0.1370156705379486,0.010638298,331.1366271972656,50542.17969,-0.574645313,0.5270768002974261,0.042820069,0.1295890212059021
2709.374,2010,1/1/2010,7,31.334858,-81.478675,0.2462330686348112,1.122653841972351,0.1370156705379486,0.010638298,351.2618408203125,50542.17969,-0.615352256,0.5727704211205967,0.102414897,-0.523150682
2112.594,2014,1/1/2014,7,31.334858,-81.478675,0.2484524808505865,1.122653841972351,0.1370156705379486,0.010638298,345.9974975585937,50542.17969,-0.571959984,0.6200309483353967,0.006945598,0.1198630109429359
3185.646,2017,1/1/2017,7,31.334858,-81.478675,0.2359288803337362,1.122653841972351,0.1370156705379486,0.010638298,331.6062927246094,50542.17969,-0.509703903,0.6104545098188431,0.025399586,0.006164382
2059.4120000000003,2018,1/1/2018,7,31.334858,-81.478675,0.2020737047146976,1.122653841972351,0.1370156705379486,0.010638298,338.5253295898437,50542.17969,-0.572766746,0.6612309957406425,0.002511676,0.2682191729545593
3805.858,2019,1/1/2019,7,31.334858,-81.478675,0.2635171662565054,1.122653841972351,0.1370156705379486,0.010638298,326.3103332519531,50542.17969,-0.607411064,0.5902826469614003,0.015802851,-0.114507034
3474.004,2020,1/1/2020,7,31.334858,-81.478675,0.2213864356313734,1.122653841972351,0.1370156705379486,0.010638298,311.8061828613281,50542.17969,-0.552450818,0.5863548973448112,0.043208351,0.1620000004768371
4609.912,2021,1/1/2021,7,31.334858,-81.478675,0.1983225416291842,1.122653841972351,0.1370156705379486,0.010638298,335.5980529785156,50542.17969,-0.507039767,0.5006841828897697,0.086446792,0.1898630112409591
3454.7,2022,1/1/2022,7,31.334858,-81.478675,0.2742338896534975,1.122653841972351,0.1370156705379486,0.010638298,343.16131591796875,50542.17969,-0.575260025,0.5812072458876714,0.029289004,-0.085068494
2448.176,2011,1/1/2011,7,31.334858000000004,-81.478675,0.2442120842876191,1.122653841972351,0.1370156705379486,0.010638298,356.5606384277344,50542.17969,-0.62829608,0.5876048085701838,0.1033618709542701,-0.435068488
3589.0640000000003,2012,1/1/2012,7,31.334858000000004,-81.478675,0.2395716736131541,1.122653841972351,0.1370156705379486,0.010638298,332.4996643066406,50542.17969,-0.644633332,0.6617384940875178,0.005968189,-0.317808211
2986.816,2013,1/1/2013,7,31.334858000000004,-81.478675,0.2414601027929809,1.122653841972351,0.1370156705379486,0.010638298,341.4711914,50542.17969,-0.544757244,0.6114243591958032,0.029165701,0.1305479556322097
3923.802,2015,1/1/2015,7,31.334858000000004,-81.478675,0.2912753330501794,1.122653841972351,0.1370156705379486,0.010638298,319.2455444335937,50542.17969,-0.570312947,0.5813965941951373,0.009288208,0.1054794564843177
2317.764,2016,1/1/2016,7,31.334858000000004,-81.478675,0.3372360631500914,1.122653841972351,0.1370156705379486,0.010638298,336.3158569335937,50542.17969,-0.601973473,0.6645652719876355,0.03405967,-0.150684938
2521.376,2000,1/1/2000,7,31.334934,-81.478709,0.2314165497896213,2.3808066844940186,0.302258164,0.005576208,347.2490234,50542.17969,-0.594872758,0.59294872,0.011355425,-0.252602726
1980.636,2001,1/1/2001,7,31.334934,-81.478709,0.2388138079845035,2.3808066844940186,0.302258164,0.005576208,351.7588195800781,50542.17969,-0.610031251,0.6015733272229818,0.003521753,-0.140000001
3140.7200000000003,2004,1/1/2004,7,31.334934,-81.478709,0.3184789593658403,2.3808066844940186,0.302258164,0.005576208,327.1685791015625,50542.17969,-0.685176384,0.7613944398915715,-0.050900678,-0.176712319
2427.266,2005,1/1/2005,7,31.334934,-81.478709,0.2988205694010586,2.3808066844940186,0.302258164,0.005576208,335.3973999023437,50542.17969,-0.659836316,0.6626978489260934,0.012459477,0.3176712393760681
2154.892,2006,1/1/2006,7,31.334934,-81.478709,0.2691296422965455,2.3808066844940186,0.302258164,0.005576208,354.9269714355469,50542.17969,-0.6285007,0.6766053860807472,-0.069121161,-0.329726011
1966.784,2007,1/1/2007,7,31.334934,-81.478709,0.2829486578699767,2.3808066844940186,0.302258164,0.005576208,322.55914306640625,50542.17969,-0.623569019,0.6915443289939265,0.012791842,-0.286712319
2322.588,2008,1/1/2008,7,31.334934,-81.478709,0.2216147031178129,2.3808066844940186,0.302258164,0.005576208,340.56988525390625,50542.17969,-0.588607889,0.6251221165955009,0.031182147,-0.19027397
2013.836,2009,1/1/2009,7,31.334934,-81.478709,0.2547294996300951,2.3808066844940186,0.302258164,0.005576208,331.1366271972656,50542.17969,-0.609809145,0.6428766927952861,0.002832314,0.1295890212059021
2861.65,2010,1/1/2010,7,31.334934,-81.478709,0.3264754867775902,2.3808066844940186,0.302258164,0.005576208,351.2618408203125,50542.17969,-0.61898863,0.6584794114112372,0.024059785,-0.523150682
2327.98,2011,1/1/2011,7,31.334934,-81.478709,0.2904770273925002,2.3808066844940186,0.302258164,0.005576208,356.5606384277344,50542.17969,-0.644743978,0.6599630430648475,0.045176059,-0.435068488
2376.644,2012,1/1/2012,7,31.334934,-81.478709,0.3246486858268781,2.3808066844940186,0.302258164,0.005576208,332.4996643066406,50542.17969,-0.672754845,0.7343323038671117,-0.057461528,-0.317808211
3028.496,2013,1/1/2013,7,31.334934,-81.478709,0.2702260215584893,2.3808066844940186,0.302258164,0.005576208,341.4711914,50542.17969,-0.555594496,0.6795005794949642,-0.00624194,0.1305479556322097
2995.356,2014,1/1/2014,7,31.334934,-81.478709,0.335635644,2.3808066844940186,0.302258164,0.005576208,345.9974975585937,50542.17969,-0.60421136,0.7149397196647567,-0.011804494,0.1198630109429359
2249.572,2015,1/1/2015,7,31.334934,-81.478709,0.3268407211228025,2.3808066844940186,0.302258164,0.005576208,319.2455444335937,50542.17969,-0.581774848,0.6644473742034718,-0.011020817,0.1054794564843177
2622.224,2016,1/1/2016,7,31.334934,-81.478709,0.3794375772868136,2.3808066844940186,0.302258164,0.005576208,336.3158569335937,50542.17969,-0.618493237,0.7290784244803373,0.006538338,-0.150684938
3445.378,2017,1/1/2017,7,31.334934,-81.478709,0.2782670146958692,2.3808066844940186,0.302258164,0.005576208,331.6062927246094,50542.17969,-0.541724606,0.665227125,0.037413706,0.006164382
3661.672,2018,1/1/2018,7,31.334934,-81.478709,0.2695092792119768,2.3808066844940186,0.302258164,0.005576208,338.5253295898437,50542.17969,-0.564211245,0.7129822770526463,-0.017721626,0.2682191729545593
2482.584,2019,1/1/2019,7,31.334934,-81.478709,0.3064393574386007,2.3808066844940186,0.302258164,0.005576208,326.3103332519531,50542.17969,-0.608974194,0.6533323531540517,0.021207634,-0.114507034
3357.294,2020,1/1/2020,7,31.334934,-81.478709,0.2952233059418567,2.3808066844940186,0.302258164,0.005576208,311.8061828613281,50542.17969,-0.560376746,0.6394760309161687,0.031894236,0.1620000004768371
2224.658,2021,1/1/2021,7,31.334934,-81.478709,0.2563121285925916,2.3808066844940186,0.302258164,0.005576208,335.5980529785156,50542.17969,-0.521951448,0.6043349563532583,0.076397492,0.1898630112409591
2556.6,2022,1/1/2022,7,31.334934000000004,-81.478709,0.3192622784135813,2.3808066844940186,0.302258164,0.005576208,343.16131591796875,50542.17969,-0.607916472,0.6620312819281995,0.018746805,-0.085068494
546.46,2000,1/1/2000,7,31.334943,-81.478502,0.2314165497896213,0.5465164184570312,1.049836039543152,0.005576208,347.2490234,50542.17969,-0.594872758,0.59294872,0.011355425,-0.252602726
397.576,2001,1/1/2001,7,31.334943,-81.478502,0.2388138079845035,0.5465164184570312,1.049836039543152,0.005576208,351.7588195800781,50542.17969,-0.610031251,0.6015733272229818,0.003521753,-0.140000001
1171.396,2002,1/1/2002,7,31.334943,-81.478502,0.2902919259356636,0.5465164184570312,1.049836039543152,0.005576208,313.48858642578125,50542.17969,-0.611849353,0.6742433531088194,-0.009666688,0.1787671148777008
704.304,2004,1/1/2004,7,31.334943,-81.478502,0.3184789593658403,0.5465164184570312,1.049836039543152,0.005576208,327.1685791015625,50542.17969,-0.685176384,0.7613944398915715,-0.050900678,-0.176712319
882.5640000000001,2005,1/1/2005,7,31.334943,-81.478502,0.2988205694010586,0.5465164184570312,1.049836039543152,0.005576208,335.3973999023437,50542.17969,-0.659836316,0.6626978489260934,0.012459477,0.3176712393760681
834.51,2006,1/1/2006,7,31.334943,-81.478502,0.2691296422965455,0.5465164184570312,1.049836039543152,0.005576208,354.9269714355469,50542.17969,-0.6285007,0.6766053860807472,-0.069121161,-0.329726011
721.338,2007,1/1/2007,7,31.334943,-81.478502,0.2829486578699767,0.5465164184570312,1.049836039543152,0.005576208,322.55914306640625,50542.17969,-0.623569019,0.6915443289939265,0.012791842,-0.286712319
543.502,2008,1/1/2008,7,31.334943,-81.478502,0.2216147031178129,0.5465164184570312,1.049836039543152,0.005576208,340.56988525390625,50542.17969,-0.588607889,0.6251221165955009,0.031182147,-0.19027397
694.6220000000001,2009,1/1/2009,7,31.334943,-81.478502,0.2547294996300951,0.5465164184570312,1.049836039543152,0.005576208,331.1366271972656,50542.17969,-0.609809145,0.6428766927952861,0.002832314,0.1295890212059021
651.764,2010,1/1/2010,7,31.334943,-81.478502,0.3264754867775902,0.5465164184570312,1.049836039543152,0.005576208,351.2618408203125,50542.17969,-0.61898863,0.6584794114112372,0.024059785,-0.523150682
731.412,2011,1/1/2011,7,31.334943,-81.478502,0.2904770273925002,0.5465164184570312,1.049836039543152,0.005576208,356.5606384277344,50542.17969,-0.644743978,0.6599630430648475,0.045176059,-0.435068488
673.412,2012,1/1/2012,7,31.334943,-81.478502,0.3246486858268781,0.5465164184570312,1.049836039543152,0.005576208,332.4996643066406,50542.17969,-0.672754845,0.7343323038671117,-0.057461528,-0.317808211
658.146,2013,1/1/2013,7,31.334943,-81.478502,0.2702260215584893,0.5465164184570312,1.049836039543152,0.005576208,341.4711914,50542.17969,-0.555594496,0.6795005794949642,-0.00624194,0.1305479556322097
1103.152,2014,1/1/2014,7,31.334943,-81.478502,0.335635644,0.5465164184570312,1.049836039543152,0.005576208,345.9974975585937,50542.17969,-0.60421136,0.7149397196647567,-0.011804494,0.1198630109429359
2776.364,2015,1/1/2015,7,31.334943,-81.478502,0.3268407211228025,0.5465164184570312,1.049836039543152,0.005576208,319.2455444335937,50542.17969,-0.581774848,0.6644473742034718,-0.011020817,0.1054794564843177
1362.256,2016,1/1/2016,7,31.334943,-81.478502,0.3794375772868136,0.5465164184570312,1.049836039543152,0.005576208,336.3158569335937,50542.17969,-0.618493237,0.7290784244803373,0.006538338,-0.150684938
1805.118,2017,1/1/2017,7,31.334943,-81.478502,0.2782670146958692,0.5465164184570312,1.049836039543152,0.005576208,331.6062927246094,50542.17969,-0.541724606,0.665227125,0.037413706,0.006164382
1264.584,2018,1/1/2018,7,31.334943,-81.478502,0.2695092792119768,0.5465164184570312,1.049836039543152,0.005576208,338.5253295898437,50542.17969,-0.564211245,0.7129822770526463,-0.017721626,0.2682191729545593
1316.074,2019,1/1/2019,7,31.334943,-81.478502,0.3064393574386007,0.5465164184570312,1.049836039543152,0.005576208,326.3103332519531,50542.17969,-0.608974194,0.6533323531540517,0.021207634,-0.114507034
608.566,2021,1/1/2021,7,31.334943,-81.478502,0.2563121285925916,0.5465164184570312,1.049836039543152,0.005576208,335.5980529785156,50542.17969,-0.521951448,0.6043349563532583,0.076397492,0.1898630112409591
1055.43,2022,1/1/2022,7,31.334943,-81.478502,0.3192622784135813,0.5465164184570312,1.049836039543152,0.005576208,343.16131591796875,50542.17969,-0.607916472,0.6620312819281995,0.018746805,-0.085068494
1433.644,2020,1/1/2020,7,31.334943000000003,-81.478502,0.2952233059418567,0.5465164184570312,1.049836039543152,0.005576208,311.8061828613281,50542.17969,-0.560376746,0.6394760309161687,0.031894236,0.1620000004768371
2874.71,2000,1/1/2000,7,31.335013,-81.478722,0.2314165497896213,2.9110445976257324,0.4114985167980194,0.005576208,347.2490234,50542.17969,-0.594872758,0.59294872,0.011355425,-0.252602726
3495.212,2004,1/1/2004,7,31.335013,-81.478722,0.3184789593658403,2.9110445976257324,0.4114985167980194,0.005576208,327.1685791015625,50542.17969,-0.685176384,0.7613944398915715,-0.050900678,-0.176712319
2522.8,2005,1/1/2005,7,31.335013,-81.478722,0.2988205694010586,2.9110445976257324,0.4114985167980194,0.005576208,335.3973999023437,50542.17969,-0.659836316,0.6626978489260934,0.012459477,0.3176712393760681
2961.802,2006,1/1/2006,7,31.335013,-81.478722,0.2691296422965455,2.9110445976257324,0.4114985167980194,0.005576208,354.9269714355469,50542.17969,-0.6285007,0.6766053860807472,-0.069121161,-0.329726011
1553.414,2009,1/1/2009,7,31.335013,-81.478722,0.2547294996300951,2.9110445976257324,0.4114985167980194,0.005576208,331.1366271972656,50542.17969,-0.609809145,0.6428766927952861,0.002832314,0.1295890212059021
2104.946,2010,1/1/2010,7,31.335013,-81.478722,0.3264754867775902,2.9110445976257324,0.4114985167980194,0.005576208,351.2618408203125,50542.17969,-0.61898863,0.6584794114112372,0.024059785,-0.523150682
2081.606,2011,1/1/2011,7,31.335013,-81.478722,0.2904770273925002,2.9110445976257324,0.4114985167980194,0.005576208,356.5606384277344,50542.17969,-0.644743978,0.6599630430648475,0.045176059,-0.435068488
3585.41,2012,1/1/2012,7,31.335013,-81.478722,0.3246486858268781,2.9110445976257324,0.4114985167980194,0.005576208,332.4996643066406,50542.17969,-0.672754845,0.7343323038671117,-0.057461528,-0.317808211
2375.134,2013,1/1/2013,7,31.335013,-81.478722,0.2702260215584893,2.9110445976257324,0.4114985167980194,0.005576208,341.4711914,50542.17969,-0.555594496,0.6795005794949642,-0.00624194,0.1305479556322097
4083.006,2014,1/1/2014,7,31.335013,-81.478722,0.335635644,2.9110445976257324,0.4114985167980194,0.005576208,345.9974975585937,50542.17969,-0.60421136,0.7149397196647567,-0.011804494,0.1198630109429359
2602.618,2001,1/1/2001,7,31.335013,-81.478722,0.2388138079845035,2.9110445976257324,0.4114985167980194,0.005576208,351.7588195800781,50542.17969,-0.610031251,0.6015733272229818,0.003521753,-0.140000001
2557.5,2007,1/1/2007,7,31.335013,-81.478722,0.2829486578699767,2.9110445976257324,0.4114985167980194,0.005576208,322.55914306640625,50542.17969,-0.623569019,0.6915443289939265,0.012791842,-0.286712319
2380.316,2008,1/1/2008,7,31.335013,-81.478722,0.2216147031178129,2.9110445976257324,0.4114985167980194,0.005576208,340.56988525390625,50542.17969,-0.588607889,0.6251221165955009,0.031182147,-0.19027397
2506.982,2015,1/1/2015,7,31.335017,-81.478711,0.3268407211228025,2.9110445976257324,0.4114985167980194,0.005576208,319.2455444335937,50542.17969,-0.581774848,0.6644473742034718,-0.011020817,0.1054794564843177
4006.166,2016,1/1/2016,7,31.335017,-81.478711,0.3794375772868136,2.9110445976257324,0.4114985167980194,0.005576208,336.3158569335937,50542.17969,-0.618493237,0.7290784244803373,0.006538338,-0.150684938
3363.712,2017,1/1/2017,7,31.335017,-81.478711,0.2782670146958692,2.9110445976257324,0.4114985167980194,0.005576208,331.6062927246094,50542.17969,-0.541724606,0.665227125,0.037413706,0.006164382
3177.366,2018,1/1/2018,7,31.335017,-81.478711,0.2695092792119768,2.9110445976257324,0.4114985167980194,0.005576208,338.5253295898437,50542.17969,-0.564211245,0.7129822770526463,-0.017721626,0.2682191729545593
1603.174,2020,1/1/2020,7,31.335017,-81.478711,0.2952233059418567,2.9110445976257324,0.4114985167980194,0.005576208,311.8061828613281,50542.17969,-0.560376746,0.6394760309161687,0.031894236,0.1620000004768371
2312.094,2021,1/1/2021,7,31.335017,-81.478711,0.2563121285925916,2.9110445976257324,0.4114985167980194,0.005576208,335.5980529785156,50542.17969,-0.521951448,0.6043349563532583,0.076397492,0.1898630112409591
1698.984,2022,1/1/2022,7,31.335017,-81.478711,0.3192622784135813,2.9110445976257324,0.4114985167980194,0.005576208,343.16131591796875,50542.17969,-0.607916472,0.6620312819281995,0.018746805,-0.085068494
1821.01,2019,1/1/2019,7,31.335017000000004,-81.478711,0.3064393574386007,2.9110445976257324,0.4114985167980194,0.005576208,326.3103332519531,50542.17969,-0.608974194,0.6533323531540517,0.021207634,-0.114507034
1065.704,2018,1/1/2018,7,31.335086,-81.478555,0.2695092792119768,0.5928443670272827,1.1301575899124146,0.005576208,338.5253295898437,50542.17969,-0.564211245,0.7129822770526463,-0.017721626,0.2682191729545593
993.876,2000,1/1/2000,7,31.335086,-81.478555,0.2314165497896213,0.5928443670272827,1.1301575899124146,0.005576208,347.2490234,50542.17969,-0.594872758,0.59294872,0.011355425,-0.252602726
787.78,2001,1/1/2001,7,31.335086,-81.478555,0.2388138079845035,0.5928443670272827,1.1301575899124146,0.005576208,351.7588195800781,50542.17969,-0.610031251,0.6015733272229818,0.003521753,-0.140000001
1229.232,2002,1/1/2002,7,31.335086,-81.478555,0.2902919259356636,0.5928443670272827,1.1301575899124146,0.005576208,313.48858642578125,50542.17969,-0.611849353,0.6742433531088194,-0.009666688,0.1787671148777008
545.46,2004,1/1/2004,7,31.335086,-81.478555,0.3184789593658403,0.5928443670272827,1.1301575899124146,0.005576208,327.1685791015625,50542.17969,-0.685176384,0.7613944398915715,-0.050900678,-0.176712319
816.768,2006,1/1/2006,7,31.335086,-81.478555,0.2691296422965455,0.5928443670272827,1.1301575899124146,0.005576208,354.9269714355469,50542.17969,-0.6285007,0.6766053860807472,-0.069121161,-0.329726011
889.512,2009,1/1/2009,7,31.335086,-81.478555,0.2547294996300951,0.5928443670272827,1.1301575899124146,0.005576208,331.1366271972656,50542.17969,-0.609809145,0.6428766927952861,0.002832314,0.1295890212059021
769.282,2010,1/1/2010,7,31.335086,-81.478555,0.3264754867775902,0.5928443670272827,1.1301575899124146,0.005576208,351.2618408203125,50542.17969,-0.61898863,0.6584794114112372,0.024059785,-0.523150682
1037.204,2011,1/1/2011,7,31.335086,-81.478555,0.2904770273925002,0.5928443670272827,1.1301575899124146,0.005576208,356.5606384277344,50542.17969,-0.644743978,0.6599630430648475,0.045176059,-0.435068488
605.642,2012,1/1/2012,7,31.335086,-81.478555,0.3246486858268781,0.5928443670272827,1.1301575899124146,0.005576208,332.4996643066406,50542.17969,-0.672754845,0.7343323038671117,-0.057461528,-0.317808211
529.668,2013,1/1/2013,7,31.335086,-81.478555,0.2702260215584893,0.5928443670272827,1.1301575899124146,0.005576208,341.4711914,50542.17969,-0.555594496,0.6795005794949642,-0.00624194,0.1305479556322097
1391.248,2014,1/1/2014,7,31.335086,-81.478555,0.335635644,0.5928443670272827,1.1301575899124146,0.005576208,345.9974975585937,50542.17969,-0.60421136,0.7149397196647567,-0.011804494,0.1198630109429359
1341.814,2015,1/1/2015,7,31.335086,-81.478555,0.3268407211228025,0.5928443670272827,1.1301575899124146,0.005576208,319.2455444335937,50542.17969,-0.581774848,0.6644473742034718,-0.011020817,0.1054794564843177
2000.64,2016,1/1/2016,7,31.335086,-81.478555,0.3794375772868136,0.5928443670272827,1.1301575899124146,0.005576208,336.3158569335937,50542.17969,-0.618493237,0.7290784244803373,0.006538338,-0.150684938
1982.904,2017,1/1/2017,7,31.335086,-81.478555,0.2782670146958692,0.5928443670272827,1.1301575899124146,0.005576208,331.6062927246094,50542.17969,-0.541724606,0.665227125,0.037413706,0.006164382
1604.624,2019,1/1/2019,7,31.335086,-81.478555,0.3064393574386007,0.5928443670272827,1.1301575899124146,0.005576208,326.3103332519531,50542.17969,-0.608974194,0.6533323531540517,0.021207634,-0.114507034
1914.352,2020,1/1/2020,7,31.335086,-81.478555,0.2952233059418567,0.5928443670272827,1.1301575899124146,0.005576208,311.8061828613281,50542.17969,-0.560376746,0.6394760309161687,0.031894236,0.1620000004768371
1215.728,2021,1/1/2021,7,31.335086,-81.478555,0.2563121285925916,0.5928443670272827,1.1301575899124146,0.005576208,335.5980529785156,50542.17969,-0.521951448,0.6043349563532583,0.076397492,0.1898630112409591
1382.666,2022,1/1/2022,7,31.335086,-81.478555,0.3192622784135813,0.5928443670272827,1.1301575899124146,0.005576208,343.16131591796875,50542.17969,-0.607916472,0.6620312819281995,0.018746805,-0.085068494
924.958,2005,1/1/2005,7,31.335086000000004,-81.478555,0.2988205694010586,0.5928443670272827,1.1301575899124146,0.005576208,335.3973999023437,50542.17969,-0.659836316,0.6626978489260934,0.012459477,0.3176712393760681
737.8199999999999,2007,1/1/2007,7,31.335086000000004,-81.478555,0.2829486578699767,0.5928443670272827,1.1301575899124146,0.005576208,322.55914306640625,50542.17969,-0.623569019,0.6915443289939265,0.012791842,-0.286712319
652.912,2008,1/1/2008,7,31.335086000000004,-81.478555,0.2216147031178129,0.5928443670272827,1.1301575899124146,0.005576208,340.56988525390625,50542.17969,-0.588607889,0.6251221165955009,0.031182147,-0.19027397
1062.09,2000,1/1/2000,7,31.33509,-81.478689,0.2314165497896213,2.183988571166992,0.4067060649394989,0.005576208,347.2490234,50542.17969,-0.594872758,0.59294872,0.011355425,-0.252602726
1167.278,2001,1/1/2001,7,31.33509,-81.478689,0.2388138079845035,2.183988571166992,0.4067060649394989,0.005576208,351.7588195800781,50542.17969,-0.610031251,0.6015733272229818,0.003521753,-0.140000001
2862.216,2002,1/1/2002,7,31.33509,-81.478689,0.2902919259356636,2.183988571166992,0.4067060649394989,0.005576208,313.48858642578125,50542.17969,-0.611849353,0.6742433531088194,-0.009666688,0.1787671148777008
1109.612,2004,1/1/2004,7,31.33509,-81.478689,0.3184789593658403,2.183988571166992,0.4067060649394989,0.005576208,327.1685791015625,50542.17969,-0.685176384,0.7613944398915715,-0.050900678,-0.176712319
1483.1,2006,1/1/2006,7,31.33509,-81.478689,0.2691296422965455,2.183988571166992,0.4067060649394989,0.005576208,354.9269714355469,50542.17969,-0.6285007,0.6766053860807472,-0.069121161,-0.329726011
600.6080000000001,2007,1/1/2007,7,31.33509,-81.478689,0.2829486578699767,2.183988571166992,0.4067060649394989,0.005576208,322.55914306640625,50542.17969,-0.623569019,0.6915443289939265,0.012791842,-0.286712319
905.962,2008,1/1/2008,7,31.33509,-81.478689,0.2216147031178129,2.183988571166992,0.4067060649394989,0.005576208,340.56988525390625,50542.17969,-0.588607889,0.6251221165955009,0.031182147,-0.19027397
2043.38,2009,1/1/2009,7,31.33509,-81.478689,0.2547294996300951,2.183988571166992,0.4067060649394989,0.005576208,331.1366271972656,50542.17969,-0.609809145,0.6428766927952861,0.002832314,0.1295890212059021
1294.52,2010,1/1/2010,7,31.33509,-81.478689,0.3264754867775902,2.183988571166992,0.4067060649394989,0.005576208,351.2618408203125,50542.17969,-0.61898863,0.6584794114112372,0.024059785,-0.523150682
944.118,2011,1/1/2011,7,31.33509,-81.478689,0.2904770273925002,2.183988571166992,0.4067060649394989,0.005576208,356.5606384277344,50542.17969,-0.644743978,0.6599630430648475,0.045176059,-0.435068488
1225.998,2012,1/1/2012,7,31.33509,-81.478689,0.3246486858268781,2.183988571166992,0.4067060649394989,0.005576208,332.4996643066406,50542.17969,-0.672754845,0.7343323038671117,-0.057461528,-0.317808211
1487.29,2013,1/1/2013,7,31.33509,-81.478689,0.2702260215584893,2.183988571166992,0.4067060649394989,0.005576208,341.4711914,50542.17969,-0.555594496,0.6795005794949642,-0.00624194,0.1305479556322097
1513.668,2015,1/1/2015,7,31.33509,-81.478689,0.3268407211228025,2.183988571166992,0.4067060649394989,0.005576208,319.2455444335937,50542.17969,-0.581774848,0.6644473742034718,-0.011020817,0.1054794564843177
1035.04,2016,1/1/2016,7,31.33509,-81.478689,0.3794375772868136,2.183988571166992,0.4067060649394989,0.005576208,336.3158569335937,50542.17969,-0.618493237,0.7290784244803373,0.006538338,-0.150684938
1056.116,2017,1/1/2017,7,31.33509,-81.478689,0.2782670146958692,2.183988571166992,0.4067060649394989,0.005576208,331.6062927246094,50542.17969,-0.541724606,0.665227125,0.037413706,0.006164382
754.174,2018,1/1/2018,7,31.33509,-81.478689,0.2695092792119768,2.183988571166992,0.4067060649394989,0.005576208,338.5253295898437,50542.17969,-0.564211245,0.7129822770526463,-0.017721626,0.2682191729545593
838.276,2019,1/1/2019,7,31.33509,-81.478689,0.3064393574386007,2.183988571166992,0.4067060649394989,0.005576208,326.3103332519531,50542.17969,-0.608974194,0.6533323531540517,0.021207634,-0.114507034
658.156,2020,1/1/2020,7,31.33509,-81.478689,0.2952233059418567,2.183988571166992,0.4067060649394989,0.005576208,311.8061828613281,50542.17969,-0.560376746,0.6394760309161687,0.031894236,0.1620000004768371
808.826,2021,1/1/2021,7,31.33509,-81.478689,0.2563121285925916,2.183988571166992,0.4067060649394989,0.005576208,335.5980529785156,50542.17969,-0.521951448,0.6043349563532583,0.076397492,0.1898630112409591
653.52,2022,1/1/2022,7,31.33509,-81.478689,0.3192622784135813,2.183988571166992,0.4067060649394989,0.005576208,343.16131591796875,50542.17969,-0.607916472,0.6620312819281995,0.018746805,-0.085068494
1991.856,2005,1/1/2005,7,31.335090000000005,-81.478689,0.2988205694010586,2.183988571166992,0.4067060649394989,0.005576208,335.3973999023437,50542.17969,-0.659836316,0.6626978489260934,0.012459477,0.3176712393760681
1657.208,2014,1/1/2014,7,31.335090000000005,-81.478689,0.335635644,2.183988571166992,0.4067060649394989,0.005576208,345.9974975585937,50542.17969,-0.60421136,0.7149397196647567,-0.011804494,0.1198630109429359
1040.066,2000,1/1/2000,7,31.335155,-81.478596,0.2873135924406512,3.1938698291778564,1.078083634376526,0.007052186,347.2490234,50542.17969,-0.662186879,0.6741097108194596,0.018739353,-0.252602726
567.27,2001,1/1/2001,7,31.335155,-81.478596,0.2976610488416064,3.1938698291778564,1.078083634376526,0.007052186,351.7588195800781,50542.17969,-0.652742744,0.6845222069437885,0.008629385,-0.140000001
1853.696,2002,1/1/2002,7,31.335155,-81.478596,0.3517307176336393,3.1938698291778564,1.078083634376526,0.007052186,313.48858642578125,50542.17969,-0.680576454,0.7045535495137527,-0.010843421,0.1787671148777008
591.27,2004,1/1/2004,7,31.335155,-81.478596,0.3279500944965638,3.1938698291778564,1.078083634376526,0.007052186,327.1685791015625,50542.17969,-0.70144639,0.7998843027209165,-0.050007332,-0.176712319
1091.352,2005,1/1/2005,7,31.335155,-81.478596,0.3546737127516022,3.1938698291778564,1.078083634376526,0.007052186,335.3973999023437,50542.17969,-0.693385042,0.7003090479281318,0.017139041,0.3176712393760681
848.07,2006,1/1/2006,7,31.335155,-81.478596,0.3318702320343848,3.1938698291778564,1.078083634376526,0.007052186,354.9269714355469,50542.17969,-0.681839312,0.7198794028591704,-0.012512384,-0.329726011
833.51,2007,1/1/2007,7,31.335155,-81.478596,0.366274117,3.1938698291778564,1.078083634376526,0.007052186,322.55914306640625,50542.17969,-0.697608166,0.7453707013202375,-0.092431284,-0.286712319
431.588,2009,1/1/2009,7,31.335155,-81.478596,0.3165319804866739,3.1938698291778564,1.078083634376526,0.007052186,331.1366271972656,50542.17969,-0.679823906,0.7125137547237715,-0.040642214,0.1295890212059021
749.996,2010,1/1/2010,7,31.335155,-81.478596,0.3405997082619421,3.1938698291778564,1.078083634376526,0.007052186,351.2618408203125,50542.17969,-0.675337422,0.7082329773435319,0.019919306,-0.523150682
605.802,2012,1/1/2012,7,31.335155,-81.478596,0.3415153523724448,3.1938698291778564,1.078083634376526,0.007052186,332.4996643066406,50542.17969,-0.728068382,0.7706436608822712,-0.05375257,-0.317808211
625.606,2013,1/1/2013,7,31.335155,-81.478596,0.3633444231882385,3.1938698291778564,1.078083634376526,0.007052186,341.4711914,50542.17969,-0.652886344,0.7304292026163217,0.01921196,0.1305479556322097
1390.694,2015,1/1/2015,7,31.335155,-81.478596,0.365703622,3.1938698291778564,1.078083634376526,0.007052186,319.2455444335937,50542.17969,-0.679728653,0.7002058307831378,-0.016892254,0.1054794564843177
656.3140000000001,2016,1/1/2016,7,31.335155,-81.478596,0.4069623256129215,3.1938698291778564,1.078083634376526,0.007052186,336.3158569335937,50542.17969,-0.688264465,0.7731071635995755,-0.012538947,-0.150684938
1186.11,2017,1/1/2017,7,31.335155,-81.478596,0.3680479689725823,3.1938698291778564,1.078083634376526,0.007052186,331.6062927246094,50542.17969,-0.653543475,0.6917718816486622,0.05605485,0.006164382
1851.938,2018,1/1/2018,7,31.335155,-81.478596,0.3461839749755349,3.1938698291778564,1.078083634376526,0.007052186,338.5253295898437,50542.17969,-0.673643267,0.7845507931530327,-0.035013739,0.2682191729545593
1249.95,2019,1/1/2019,7,31.335155,-81.478596,0.3616558853684525,3.1938698291778564,1.078083634376526,0.007052186,326.3103332519531,50542.17969,-0.682715125,0.7070972557144781,-0.002049453,-0.114507034
1946.756,2020,1/1/2020,7,31.335155,-81.478596,0.4097898649005694,3.1938698291778564,1.078083634376526,0.007052186,311.8061828613281,50542.17969,-0.668814092,0.6733180029453926,-0.002147789,0.1620000004768371
1250.012,2022,1/1/2022,7,31.335155,-81.478596,0.4779852136907707,3.1938698291778564,1.078083634376526,0.007052186,343.16131591796875,50542.17969,-0.674832149,0.7269460483622768,0.095338487,-0.085068494
1066.354,2008,1/1/2008,7,31.335155000000004,-81.478596,0.3342511636327978,3.1938698291778564,1.078083634376526,0.007052186,340.56988525390625,50542.17969,-0.693257362,0.7056678618856042,0.007303832,-0.19027397
374.79,2011,1/1/2011,7,31.335155000000004,-81.478596,0.3567885990285435,3.1938698291778564,1.078083634376526,0.007052186,356.5606384277344,50542.17969,-0.699848482,0.7090133989691835,0.037000701,-0.435068488
1294.482,2014,1/1/2014,7,31.335155000000004,-81.478596,0.3929022825695052,3.1938698291778564,1.078083634376526,0.007052186,345.9974975585937,50542.17969,-0.679728963,0.744733179,0.000363961,0.1198630109429359
1195.772,2021,1/1/2021,7,31.335155000000004,-81.478596,0.3417357358825783,3.1938698291778564,1.078083634376526,0.007052186,335.5980529785156,50542.17969,-0.657152971,0.6919422647342146,0.046064366,0.1898630112409591
345.072,2013,1/1/2013,9,31.350629,-81.332541,0.1716225913285973,0.6557638049125671,1.233061671257019,0.021052632,333.4030456542969,50559.12891,-0.358883789,0.5064786049940052,0.029555225,0.1560273915529251
820.624,2014,1/1/2014,9,31.350629,-81.332541,0.1576261460495945,0.6557638049125671,1.233061671257019,0.021052632,339.1838073730469,50559.12891,-0.358328273,0.4774284103830083,0.051495623,0.08520548
393.776,2016,1/1/2016,9,31.350629,-81.332541,0.1900532491501325,0.6557638049125671,1.233061671257019,0.021052632,331.1846618652344,50559.12891,-0.392145073,0.5609362784730746,0.034224124,-0.463561624
889.7760000000001,2017,1/1/2017,9,31.350629,-81.332541,0.1943978562302364,0.6557638049125671,1.233061671257019,0.021052632,325.2271728515625,50559.12891,-0.384547639,0.5780021327427486,0.032302469,-0.082328767
844.08,2018,1/1/2018,9,31.350629,-81.332541,0.188472881,0.6557638049125671,1.233061671257019,0.021052632,329.3333740234375,50559.12891,-0.357352516,0.5305242672481614,0.034564416,0.083561644
470.416,2019,1/1/2019,9,31.350629,-81.332541,0.1375064391751612,0.6557638049125671,1.233061671257019,0.021052632,318.2884826660156,50559.12891,-0.372577967,0.4984455388340165,0.026675011,-0.265774637
807.808,2021,1/1/2021,9,31.350629,-81.332541,0.1593033025981224,0.6557638049125671,1.233061671257019,0.021052632,332.6313171386719,50559.12891,-0.364194035,0.5337091842241284,0.026625173,0.1179452016949653
825.968,2022,1/1/2022,9,31.350629,-81.332541,0.1827024272898882,0.6557638049125671,1.233061671257019,0.021052632,337.8086853027344,50559.12891,-0.372002149,0.5676170835985317,0.019295391,-0.287534237
473.728,2015,1/1/2015,9,31.350629000000005,-81.332541,0.1490694240552919,0.6557638049125671,1.233061671257019,0.021052632,312.5706481933594,50559.12891,-0.348783793,0.4870947037072025,0.027720253,0.014794519
770.24,2020,1/1/2020,9,31.350629000000005,-81.332541,0.1674748238271001,0.6557638049125671,1.233061671257019,0.021052632,309.7468566894531,50559.12891,-0.370933766,0.5425667960711944,0.034353529,-0.069714278
396.88,2013,1/1/2013,9,31.350742,-81.332475,0.1897029504613437,0.8911630511283875,1.169877052307129,0.02247191,333.4030456542969,50559.12891,-0.3333943,0.5071370138670711,0.030550706,0.1560273915529251
901.44,2014,1/1/2014,9,31.350742,-81.332475,0.162285199,0.8911630511283875,1.169877052307129,0.02247191,339.1838073730469,50559.12891,-0.356468807,0.4873051506620567,0.04784955,0.08520548
1034.048,2015,1/1/2015,9,31.350742,-81.332475,0.1518450391038731,0.8911630511283875,1.169877052307129,0.02247191,312.5706481933594,50559.12891,-0.335110268,0.4839187199826653,0.025620123,0.014794519
686.128,2016,1/1/2016,9,31.350742,-81.332475,0.192675957,0.8911630511283875,1.169877052307129,0.02247191,331.1846618652344,50559.12891,-0.37604954,0.5459637833410108,0.067017948,-0.463561624
723.5360000000001,2017,1/1/2017,9,31.350742,-81.332475,0.1717937041004345,0.8911630511283875,1.169877052307129,0.02247191,325.2271728515625,50559.12891,-0.308703056,0.5117403105903515,0.058146682,-0.082328767
697.5840000000001,2018,1/1/2018,9,31.350742,-81.332475,0.1816582785053946,0.8911630511283875,1.169877052307129,0.02247191,329.3333740234375,50559.12891,-0.337118022,0.5118065651040198,0.053225806,0.083561644
411.456,2019,1/1/2019,9,31.350742,-81.332475,0.1330404140206295,0.8911630511283875,1.169877052307129,0.02247191,318.2884826660156,50559.12891,-0.334427091,0.4547958732881162,0.040364971,-0.265774637
399.84,2020,1/1/2020,9,31.350742,-81.332475,0.1714965141034894,0.8911630511283875,1.169877052307129,0.02247191,309.7468566894531,50559.12891,-0.337035994,0.5406278456933611,0.028102094,-0.069714278
460.08,2021,1/1/2021,9,31.350742,-81.332475,0.1608765642494525,0.8911630511283875,1.169877052307129,0.02247191,332.6313171386719,50559.12891,-0.393452838,0.5364065086115725,0.064054687,0.1179452016949653
644.768,2022,1/1/2022,9,31.350742,-81.332475,0.1536489915983259,0.8911630511283875,1.169877052307129,0.02247191,337.8086853027344,50559.12891,-0.344560502,0.5150054496979652,0.048634783,-0.287534237
1559.2320000000002,2002,1/1/2002,9,31.350807,-81.332636,0.1765158720342564,0.2976398169994354,1.0694341659545898,0.021563342,304.8837891,50559.12891,-0.426434638,0.5453450888285135,0.082257315,0.1171232908964157
935.04,2004,1/1/2004,9,31.350807,-81.332636,0.086478144,0.2976398169994354,1.0694341659545898,0.021563342,321.93609619140625,50559.12891,-0.490506733,0.4867455138662326,-0.025551684,-0.194383562
415.152,2005,1/1/2005,9,31.350807,-81.332636,0.1577691391958854,0.2976398169994354,1.0694341659545898,0.021563342,331.6129455566406,50559.12891,-0.506552482,0.4979579553759509,0.031830532,0.3216438293457031
100.48,2006,1/1/2006,9,31.350807,-81.332636,0.1484507045736392,0.2976398169994354,1.0694341659545898,0.021563342,350.3093566894531,50559.12891,-0.26415861,0.4227959985631402,0.1341004363076405,-0.310273975
559.648,2007,1/1/2007,9,31.350807,-81.332636,0.1636804727504772,0.2976398169994354,1.0694341659545898,0.021563342,318.4147949,50559.12891,-0.492427828,0.4662582023496961,-0.034665521,-0.27890411
370.048,2009,1/1/2009,9,31.350807,-81.332636,0.1323366261426636,0.2976398169994354,1.0694341659545898,0.021563342,326.8370666503906,50559.12891,-0.481138305,0.5096515089476805,0.051249471,0.1064383462071418
809.984,2010,1/1/2010,9,31.350807,-81.332636,0.1165176209831321,0.2976398169994354,1.0694341659545898,0.021563342,342.3510742,50559.12891,-0.471382917,0.5234156154236616,-0.022481009,-0.564383566
609.6320000000001,2013,1/1/2013,9,31.350807,-81.332636,0.1824892912022073,0.2976398169994354,1.0694341659545898,0.021563342,333.4030456542969,50559.12891,-0.344917373,0.5122290452308957,0.027838033,0.1560273915529251
446.048,2014,1/1/2014,9,31.350807,-81.332636,0.157086225,0.2976398169994354,1.0694341659545898,0.021563342,339.1838073730469,50559.12891,-0.320360691,0.4564765576507614,0.059925452,0.08520548
373.584,2015,1/1/2015,9,31.350807,-81.332636,0.1419062696026476,0.2976398169994354,1.0694341659545898,0.021563342,312.5706481933594,50559.12891,-0.312327809,0.4638220515034701,0.036949764,0.014794519
435.824,2016,1/1/2016,9,31.350807,-81.332636,0.2001280180760294,0.2976398169994354,1.0694341659545898,0.021563342,331.1846618652344,50559.12891,-0.370557283,0.5559153300926357,0.043872999,-0.463561624
681.376,2017,1/1/2017,9,31.350807,-81.332636,0.1919286822218581,0.2976398169994354,1.0694341659545898,0.021563342,325.2271728515625,50559.12891,-0.360913576,0.5453206208215873,0.035506008,-0.082328767
327.664,2018,1/1/2018,9,31.350807,-81.332636,0.1764903873620189,0.2976398169994354,1.0694341659545898,0.021563342,329.3333740234375,50559.12891,-0.343980851,0.5250273,0.045824363,0.083561644
484.432,2019,1/1/2019,9,31.350807,-81.332636,0.1396863505700799,0.2976398169994354,1.0694341659545898,0.021563342,318.2884826660156,50559.12891,-0.329044824,0.4749050922895667,0.031026702,-0.265774637
838.8960000000001,2020,1/1/2020,9,31.350807,-81.332636,0.1591324524557385,0.2976398169994354,1.0694341659545898,0.021563342,309.7468566894531,50559.12891,-0.318900366,0.5187858150990587,0.034724868,-0.069714278
333.184,2021,1/1/2021,9,31.350807,-81.332636,0.1488085106919476,0.2976398169994354,1.0694341659545898,0.021563342,332.6313171386719,50559.12891,-0.356822212,0.5182427204073855,0.031851945,0.1179452016949653
404.016,2022,1/1/2022,9,31.350807,-81.332636,0.1938754910943057,0.2976398169994354,1.0694341659545898,0.021563342,337.8086853027344,50559.12891,-0.365792741,0.5473224054941255,0.035980235,-0.287534237
301.776,2004,1/1/2004,9,31.350846,-81.332782,0.086478144,0.2634434103965759,1.0668026208877563,0.021563342,321.93609619140625,50559.12891,-0.490506733,0.4867455138662326,-0.025551684,-0.194383562
764.528,2005,1/1/2005,9,31.350846,-81.332782,0.1577691391958854,0.2634434103965759,1.0668026208877563,0.021563342,331.6129455566406,50559.12891,-0.506552482,0.4979579553759509,0.031830532,0.3216438293457031
428.448,2006,1/1/2006,9,31.350846,-81.332782,0.1484507045736392,0.2634434103965759,1.0668026208877563,0.021563342,350.3093566894531,50559.12891,-0.26415861,0.4227959985631402,0.1341004363076405,-0.310273975
956.464,2007,1/1/2007,9,31.350846,-81.332782,0.1636804727504772,0.2634434103965759,1.0668026208877563,0.021563342,318.4147949,50559.12891,-0.492427828,0.4662582023496961,-0.034665521,-0.27890411
226.928,2009,1/1/2009,9,31.350846,-81.332782,0.1323366261426636,0.2634434103965759,1.0668026208877563,0.021563342,326.8370666503906,50559.12891,-0.481138305,0.5096515089476805,0.051249471,0.1064383462071418
543.808,2010,1/1/2010,9,31.350846,-81.332782,0.1165176209831321,0.2634434103965759,1.0668026208877563,0.021563342,342.3510742,50559.12891,-0.471382917,0.5234156154236616,-0.022481009,-0.564383566
936.448,2013,1/1/2013,9,31.350846,-81.332782,0.1824892912022073,0.2634434103965759,1.0668026208877563,0.021563342,333.4030456542969,50559.12891,-0.344917373,0.5122290452308957,0.027838033,0.1560273915529251
628.896,2016,1/1/2016,9,31.350846,-81.332782,0.2001280180760294,0.2634434103965759,1.0668026208877563,0.021563342,331.1846618652344,50559.12891,-0.370557283,0.5559153300926357,0.043872999,-0.463561624
680.5600000000001,2017,1/1/2017,9,31.350846,-81.332782,0.1919286822218581,0.2634434103965759,1.0668026208877563,0.021563342,325.2271728515625,50559.12891,-0.360913576,0.5453206208215873,0.035506008,-0.082328767
489.056,2019,1/1/2019,9,31.350846,-81.332782,0.1396863505700799,0.2634434103965759,1.0668026208877563,0.021563342,318.2884826660156,50559.12891,-0.329044824,0.4749050922895667,0.031026702,-0.265774637
350.112,2020,1/1/2020,9,31.350846,-81.332782,0.1591324524557385,0.2634434103965759,1.0668026208877563,0.021563342,309.7468566894531,50559.12891,-0.318900366,0.5187858150990587,0.034724868,-0.069714278
339.728,2021,1/1/2021,9,31.350846,-81.332782,0.1488085106919476,0.2634434103965759,1.0668026208877563,0.021563342,332.6313171386719,50559.12891,-0.356822212,0.5182427204073855,0.031851945,0.1179452016949653
1011.088,2022,1/1/2022,9,31.350846,-81.332782,0.1938754910943057,0.2634434103965759,1.0668026208877563,0.021563342,337.8086853027344,50559.12891,-0.365792741,0.5473224054941255,0.035980235,-0.287534237
485.072,2014,1/1/2014,9,31.350846,-81.332782,0.157086225,0.2634434103965759,1.0668026208877563,0.021563342,339.1838073730469,50559.12891,-0.320360691,0.4564765576507614,0.059925452,0.08520548
519.744,2015,1/1/2015,9,31.350846,-81.332782,0.1419062696026476,0.2634434103965759,1.0668026208877563,0.021563342,312.5706481933594,50559.12891,-0.312327809,0.4638220515034701,0.036949764,0.014794519
547.792,2018,1/1/2018,9,31.350846,-81.332782,0.1764903873620189,0.2634434103965759,1.0668026208877563,0.021563342,329.3333740234375,50559.12891,-0.343980851,0.5250273,0.045824363,0.083561644
1204.064,2002,1/1/2002,9,31.350846000000004,-81.332782,0.1765158720342564,0.2634434103965759,1.0668026208877563,0.021563342,304.8837891,50559.12891,-0.426434638,0.5453450888285135,0.082257315,0.1171232908964157
654.688,2001,1/1/2001,9,31.350884,-81.332931,0.103795266,0.047963172,1.1035799980163574,0.024193548,343.8683776855469,50559.12891,-0.650598722,0.4658467392596868,-0.060166781,-0.170547947
2485.408,2002,1/1/2002,9,31.350884,-81.332931,0.1784449914617765,0.047963172,1.1035799980163574,0.024193548,304.8837891,50559.12891,-0.380680072,0.5875325399776875,0.1137276009778189,0.1171232908964157
700.3199999999999,2004,1/1/2004,9,31.350884,-81.332931,0.087445186,0.047963172,1.1035799980163574,0.024193548,321.93609619140625,50559.12891,-0.551565451,0.4867455138662326,-0.025551684,-0.194383562
506.992,2006,1/1/2006,9,31.350884,-81.332931,0.1703861758457069,0.047963172,1.1035799980163574,0.024193548,350.3093566894531,50559.12891,-0.281804599,0.525308702,0.039158914,-0.310273975
415.648,2007,1/1/2007,9,31.350884,-81.332931,0.1802230984091446,0.047963172,1.1035799980163574,0.024193548,318.4147949,50559.12891,-0.502150954,0.4883955965550228,-0.001012006,-0.27890411
506.08,2013,1/1/2013,9,31.350884,-81.332931,0.1892657640139883,0.047963172,1.1035799980163574,0.024193548,333.4030456542969,50559.12891,-0.364189986,0.5214162172353761,0.033426468,0.1560273915529251
214.704,2014,1/1/2014,9,31.350884,-81.332931,0.1753020293297598,0.047963172,1.1035799980163574,0.024193548,339.1838073730469,50559.12891,-0.365083846,0.4920759095699155,0.043917654,0.08520548
336.496,2015,1/1/2015,9,31.350884,-81.332931,0.1659487535224039,0.047963172,1.1035799980163574,0.024193548,312.5706481933594,50559.12891,-0.371089919,0.5132326429450239,0.026506024,0.014794519
330.736,2016,1/1/2016,9,31.350884,-81.332931,0.1922208786468491,0.047963172,1.1035799980163574,0.024193548,331.1846618652344,50559.12891,-0.390903898,0.566133107,0.021121668,-0.463561624
635.488,2017,1/1/2017,9,31.350884,-81.332931,0.2153659769042129,0.047963172,1.1035799980163574,0.024193548,325.2271728515625,50559.12891,-0.417981174,0.60882935,0.033440954,-0.082328767
522.672,2018,1/1/2018,9,31.350884,-81.332931,0.2201168454492862,0.047963172,1.1035799980163574,0.024193548,329.3333740234375,50559.12891,-0.400016119,0.5286430336672434,0.01874565,0.083561644
497.968,2019,1/1/2019,9,31.350884,-81.332931,0.1560784997589382,0.047963172,1.1035799980163574,0.024193548,318.2884826660156,50559.12891,-0.3484078,0.5246868726677102,0.015631579,-0.265774637
375.632,2020,1/1/2020,9,31.350884,-81.332931,0.1811944473123528,0.047963172,1.1035799980163574,0.024193548,309.7468566894531,50559.12891,-0.368427573,0.5644857452501821,0.011070502,-0.069714278
481.184,2021,1/1/2021,9,31.350884,-81.332931,0.1665755605012142,0.047963172,1.1035799980163574,0.024193548,332.6313171386719,50559.12891,-0.371390177,0.5398290264322971,0.014684544,0.1179452016949653
1009.856,2022,1/1/2022,9,31.350884,-81.332931,0.1813724742722268,0.047963172,1.1035799980163574,0.024193548,337.8086853027344,50559.12891,-0.349875399,0.5601302716240992,0.017688597,-0.287534237
444.576,2001,1/1/2001,9,31.350917,-81.333068,0.103795266,0.1573431640863418,1.0951738357543943,0.024193548,343.8683776855469,50559.12891,-0.650598722,0.4658467392596868,-0.060166781,-0.170547947
3399.072,2002,1/1/2002,9,31.350917,-81.333068,0.1784449914617765,0.1573431640863418,1.0951738357543943,0.024193548,304.8837891,50559.12891,-0.380680072,0.5875325399776875,0.1137276009778189,0.1171232908964157
458.816,2004,1/1/2004,9,31.350917,-81.333068,0.087445186,0.1573431640863418,1.0951738357543943,0.024193548,321.93609619140625,50559.12891,-0.551565451,0.4867455138662326,-0.025551684,-0.194383562
517.008,2007,1/1/2007,9,31.350917,-81.333068,0.1802230984091446,0.1573431640863418,1.0951738357543943,0.024193548,318.4147949,50559.12891,-0.502150954,0.4883955965550228,-0.001012006,-0.27890411
957.232,2013,1/1/2013,9,31.350917,-81.333068,0.1892657640139883,0.1573431640863418,1.0951738357543943,0.024193548,333.4030456542969,50559.12891,-0.364189986,0.5214162172353761,0.033426468,0.1560273915529251
333.392,2014,1/1/2014,9,31.350917,-81.333068,0.1753020293297598,0.1573431640863418,1.0951738357543943,0.024193548,339.1838073730469,50559.12891,-0.365083846,0.4920759095699155,0.043917654,0.08520548
253.2,2015,1/1/2015,9,31.350917,-81.333068,0.1659487535224039,0.1573431640863418,1.0951738357543943,0.024193548,312.5706481933594,50559.12891,-0.371089919,0.5132326429450239,0.026506024,0.014794519
358.75199999999995,2016,1/1/2016,9,31.350917,-81.333068,0.1922208786468491,0.1573431640863418,1.0951738357543943,0.024193548,331.1846618652344,50559.12891,-0.390903898,0.566133107,0.021121668,-0.463561624
434.256,2017,1/1/2017,9,31.350917,-81.333068,0.2153659769042129,0.1573431640863418,1.0951738357543943,0.024193548,325.2271728515625,50559.12891,-0.417981174,0.60882935,0.033440954,-0.082328767
285.568,2018,1/1/2018,9,31.350917,-81.333068,0.2201168454492862,0.1573431640863418,1.0951738357543943,0.024193548,329.3333740234375,50559.12891,-0.400016119,0.5286430336672434,0.01874565,0.083561644
306.48,2019,1/1/2019,9,31.350917,-81.333068,0.1560784997589382,0.1573431640863418,1.0951738357543943,0.024193548,318.2884826660156,50559.12891,-0.3484078,0.5246868726677102,0.015631579,-0.265774637
420.24,2020,1/1/2020,9,31.350917,-81.333068,0.1811944473123528,0.1573431640863418,1.0951738357543943,0.024193548,309.7468566894531,50559.12891,-0.368427573,0.5644857452501821,0.011070502,-0.069714278
406.256,2021,1/1/2021,9,31.350917,-81.333068,0.1665755605012142,0.1573431640863418,1.0951738357543943,0.024193548,332.6313171386719,50559.12891,-0.371390177,0.5398290264322971,0.014684544,0.1179452016949653
1201.136,2022,1/1/2022,9,31.350917,-81.333068,0.1813724742722268,0.1573431640863418,1.0951738357543943,0.024193548,337.8086853027344,50559.12891,-0.349875399,0.5601302716240992,0.017688597,-0.287534237
550.912,2006,1/1/2006,9,31.350917000000003,-81.333068,0.1703861758457069,0.1573431640863418,1.0951738357543943,0.024193548,350.3093566894531,50559.12891,-0.281804599,0.525308702,0.039158914,-0.310273975
764.352,2015,1/1/2015,9,31.351052,-81.332601,0.1397752136938755,0.3019491732120514,1.114139199256897,0.025568182,312.5706481933594,50559.12891,-0.289436747,0.4269923291795492,0.037097968,0.014794519
970.208,2016,1/1/2016,9,31.351052,-81.332601,0.187941154,0.3019491732120514,1.114139199256897,0.025568182,331.1846618652344,50559.12891,-0.393714635,0.5114048577043465,0.058313036,-0.463561624
769.04,2017,1/1/2017,9,31.351052,-81.332601,0.1645621508968455,0.3019491732120514,1.114139199256897,0.025568182,325.2271728515625,50559.12891,-0.389986961,0.5350299522106181,0.03106072,-0.082328767
881.5360000000001,2018,1/1/2018,9,31.351052,-81.332601,0.1655173859580766,0.3019491732120514,1.114139199256897,0.025568182,329.3333740234375,50559.12891,-0.395840184,0.5249340910337691,0.044970878,0.083561644
404.928,2019,1/1/2019,9,31.351052,-81.332601,0.1308949471030439,0.3019491732120514,1.114139199256897,0.025568182,318.2884826660156,50559.12891,-0.352539571,0.4409085043231384,0.032236544,-0.265774637
1045.824,2022,1/1/2022,9,31.351052,-81.332601,0.171018984,0.3019491732120514,1.114139199256897,0.025568182,337.8086853027344,50559.12891,-0.370469424,0.5228442769737425,0.073448389,-0.287534237
951.472,2013,1/1/2013,9,31.351052000000003,-81.332601,0.1852702810917367,0.3019491732120514,1.114139199256897,0.025568182,333.4030456542969,50559.12891,-0.35701935,0.5308576664278809,0.040086596,0.1560273915529251
819.424,2014,1/1/2014,9,31.351052000000003,-81.332601,0.1539202144669964,0.3019491732120514,1.114139199256897,0.025568182,339.1838073730469,50559.12891,-0.347136685,0.4570157051589286,0.055021719,0.08520548
869.376,2020,1/1/2020,9,31.351052000000003,-81.332601,0.1540906161517598,0.3019491732120514,1.114139199256897,0.025568182,309.7468566894531,50559.12891,-0.294123362,0.5048953726188011,0.051067781,-0.069714278
674.848,2021,1/1/2021,9,31.351052000000003,-81.332601,0.1556341880651871,0.3019491732120514,1.114139199256897,0.025568182,332.6313171386719,50559.12891,-0.38554101,0.5158139674403509,0.036619032,0.1179452016949653
762.16,2022,1/1/2022,9,31.35106,-81.333347,0.163040814,0.4828165173530578,1.0439985990524292,0.021621622,337.8086853027344,50559.12891,-0.335872778,0.524209455,0.046958806,-0.287534237
452.848,2001,1/1/2001,9,31.35106,-81.333347,0.1222897957353974,0.4828165173530578,1.0439985990524292,0.021621622,343.8683776855469,50559.12891,-0.531011201,0.4883054892601431,-0.109380274,-0.170547947
313.856,2004,1/1/2004,9,31.35106,-81.333347,0.116442573,0.4828165173530578,1.0439985990524292,0.021621622,321.93609619140625,50559.12891,-0.475975665,0.4354872953625958,0.019378603,-0.194383562
893.264,2005,1/1/2005,9,31.35106,-81.333347,0.1678865082422327,0.4828165173530578,1.0439985990524292,0.021621622,331.6129455566406,50559.12891,-0.450337052,0.5075903614457832,0.022708789,0.3216438293457031
405.76,2006,1/1/2006,9,31.35106,-81.333347,0.1521570389156946,0.4828165173530578,1.0439985990524292,0.021621622,350.3093566894531,50559.12891,-0.259313546,0.4693371922208342,0.1569588183273982,-0.310273975
546.5120000000001,2007,1/1/2007,9,31.35106,-81.333347,0.1434346436037217,0.4828165173530578,1.0439985990524292,0.021621622,318.4147949,50559.12891,-0.347366676,0.3607345867949285,0.019432288,-0.27890411
612.752,2013,1/1/2013,9,31.35106,-81.333347,0.1730388504683566,0.4828165173530578,1.0439985990524292,0.021621622,333.4030456542969,50559.12891,-0.34629878,0.5399186816949162,0.049290515,0.1560273915529251
284,2014,1/1/2014,9,31.35106,-81.333347,0.159594492,0.4828165173530578,1.0439985990524292,0.021621622,339.1838073730469,50559.12891,-0.330487915,0.4814805372035386,0.057062911,0.08520548
557.488,2015,1/1/2015,9,31.35106,-81.333347,0.1492253274029984,0.4828165173530578,1.0439985990524292,0.021621622,312.5706481933594,50559.12891,-0.293478052,0.4776027264744182,0.036096836,0.014794519
612.176,2017,1/1/2017,9,31.35106,-81.333347,0.1889407162090875,0.4828165173530578,1.0439985990524292,0.021621622,325.2271728515625,50559.12891,-0.335552319,0.5611371816652652,0.062371245,-0.082328767
480.736,2018,1/1/2018,9,31.35106,-81.333347,0.1846242788268435,0.4828165173530578,1.0439985990524292,0.021621622,329.3333740234375,50559.12891,-0.370964091,0.4970559746688507,0.055132616,0.083561644
301.264,2020,1/1/2020,9,31.35106,-81.333347,0.1882690818016762,0.4828165173530578,1.0439985990524292,0.021621622,309.7468566894531,50559.12891,-0.361668188,0.5714134766963856,0.039926384,-0.069714278
470.416,2021,1/1/2021,9,31.35106,-81.333347,0.1659912608489144,0.4828165173530578,1.0439985990524292,0.021621622,332.6313171386719,50559.12891,-0.381857068,0.5352677476191186,0.037688949,0.1179452016949653
601.376,2010,1/1/2010,9,31.351060000000004,-81.333347,0.149161263,0.4828165173530578,1.0439985990524292,0.021621622,342.3510742,50559.12891,-0.310472593,0.4705990257424126,0.04839556,-0.564383566
351.344,2016,1/1/2016,9,31.351060000000004,-81.333347,0.1805302761216544,0.4828165173530578,1.0439985990524292,0.021621622,331.1846618652344,50559.12891,-0.350552403,0.5181630758305652,0.068856361,-0.463561624
506.864,2019,1/1/2019,9,31.351060000000004,-81.333347,0.1398308138887249,0.4828165173530578,1.0439985990524292,0.021621622,318.2884826660156,50559.12891,-0.333492781,0.4917932041072385,0.041563894,-0.265774637
1024.896,2014,1/1/2014,9,31.351061,-81.332884,0.1570039872413704,0.8846309781074524,1.2911169528961182,0.025641026,339.1838073730469,50559.12891,-0.336174205,0.4797300274035821,0.054236408,0.08520548
819.344,2015,1/1/2015,9,31.351061,-81.332884,0.1457863794038193,0.8846309781074524,1.2911169528961182,0.025641026,312.5706481933594,50559.12891,-0.280346091,0.4732910542438672,0.038268264,0.014794519
905.376,2016,1/1/2016,9,31.351061,-81.332884,0.1944032116011458,0.8846309781074524,1.2911169528961182,0.025641026,331.1846618652344,50559.12891,-0.365203681,0.5401728355456059,0.04880485,-0.463561624
903.36,2017,1/1/2017,9,31.351061,-81.332884,0.1961009929576238,0.8846309781074524,1.2911169528961182,0.025641026,325.2271728515625,50559.12891,-0.355014536,0.5715178699283352,0.053832885,-0.082328767
495.744,2018,1/1/2018,9,31.351061,-81.332884,0.2018437244623455,0.8846309781074524,1.2911169528961182,0.025641026,329.3333740234375,50559.12891,-0.354953923,0.502945056,0.040567376,0.083561644
428.176,2019,1/1/2019,9,31.351061,-81.332884,0.1436021137458793,0.8846309781074524,1.2911169528961182,0.025641026,318.2884826660156,50559.12891,-0.307072992,0.4873753192309553,0.035601339,-0.265774637
887.472,2020,1/1/2020,9,31.351061,-81.332884,0.1739639997577731,0.8846309781074524,1.2911169528961182,0.025641026,309.7468566894531,50559.12891,-0.312669267,0.5471768288039798,0.040225627,-0.069714278
1076.304,2021,1/1/2021,9,31.351061,-81.332884,0.1664521360158111,0.8846309781074524,1.2911169528961182,0.025641026,332.6313171386719,50559.12891,-0.365538236,0.5249088832358076,0.029689609,0.1179452016949653
1139.664,2022,1/1/2022,9,31.351061,-81.332884,0.1738089392416718,0.8846309781074524,1.2911169528961182,0.025641026,337.8086853027344,50559.12891,-0.3234822,0.5168740857920312,0.048501241,-0.287534237
858.592,2013,1/1/2013,9,31.351061000000005,-81.332884,0.1817300973171369,0.8846309781074524,1.2911169528961182,0.025641026,333.4030456542969,50559.12891,-0.322282612,0.5207962768486823,0.044507652,0.1560273915529251
1343.216,2013,1/1/2013,9,31.351126,-81.333172,0.1730388504683566,0.6043879389762878,1.3053160905838013,0.021621622,333.4030456542969,50559.12891,-0.34629878,0.5399186816949162,0.049290515,0.1560273915529251
1299.04,2014,1/1/2014,9,31.351126,-81.333172,0.159594492,0.6043879389762878,1.3053160905838013,0.021621622,339.1838073730469,50559.12891,-0.330487915,0.4814805372035386,0.057062911,0.08520548
1177.232,2015,1/1/2015,9,31.351126,-81.333172,0.1492253274029984,0.6043879389762878,1.3053160905838013,0.021621622,312.5706481933594,50559.12891,-0.293478052,0.4776027264744182,0.036096836,0.014794519
400.2720000000001,2016,1/1/2016,9,31.351126,-81.333172,0.1805302761216544,0.6043879389762878,1.3053160905838013,0.021621622,331.1846618652344,50559.12891,-0.350552403,0.5181630758305652,0.068856361,-0.463561624
288.896,2017,1/1/2017,9,31.351126,-81.333172,0.1889407162090875,0.6043879389762878,1.3053160905838013,0.021621622,325.2271728515625,50559.12891,-0.335552319,0.5611371816652652,0.062371245,-0.082328767
955.552,2018,1/1/2018,9,31.351126,-81.333172,0.1846242788268435,0.6043879389762878,1.3053160905838013,0.021621622,329.3333740234375,50559.12891,-0.370964091,0.4970559746688507,0.055132616,0.083561644
549.76,2019,1/1/2019,9,31.351126,-81.333172,0.1398308138887249,0.6043879389762878,1.3053160905838013,0.021621622,318.2884826660156,50559.12891,-0.333492781,0.4917932041072385,0.041563894,-0.265774637
1184.784,2020,1/1/2020,9,31.351126,-81.333172,0.1882690818016762,0.6043879389762878,1.3053160905838013,0.021621622,309.7468566894531,50559.12891,-0.361668188,0.5714134766963856,0.039926384,-0.069714278
804.176,2022,1/1/2022,9,31.351126,-81.333172,0.163040814,0.6043879389762878,1.3053160905838013,0.021621622,337.8086853027344,50559.12891,-0.335872778,0.524209455,0.046958806,-0.287534237
1385.856,2021,1/1/2021,9,31.351126000000004,-81.333172,0.1659912608489144,0.6043879389762878,1.3053160905838013,0.021621622,332.6313171386719,50559.12891,-0.381857068,0.5352677476191186,0.037688949,0.1179452016949653
465.952,2000,1/1/2000,9,31.351153,-81.333467,0.1115084788337824,0.575576127,1.027618408203125,0.023136247,337.6473999023437,50559.12891,-0.37414966,0.4743457393824141,0.1042039185847441,-0.367123276
407.104,2001,1/1/2001,9,31.351153,-81.333467,0.1201771054035073,0.575576127,1.027618408203125,0.023136247,343.8683776855469,50559.12891,-0.657059315,0.4702436103944245,-0.069667309,-0.170547947
534.336,2004,1/1/2004,9,31.351153,-81.333467,0.1414722246968975,0.575576127,1.027618408203125,0.023136247,321.93609619140625,50559.12891,-0.514237388,0.4878633121918231,0.050290003,-0.194383562
553.568,2005,1/1/2005,9,31.351153,-81.333467,0.1685299295206186,0.575576127,1.027618408203125,0.023136247,331.6129455566406,50559.12891,-0.498211819,0.5155621845336282,-0.013496933,0.3216438293457031
759.5360000000001,2006,1/1/2006,9,31.351153,-81.333467,0.1383245469110031,0.575576127,1.027618408203125,0.023136247,350.3093566894531,50559.12891,-0.278952785,0.4923157880533776,0.007956281,-0.310273975
709.936,2007,1/1/2007,9,31.351153,-81.333467,0.1496861886270197,0.575576127,1.027618408203125,0.023136247,318.4147949,50559.12891,-0.380327989,0.342044883,0.038231927,-0.27890411
373.904,2009,1/1/2009,9,31.351153,-81.333467,0.1296995586239691,0.575576127,1.027618408203125,0.023136247,326.8370666503906,50559.12891,-0.433017056,0.4950137728872988,0.087972072,0.1064383462071418
421.28,2010,1/1/2010,9,31.351153,-81.333467,0.1492280838209624,0.575576127,1.027618408203125,0.023136247,342.3510742,50559.12891,-0.35977241,0.4707176916493458,0.03010113,-0.564383566
262.176,2011,1/1/2011,9,31.351153,-81.333467,0.099367164,0.575576127,1.027618408203125,0.023136247,349.33282470703125,50559.12891,-0.295643102,0.3336029114435913,0.053330631,-0.365890414
600.608,2013,1/1/2013,9,31.351153,-81.333467,0.1726380950154343,0.575576127,1.027618408203125,0.023136247,333.4030456542969,50559.12891,-0.398383054,0.5475571457918471,0.046482319,0.1560273915529251
146.768,2014,1/1/2014,9,31.351153,-81.333467,0.1518145371676321,0.575576127,1.027618408203125,0.023136247,339.1838073730469,50559.12891,-0.340104502,0.4593561089357368,0.051755835,0.08520548
246.4,2015,1/1/2015,9,31.351153,-81.333467,0.1425671911066302,0.575576127,1.027618408203125,0.023136247,312.5706481933594,50559.12891,-0.314342313,0.4598097821712967,0.034221924,0.014794519
542.592,2016,1/1/2016,9,31.351153,-81.333467,0.1665913562092152,0.575576127,1.027618408203125,0.023136247,331.1846618652344,50559.12891,-0.343670878,0.4881352348780251,0.064654973,-0.463561624
319.6,2017,1/1/2017,9,31.351153,-81.333467,0.1736370286606506,0.575576127,1.027618408203125,0.023136247,325.2271728515625,50559.12891,-0.367538954,0.5324970846664628,0.054696252,-0.082328767
335.104,2018,1/1/2018,9,31.351153,-81.333467,0.1739118439318766,0.575576127,1.027618408203125,0.023136247,329.3333740234375,50559.12891,-0.396767518,0.4830109481547668,0.044036648,0.083561644
193.472,2019,1/1/2019,9,31.351153,-81.333467,0.1300976045602409,0.575576127,1.027618408203125,0.023136247,318.2884826660156,50559.12891,-0.336729424,0.3259023797045859,0.037161174,-0.265774637
181.904,2020,1/1/2020,9,31.351153,-81.333467,0.1765427034875538,0.575576127,1.027618408203125,0.023136247,309.7468566894531,50559.12891,-0.380489633,0.5442978992609425,0.027130877,-0.069714278
379.2,2021,1/1/2021,9,31.351153,-81.333467,0.1645387501794147,0.575576127,1.027618408203125,0.023136247,332.6313171386719,50559.12891,-0.397164729,0.5405232889631826,0.029195066,0.1179452016949653
873.792,2022,1/1/2022,9,31.351153,-81.333467,0.1730093218181464,0.575576127,1.027618408203125,0.023136247,337.8086853027344,50559.12891,-0.369071651,0.5434171002063848,0.036230459,-0.287534237
2642.4,2002,1/1/2002,9,31.351153000000004,-81.333467,0.1689420211535151,0.575576127,1.027618408203125,0.023136247,304.8837891,50559.12891,-0.347919063,0.5295022441878057,0.1445694459047422,0.1171232908964157
445.984,2016,1/1/2016,9,31.351196,-81.333574,0.1665913562092152,1.2865331172943115,1.0182157754898071,0.023136247,331.1846618652344,50559.12891,-0.343670878,0.4881352348780251,0.064654973,-0.463561624
366.208,2001,1/1/2001,9,31.351196,-81.333574,0.1201771054035073,1.2865331172943115,1.0182157754898071,0.023136247,343.8683776855469,50559.12891,-0.657059315,0.4702436103944245,-0.069667309,-0.170547947
3098.208,2002,1/1/2002,9,31.351196,-81.333574,0.1689420211535151,1.2865331172943115,1.0182157754898071,0.023136247,304.8837891,50559.12891,-0.347919063,0.5295022441878057,0.1445694459047422,0.1171232908964157
932.464,2007,1/1/2007,9,31.351196,-81.333574,0.1496861886270197,1.2865331172943115,1.0182157754898071,0.023136247,318.4147949,50559.12891,-0.380327989,0.342044883,0.038231927,-0.27890411
914.608,2009,1/1/2009,9,31.351196,-81.333574,0.1296995586239691,1.2865331172943115,1.0182157754898071,0.023136247,326.8370666503906,50559.12891,-0.433017056,0.4950137728872988,0.087972072,0.1064383462071418
801.296,2010,1/1/2010,9,31.351196,-81.333574,0.1492280838209624,1.2865331172943115,1.0182157754898071,0.023136247,342.3510742,50559.12891,-0.35977241,0.4707176916493458,0.03010113,-0.564383566
216,2011,1/1/2011,9,31.351196,-81.333574,0.099367164,1.2865331172943115,1.0182157754898071,0.023136247,349.33282470703125,50559.12891,-0.295643102,0.3336029114435913,0.053330631,-0.365890414
798.928,2013,1/1/2013,9,31.351196,-81.333574,0.1726380950154343,1.2865331172943115,1.0182157754898071,0.023136247,333.4030456542969,50559.12891,-0.398383054,0.5475571457918471,0.046482319,0.1560273915529251
336.736,2014,1/1/2014,9,31.351196,-81.333574,0.1518145371676321,1.2865331172943115,1.0182157754898071,0.023136247,339.1838073730469,50559.12891,-0.340104502,0.4593561089357368,0.051755835,0.08520548
355.728,2015,1/1/2015,9,31.351196,-81.333574,0.1425671911066302,1.2865331172943115,1.0182157754898071,0.023136247,312.5706481933594,50559.12891,-0.314342313,0.4598097821712967,0.034221924,0.014794519
502.464,2017,1/1/2017,9,31.351196,-81.333574,0.1736370286606506,1.2865331172943115,1.0182157754898071,0.023136247,325.2271728515625,50559.12891,-0.367538954,0.5324970846664628,0.054696252,-0.082328767
510.8,2018,1/1/2018,9,31.351196,-81.333574,0.1739118439318766,1.2865331172943115,1.0182157754898071,0.023136247,329.3333740234375,50559.12891,-0.396767518,0.4830109481547668,0.044036648,0.083561644
438.816,2019,1/1/2019,9,31.351196,-81.333574,0.1300976045602409,1.2865331172943115,1.0182157754898071,0.023136247,318.2884826660156,50559.12891,-0.336729424,0.3259023797045859,0.037161174,-0.265774637
374.288,2021,1/1/2021,9,31.351196,-81.333574,0.1645387501794147,1.2865331172943115,1.0182157754898071,0.023136247,332.6313171386719,50559.12891,-0.397164729,0.5405232889631826,0.029195066,0.1179452016949653
1123.52,2022,1/1/2022,9,31.351196,-81.333574,0.1730093218181464,1.2865331172943115,1.0182157754898071,0.023136247,337.8086853027344,50559.12891,-0.369071651,0.5434171002063848,0.036230459,-0.287534237
341.12,2000,1/1/2000,9,31.351196000000005,-81.333574,0.1115084788337824,1.2865331172943115,1.0182157754898071,0.023136247,337.6473999023437,50559.12891,-0.37414966,0.4743457393824141,0.1042039185847441,-0.367123276
340.736,2004,1/1/2004,9,31.351196000000005,-81.333574,0.1414722246968975,1.2865331172943115,1.0182157754898071,0.023136247,321.93609619140625,50559.12891,-0.514237388,0.4878633121918231,0.050290003,-0.194383562
695.056,2005,1/1/2005,9,31.351196000000005,-81.333574,0.1685299295206186,1.2865331172943115,1.0182157754898071,0.023136247,331.6129455566406,50559.12891,-0.498211819,0.5155621845336282,-0.013496933,0.3216438293457031
575.312,2006,1/1/2006,9,31.351196000000005,-81.333574,0.1383245469110031,1.2865331172943115,1.0182157754898071,0.023136247,350.3093566894531,50559.12891,-0.278952785,0.4923157880533776,0.007956281,-0.310273975
374.208,2020,1/1/2020,9,31.351196000000005,-81.333574,0.1765427034875538,1.2865331172943115,1.0182157754898071,0.023136247,309.7468566894531,50559.12891,-0.380489633,0.5442978992609425,0.027130877,-0.069714278
385.616,2000,1/1/2000,9,31.351197,-81.333752,0.1115084788337824,1.1884872913360596,0.9487316608428956,0.023136247,337.6473999023437,50559.12891,-0.37414966,0.4743457393824141,0.1042039185847441,-0.367123276
498.48,2001,1/1/2001,9,31.351197,-81.333752,0.1201771054035073,1.1884872913360596,0.9487316608428956,0.023136247,343.8683776855469,50559.12891,-0.657059315,0.4702436103944245,-0.069667309,-0.170547947
2203.36,2002,1/1/2002,9,31.351197,-81.333752,0.1689420211535151,1.1884872913360596,0.9487316608428956,0.023136247,304.8837891,50559.12891,-0.347919063,0.5295022441878057,0.1445694459047422,0.1171232908964157
529.504,2004,1/1/2004,9,31.351197,-81.333752,0.1414722246968975,1.1884872913360596,0.9487316608428956,0.023136247,321.93609619140625,50559.12891,-0.514237388,0.4878633121918231,0.050290003,-0.194383562
928.176,2005,1/1/2005,9,31.351197,-81.333752,0.1685299295206186,1.1884872913360596,0.9487316608428956,0.023136247,331.6129455566406,50559.12891,-0.498211819,0.5155621845336282,-0.013496933,0.3216438293457031
339.6,2006,1/1/2006,9,31.351197,-81.333752,0.1383245469110031,1.1884872913360596,0.9487316608428956,0.023136247,350.3093566894531,50559.12891,-0.278952785,0.4923157880533776,0.007956281,-0.310273975
694.704,2007,1/1/2007,9,31.351197,-81.333752,0.1496861886270197,1.1884872913360596,0.9487316608428956,0.023136247,318.4147949,50559.12891,-0.380327989,0.342044883,0.038231927,-0.27890411
280.896,2013,1/1/2013,9,31.351197,-81.333752,0.1726380950154343,1.1884872913360596,0.9487316608428956,0.023136247,333.4030456542969,50559.12891,-0.398383054,0.5475571457918471,0.046482319,0.1560273915529251
232.256,2014,1/1/2014,9,31.351197,-81.333752,0.1518145371676321,1.1884872913360596,0.9487316608428956,0.023136247,339.1838073730469,50559.12891,-0.340104502,0.4593561089357368,0.051755835,0.08520548
148.032,2015,1/1/2015,9,31.351197,-81.333752,0.1425671911066302,1.1884872913360596,0.9487316608428956,0.023136247,312.5706481933594,50559.12891,-0.314342313,0.4598097821712967,0.034221924,0.014794519
157.792,2016,1/1/2016,9,31.351197,-81.333752,0.1665913562092152,1.1884872913360596,0.9487316608428956,0.023136247,331.1846618652344,50559.12891,-0.343670878,0.4881352348780251,0.064654973,-0.463561624
285.952,2017,1/1/2017,9,31.351197,-81.333752,0.1736370286606506,1.1884872913360596,0.9487316608428956,0.023136247,325.2271728515625,50559.12891,-0.367538954,0.5324970846664628,0.054696252,-0.082328767
280.432,2018,1/1/2018,9,31.351197,-81.333752,0.1739118439318766,1.1884872913360596,0.9487316608428956,0.023136247,329.3333740234375,50559.12891,-0.396767518,0.4830109481547668,0.044036648,0.083561644
415.056,2019,1/1/2019,9,31.351197,-81.333752,0.1300976045602409,1.1884872913360596,0.9487316608428956,0.023136247,318.2884826660156,50559.12891,-0.336729424,0.3259023797045859,0.037161174,-0.265774637
676.288,2020,1/1/2020,9,31.351197,-81.333752,0.1765427034875538,1.1884872913360596,0.9487316608428956,0.023136247,309.7468566894531,50559.12891,-0.380489633,0.5442978992609425,0.027130877,-0.069714278
776.672,2021,1/1/2021,9,31.351197,-81.333752,0.1645387501794147,1.1884872913360596,0.9487316608428956,0.023136247,332.6313171386719,50559.12891,-0.397164729,0.5405232889631826,0.029195066,0.1179452016949653
701.904,2022,1/1/2022,9,31.351197,-81.333752,0.1730093218181464,1.1884872913360596,0.9487316608428956,0.023136247,337.8086853027344,50559.12891,-0.369071651,0.5434171002063848,0.036230459,-0.287534237
450.288,2009,1/1/2009,9,31.351197000000003,-81.333752,0.1296995586239691,1.1884872913360596,0.9487316608428956,0.023136247,326.8370666503906,50559.12891,-0.433017056,0.4950137728872988,0.087972072,0.1064383462071418
438.304,2010,1/1/2010,9,31.351197000000003,-81.333752,0.1492280838209624,1.1884872913360596,0.9487316608428956,0.023136247,342.3510742,50559.12891,-0.35977241,0.4707176916493458,0.03010113,-0.564383566
96.704,2011,1/1/2011,9,31.351197000000003,-81.333752,0.099367164,1.1884872913360596,0.9487316608428956,0.023136247,349.33282470703125,50559.12891,-0.295643102,0.3336029114435913,0.053330631,-0.365890414
622.384,2013,1/1/2013,9,31.351209,-81.333226,0.1730388504683566,0.4952744245529175,1.114863634109497,0.021621622,333.4030456542969,50559.12891,-0.34629878,0.5399186816949162,0.049290515,0.1560273915529251
512.4639999999999,2014,1/1/2014,9,31.351209,-81.333226,0.159594492,0.4952744245529175,1.114863634109497,0.021621622,339.1838073730469,50559.12891,-0.330487915,0.4814805372035386,0.057062911,0.08520548
824.224,2015,1/1/2015,9,31.351209,-81.333226,0.1492253274029984,0.4952744245529175,1.114863634109497,0.021621622,312.5706481933594,50559.12891,-0.293478052,0.4776027264744182,0.036096836,0.014794519
785.712,2016,1/1/2016,9,31.351209,-81.333226,0.1805302761216544,0.4952744245529175,1.114863634109497,0.021621622,331.1846618652344,50559.12891,-0.350552403,0.5181630758305652,0.068856361,-0.463561624
519.152,2017,1/1/2017,9,31.351209,-81.333226,0.1889407162090875,0.4952744245529175,1.114863634109497,0.021621622,325.2271728515625,50559.12891,-0.335552319,0.5611371816652652,0.062371245,-0.082328767
895.4879999999999,2018,1/1/2018,9,31.351209,-81.333226,0.1846242788268435,0.4952744245529175,1.114863634109497,0.021621622,329.3333740234375,50559.12891,-0.370964091,0.4970559746688507,0.055132616,0.083561644
500.16,2019,1/1/2019,9,31.351209,-81.333226,0.1398308138887249,0.4952744245529175,1.114863634109497,0.021621622,318.2884826660156,50559.12891,-0.333492781,0.4917932041072385,0.041563894,-0.265774637
1165.824,2020,1/1/2020,9,31.351209,-81.333226,0.1882690818016762,0.4952744245529175,1.114863634109497,0.021621622,309.7468566894531,50559.12891,-0.361668188,0.5714134766963856,0.039926384,-0.069714278
822.2719999999999,2021,1/1/2021,9,31.351209,-81.333226,0.1659912608489144,0.4952744245529175,1.114863634109497,0.021621622,332.6313171386719,50559.12891,-0.381857068,0.5352677476191186,0.037688949,0.1179452016949653
794.16,2022,1/1/2022,9,31.351209,-81.333226,0.163040814,0.4952744245529175,1.114863634109497,0.021621622,337.8086853027344,50559.12891,-0.335872778,0.524209455,0.046958806,-0.287534237
945.2,2022,1/1/2022,9,31.35127,-81.333347,0.163040814,0.8478465676307678,1.154412031173706,0.021621622,337.8086853027344,50559.12891,-0.335872778,0.524209455,0.046958806,-0.287534237
665.04,2013,1/1/2013,9,31.35127,-81.333347,0.1730388504683566,0.8478465676307678,1.154412031173706,0.021621622,333.4030456542969,50559.12891,-0.34629878,0.5399186816949162,0.049290515,0.1560273915529251
618.736,2014,1/1/2014,9,31.35127,-81.333347,0.159594492,0.8478465676307678,1.154412031173706,0.021621622,339.1838073730469,50559.12891,-0.330487915,0.4814805372035386,0.057062911,0.08520548
1078.208,2015,1/1/2015,9,31.35127,-81.333347,0.1492253274029984,0.8478465676307678,1.154412031173706,0.021621622,312.5706481933594,50559.12891,-0.293478052,0.4776027264744182,0.036096836,0.014794519
216.96,2017,1/1/2017,9,31.35127,-81.333347,0.1889407162090875,0.8478465676307678,1.154412031173706,0.021621622,325.2271728515625,50559.12891,-0.335552319,0.5611371816652652,0.062371245,-0.082328767
418.112,2018,1/1/2018,9,31.35127,-81.333347,0.1846242788268435,0.8478465676307678,1.154412031173706,0.021621622,329.3333740234375,50559.12891,-0.370964091,0.4970559746688507,0.055132616,0.083561644
372.688,2019,1/1/2019,9,31.35127,-81.333347,0.1398308138887249,0.8478465676307678,1.154412031173706,0.021621622,318.2884826660156,50559.12891,-0.333492781,0.4917932041072385,0.041563894,-0.265774637
1151.6,2020,1/1/2020,9,31.35127,-81.333347,0.1882690818016762,0.8478465676307678,1.154412031173706,0.021621622,309.7468566894531,50559.12891,-0.361668188,0.5714134766963856,0.039926384,-0.069714278
788.704,2021,1/1/2021,9,31.35127,-81.333347,0.1659912608489144,0.8478465676307678,1.154412031173706,0.021621622,332.6313171386719,50559.12891,-0.381857068,0.5352677476191186,0.037688949,0.1179452016949653
833.76,2016,1/1/2016,9,31.351270000000003,-81.333347,0.1805302761216544,0.8478465676307678,1.154412031173706,0.021621622,331.1846618652344,50559.12891,-0.350552403,0.5181630758305652,0.068856361,-0.463561624
575.168,2013,1/1/2013,9,31.351289,-81.333448,0.1726380950154343,0.6465837955474854,1.333648681640625,0.023136247,333.4030456542969,50559.12891,-0.398383054,0.5475571457918471,0.046482319,0.1560273915529251
957.6,2014,1/1/2014,9,31.351289,-81.333448,0.1518145371676321,0.6465837955474854,1.333648681640625,0.023136247,339.1838073730469,50559.12891,-0.340104502,0.4593561089357368,0.051755835,0.08520548
1171.968,2015,1/1/2015,9,31.351289,-81.333448,0.1425671911066302,0.6465837955474854,1.333648681640625,0.023136247,312.5706481933594,50559.12891,-0.314342313,0.4598097821712967,0.034221924,0.014794519
878.592,2016,1/1/2016,9,31.351289,-81.333448,0.1665913562092152,0.6465837955474854,1.333648681640625,0.023136247,331.1846618652344,50559.12891,-0.343670878,0.4881352348780251,0.064654973,-0.463561624
729.008,2017,1/1/2017,9,31.351289,-81.333448,0.1736370286606506,0.6465837955474854,1.333648681640625,0.023136247,325.2271728515625,50559.12891,-0.367538954,0.5324970846664628,0.054696252,-0.082328767
863.856,2018,1/1/2018,9,31.351289,-81.333448,0.1739118439318766,0.6465837955474854,1.333648681640625,0.023136247,329.3333740234375,50559.12891,-0.396767518,0.4830109481547668,0.044036648,0.083561644
652.608,2019,1/1/2019,9,31.351289,-81.333448,0.1300976045602409,0.6465837955474854,1.333648681640625,0.023136247,318.2884826660156,50559.12891,-0.336729424,0.3259023797045859,0.037161174,-0.265774637
609.2,2021,1/1/2021,9,31.351289,-81.333448,0.1645387501794147,0.6465837955474854,1.333648681640625,0.023136247,332.6313171386719,50559.12891,-0.397164729,0.5405232889631826,0.029195066,0.1179452016949653
1123.984,2022,1/1/2022,9,31.351289,-81.333448,0.1730093218181464,0.6465837955474854,1.333648681640625,0.023136247,337.8086853027344,50559.12891,-0.369071651,0.5434171002063848,0.036230459,-0.287534237
1573.552,2020,1/1/2020,9,31.351289000000005,-81.333448,0.1765427034875538,0.6465837955474854,1.333648681640625,0.023136247,309.7468566894531,50559.12891,-0.380489633,0.5442978992609425,0.027130877,-0.069714278
105.616,2000,1/1/2000,6,31.387539,-81.280655,0.069152378,0.1223240420222282,0.8469547629356384,0.34457478,333.8920593261719,50559.12891,-0.440719637,0.2657106353508698,0.012979615,-0.428493142
112.256,2001,1/1/2001,6,31.387539,-81.280655,0.099898172,0.1223240420222282,0.8469547629356384,0.34457478,342.8481445,50559.12891,-0.509410941,0.341985062,0.046366404,-0.236986294
198.688,2002,1/1/2002,6,31.387539,-81.280655,0.1113196542504238,0.1223240420222282,0.8469547629356384,0.34457478,303.7332458496094,50559.12891,-0.460853799,0.3412107489863725,0.065748382,0.1084931492805481
0,2004,1/1/2004,6,31.387539,-81.280655,0.1177118094985963,0.1223240420222282,0.8469547629356384,0.34457478,319.4435729980469,50559.12891,-0.559035482,0.3858636108626916,0.039961557,-0.178082198
0,2004,1/1/2004,6,31.387539,-81.280655,0.1177118094985963,0.1223240420222282,0.8469547629356384,0.34457478,330.20098876953125,50559.12891,-0.559035482,0.3858636108626916,0.039961557,0.3652054667472839
0,2004,1/1/2004,6,31.387539,-81.280655,0.1177118094985963,0.1223240420222282,0.8469547629356384,0.34457478,347.6445617675781,50559.12891,-0.559035482,0.3858636108626916,0.039961557,-0.285753429
0,2004,1/1/2004,6,31.387539,-81.280655,0.1177118094985963,0.1223240420222282,0.8469547629356384,0.34457478,313.9540100097656,50559.12891,-0.559035482,0.3858636108626916,0.039961557,-0.28684932
0,2004,1/1/2004,6,31.387539,-81.280655,0.1177118094985963,0.1223240420222282,0.8469547629356384,0.34457478,328.1792297363281,50559.12891,-0.559035482,0.3858636108626916,0.039961557,-0.189589038
0,2005,1/1/2005,6,31.387539,-81.280655,0.094916256,0.1223240420222282,0.8469547629356384,0.34457478,319.4435729980469,50559.12891,-0.53020429,0.3219788417207745,0.078595047,-0.178082198
0,2005,1/1/2005,6,31.387539,-81.280655,0.094916256,0.1223240420222282,0.8469547629356384,0.34457478,330.20098876953125,50559.12891,-0.53020429,0.3219788417207745,0.078595047,0.3652054667472839
0,2005,1/1/2005,6,31.387539,-81.280655,0.094916256,0.1223240420222282,0.8469547629356384,0.34457478,347.6445617675781,50559.12891,-0.53020429,0.3219788417207745,0.078595047,-0.285753429
0,2005,1/1/2005,6,31.387539,-81.280655,0.094916256,0.1223240420222282,0.8469547629356384,0.34457478,313.9540100097656,50559.12891,-0.53020429,0.3219788417207745,0.078595047,-0.28684932
0,2005,1/1/2005,6,31.387539,-81.280655,0.094916256,0.1223240420222282,0.8469547629356384,0.34457478,328.1792297363281,50559.12891,-0.53020429,0.3219788417207745,0.078595047,-0.189589038
0,2006,1/1/2006,6,31.387539,-81.280655,0.086598458,0.1223240420222282,0.8469547629356384,0.34457478,319.4435729980469,50559.12891,-0.466320128,0.2980382136280338,0.046608482,-0.178082198
0,2006,1/1/2006,6,31.387539,-81.280655,0.086598458,0.1223240420222282,0.8469547629356384,0.34457478,330.20098876953125,50559.12891,-0.466320128,0.2980382136280338,0.046608482,0.3652054667472839
0,2006,1/1/2006,6,31.387539,-81.280655,0.086598458,0.1223240420222282,0.8469547629356384,0.34457478,347.6445617675781,50559.12891,-0.466320128,0.2980382136280338,0.046608482,-0.285753429
0,2006,1/1/2006,6,31.387539,-81.280655,0.086598458,0.1223240420222282,0.8469547629356384,0.34457478,313.9540100097656,50559.12891,-0.466320128,0.2980382136280338,0.046608482,-0.28684932
0,2006,1/1/2006,6,31.387539,-81.280655,0.086598458,0.1223240420222282,0.8469547629356384,0.34457478,328.1792297363281,50559.12891,-0.466320128,0.2980382136280338,0.046608482,-0.189589038
0,2007,1/1/2007,6,31.387539,-81.280655,0.068229642,0.1223240420222282,0.8469547629356384,0.34457478,319.4435729980469,50559.12891,-0.424912557,0.2587321935270136,0.018947869,-0.178082198
0,2007,1/1/2007,6,31.387539,-81.280655,0.068229642,0.1223240420222282,0.8469547629356384,0.34457478,330.20098876953125,50559.12891,-0.424912557,0.2587321935270136,0.018947869,0.3652054667472839
0,2007,1/1/2007,6,31.387539,-81.280655,0.068229642,0.1223240420222282,0.8469547629356384,0.34457478,347.6445617675781,50559.12891,-0.424912557,0.2587321935270136,0.018947869,-0.285753429
0,2007,1/1/2007,6,31.387539,-81.280655,0.068229642,0.1223240420222282,0.8469547629356384,0.34457478,313.9540100097656,50559.12891,-0.424912557,0.2587321935270136,0.018947869,-0.28684932
0,2007,1/1/2007,6,31.387539,-81.280655,0.068229642,0.1223240420222282,0.8469547629356384,0.34457478,328.1792297363281,50559.12891,-0.424912557,0.2587321935270136,0.018947869,-0.189589038
562.928,2010,1/1/2010,6,31.387539,-81.280655,0.076440407,0.1223240420222282,0.8469547629356384,0.34457478,338.2954406738281,50559.12891,-0.455462619,0.2756906091492309,0.067810239,-0.608082175
74.272,2012,1/1/2012,6,31.387539,-81.280655,0.049958574,0.1223240420222282,0.8469547629356384,0.34457478,325.7543334960937,50559.12891,-0.37404206,0.2197032331056089,0.009912142,-0.239863008
536.576,2013,1/1/2013,6,31.387539,-81.280655,0.1005321443080716,0.1223240420222282,0.8469547629356384,0.34457478,331.7611999511719,50559.12891,-0.491577504,0.3334556098738264,0.046592016,0.179041103
80.752,2014,1/1/2014,6,31.387539,-81.280655,0.078528505,0.1223240420222282,0.8469547629356384,0.34457478,337.6925964355469,50559.12891,-0.445477925,0.3140728396030426,0.023025587,0.1041095852851867
459.2960000000001,2015,1/1/2015,6,31.387539,-81.280655,0.099920166,0.1223240420222282,0.8469547629356384,0.34457478,312.3719482421875,50559.12891,-0.441469198,0.3500332402093025,0.034269264,-0.008904105
135.984,2016,1/1/2016,6,31.387539,-81.280655,0.1237475469019875,0.1223240420222282,0.8469547629356384,0.34457478,331.5717468261719,50559.12891,-0.427370825,0.3787473672363262,0.034840702,-0.505753398
443.84,2017,1/1/2017,6,31.387539,-81.280655,0.1073118814228538,0.1223240420222282,0.8469547629356384,0.34457478,328.1954345703125,50559.12891,-0.453540164,0.3632547277230545,0.020732108,-0.245342463
265.248,2018,1/1/2018,6,31.387539,-81.280655,0.1029322893901674,0.1223240420222282,0.8469547629356384,0.34457478,330.45574951171875,50559.12891,-0.424745224,0.3505753023159592,0.025302399,0.063150696
348.576,2019,1/1/2019,6,31.387539,-81.280655,0.088097729,0.1223240420222282,0.8469547629356384,0.34457478,320.3763122558594,50559.12891,-0.428028958,0.3040588238227872,0.06114115,-0.245774642
293.696,2020,1/1/2020,6,31.387539,-81.280655,0.09703942,0.1223240420222282,0.8469547629356384,0.34457478,310.0017395019531,50559.12891,-0.442044669,0.3571611162418793,0.053363973,-0.197857127
460.992,2021,1/1/2021,6,31.387539,-81.280655,0.089041498,0.1223240420222282,0.8469547629356384,0.34457478,332.2628173828125,50559.12891,-0.38920898,0.350736357,0.007632793,0.049178082
450.208,2022,1/1/2022,6,31.387539,-81.280655,0.1262333038445915,0.1223240420222282,0.8469547629356384,0.34457478,337.4472961425781,50559.12891,-0.416846525,0.4021927210028481,0.050781106,-0.342054784
1503.652,2000,1/1/2000,6,31.387549,-81.279966,0.087907609,1.132490873336792,0.9694274663925172,0.1120996441281138,333.8920593261719,50559.12891,-0.455047208,0.3504115868129481,-0.001751104,-0.428493142
1205.648,2001,1/1/2001,6,31.387549,-81.279966,0.1037029315281802,1.132490873336792,0.9694274663925172,0.1120996441281138,342.8481445,50559.12891,-0.50876614,0.3820080646602626,0.007737916,-0.236986294
245.956,2004,1/1/2004,6,31.387549,-81.279966,0.1222695279975021,1.132490873336792,0.9694274663925172,0.1120996441281138,319.4435729980469,50559.12891,-0.491214173,0.476818411,-0.025292983,-0.178082198
1534.808,2005,1/1/2005,6,31.387549,-81.279966,0.1552777398009917,1.132490873336792,0.9694274663925172,0.1120996441281138,330.20098876953125,50559.12891,-0.562672507,0.4612119893867717,0.025637544,0.3652054667472839
281.572,2006,1/1/2006,6,31.387549,-81.279966,0.083001927,1.132490873336792,0.9694274663925172,0.1120996441281138,347.6445617675781,50559.12891,-0.43672873,0.354324298,-0.031350842,-0.285753429
1221.408,2007,1/1/2007,6,31.387549,-81.279966,0.092546259,1.132490873336792,0.9694274663925172,0.1120996441281138,313.9540100097656,50559.12891,-0.50098889,0.3466148584704325,-0.030803855,-0.28684932
632.028,2008,1/1/2008,6,31.387549,-81.279966,0.098057496,1.132490873336792,0.9694274663925172,0.1120996441281138,328.1792297363281,50559.12891,-0.516008235,0.3389192024910206,-0.016426943,-0.189589038
754.968,2009,1/1/2009,6,31.387549,-81.279966,0.1071122699069759,1.132490873336792,0.9694274663925172,0.1120996441281138,323.7977294921875,50559.12891,-0.502552941,0.3907562925365753,0.026349002,0.106849305
191.124,2011,1/1/2011,6,31.387549,-81.279966,0.078619035,1.132490873336792,0.9694274663925172,0.1120996441281138,347.7743530273437,50559.12891,-0.41972006,0.3135887972539902,0.025458341,-0.338767111
539.408,2014,1/1/2014,6,31.387549,-81.279966,0.1130248801521892,1.132490873336792,0.9694274663925172,0.1120996441281138,337.6925964355469,50559.12891,-0.431093325,0.3439214904903503,-0.006863019,0.1041095852851867
378.86,2015,1/1/2015,6,31.387549,-81.279966,0.124792785,1.132490873336792,0.9694274663925172,0.1120996441281138,312.3719482421875,50559.12891,-0.420188124,0.3900030332825845,0.011945461,-0.008904105
332.904,2018,1/1/2018,6,31.387549,-81.279966,0.1361136141372815,1.132490873336792,0.9694274663925172,0.1120996441281138,330.45574951171875,50559.12891,-0.458620935,0.4396712655650876,0.012796241,0.063150696
323.708,2019,1/1/2019,6,31.387549,-81.279966,0.1177794063184365,1.132490873336792,0.9694274663925172,0.1120996441281138,320.3763122558594,50559.12891,-0.400875869,0.3531323962161279,0.002124437,-0.245774642
577.504,2020,1/1/2020,6,31.387549,-81.279966,0.1218076540925756,1.132490873336792,0.9694274663925172,0.1120996441281138,310.0017395019531,50559.12891,-0.467719874,0.4263411194159716,-0.00423874,-0.197857127
636.484,2021,1/1/2021,6,31.387549,-81.279966,0.1142650281615178,1.132490873336792,0.9694274663925172,0.1120996441281138,332.2628173828125,50559.12891,-0.406691485,0.4039811411092374,0.003350714,0.049178082
515.788,2022,1/1/2022,6,31.387549,-81.279966,0.1754972603662576,1.132490873336792,0.9694274663925172,0.1120996441281138,337.4472961425781,50559.12891,-0.487888699,0.4950001202766066,-0.024770971,-0.342054784
2879.744,2002,1/1/2002,6,31.387549,-81.279966,0.1376243471697003,1.132490873336792,0.9694274663925172,0.1120996441281138,303.7332458496094,50559.12891,-0.490644358,0.4080889783724253,-0.022598612,0.1084931492805481
410.42,2012,1/1/2012,6,31.387549,-81.279966,0.071911376,1.132490873336792,0.9694274663925172,0.1120996441281138,325.7543334960937,50559.12891,-0.454887879,0.3119461791226079,0.017992918,-0.239863008
198.528,2016,1/1/2016,6,31.387549,-81.279966,0.1459601426162873,1.132490873336792,0.9694274663925172,0.1120996441281138,331.5717468261719,50559.12891,-0.430940068,0.4282914225541867,-0.006178329,-0.505753398
804.46,2010,1/1/2010,6,31.387549000000003,-81.279966,0.0828107,1.132490873336792,0.9694274663925172,0.1120996441281138,338.2954406738281,50559.12891,-0.491309086,0.3451218741902039,0.003281548,-0.608082175
1053.612,2013,1/1/2013,6,31.387549000000003,-81.279966,0.1748275831192974,1.132490873336792,0.9694274663925172,0.1120996441281138,331.7611999511719,50559.12891,-0.522275054,0.4904433309030712,0.001863696,0.179041103
443.456,2017,1/1/2017,6,31.387549000000003,-81.279966,0.1341887324290953,1.132490873336792,0.9694274663925172,0.1120996441281138,328.1954345703125,50559.12891,-0.422836591,0.3823961213049046,0.004442051,-0.245342463
624.816,2001,1/1/2001,6,31.387611,-81.279841,0.1091269841269841,4.086027145385742,2.683632483781506e-17,0.3594548551959114,342.8481445,50559.12891,-0.477166402,0.4071774952622552,0.027814005,-0.236986294
1811.344,2002,1/1/2002,6,31.387611,-81.279841,0.1141670755794535,4.086027145385742,2.683632483781506e-17,0.3594548551959114,303.7332458496094,50559.12891,-0.441295585,0.4887810045017218,-0.037102284,0.1084931492805481
159.416,2004,1/1/2004,6,31.387611,-81.279841,0.1067078291462143,4.086027145385742,2.683632483781506e-17,0.3594548551959114,319.4435729980469,50559.12891,-0.465889676,0.4404329361898214,0.007533509,-0.178082198
2076.668,2005,1/1/2005,6,31.387611,-81.279841,0.1659246938342873,4.086027145385742,2.683632483781506e-17,0.3594548551959114,330.20098876953125,50559.12891,-0.588104456,0.4668378852550034,-0.028426598,0.3652054667472839
1333.036,2007,1/1/2007,6,31.387611,-81.279841,0.099845767,4.086027145385742,2.683632483781506e-17,0.3594548551959114,313.9540100097656,50559.12891,-0.522443184,0.3648861328436726,-0.007467753,-0.28684932
390.728,2008,1/1/2008,6,31.387611,-81.279841,0.093859454,4.086027145385742,2.683632483781506e-17,0.3594548551959114,328.1792297363281,50559.12891,-0.524027198,0.3463278232787699,0.009581656,-0.189589038
1016.508,2013,1/1/2013,6,31.387611,-81.279841,0.1420964857973584,4.086027145385742,2.683632483781506e-17,0.3594548551959114,331.7611999511719,50559.12891,-0.547559965,0.4659642868097035,-0.033025846,0.179041103
671.344,2014,1/1/2014,6,31.387611,-81.279841,0.090284656,4.086027145385742,2.683632483781506e-17,0.3594548551959114,337.6925964355469,50559.12891,-0.446138969,0.3417398032795071,-0.007305026,0.1041095852851867
349.148,2015,1/1/2015,6,31.387611,-81.279841,0.095410374,4.086027145385742,2.683632483781506e-17,0.3594548551959114,312.3719482421875,50559.12891,-0.423915703,0.3761033712644898,-0.011085256,-0.008904105
434.156,2016,1/1/2016,6,31.387611,-81.279841,0.1219055745865883,4.086027145385742,2.683632483781506e-17,0.3594548551959114,331.5717468261719,50559.12891,-0.452684148,0.3683936695134954,0,-0.505753398
434.156,2016,1/1/2016,6,31.387611,-81.279841,0.1219055745865883,4.086027145385742,2.683632483781506e-17,0.3594548551959114,331.5717468261719,50559.12891,-0.452684148,0.3683936695134954,0,-0.505753398
408.492,2017,1/1/2017,6,31.387611,-81.279841,0.083300926,4.086027145385742,2.683632483781506e-17,0.3594548551959114,328.1954345703125,50559.12891,-0.427173904,0.331565589,0.042542849,-0.245342463
716.692,2018,1/1/2018,6,31.387611,-81.279841,0.088553828,4.086027145385742,2.683632483781506e-17,0.3594548551959114,330.45574951171875,50559.12891,-0.451985027,0.3492397312330515,0.011359872,0.063150696
202.2,2021,1/1/2021,6,31.387611,-81.279841,0.074080107,4.086027145385742,2.683632483781506e-17,0.3594548551959114,332.2628173828125,50559.12891,-0.347870225,0.1447602290884934,-0.009394991,0.049178082
1294.3,2022,1/1/2022,6,31.387611,-81.279841,0.1720732276025162,4.086027145385742,2.683632483781506e-17,0.3594548551959114,337.4472961425781,50559.12891,-0.499909825,0.4245313788005174,0.01677633,-0.342054784
612.86,2016,1/1/2016,6,31.387611000000003,-81.279841,0.1219055745865883,4.086027145385742,2.683632483781506e-17,0.3594548551959114,331.5717468261719,50559.12891,-0.452684148,0.3683936695134954,0,-0.505753398
133.21599999999998,2019,1/1/2019,6,31.387611000000003,-81.279841,0.09390641,4.086027145385742,2.683632483781506e-17,0.3594548551959114,320.3763122558594,50559.12891,-0.401733486,0.3058531119042966,0.017541427,-0.245774642
824.932,2020,1/1/2020,6,31.387611000000003,-81.279841,0.1041264469178762,4.086027145385742,2.683632483781506e-17,0.3594548551959114,310.0017395019531,50559.12891,-0.475543845,0.3533321870056496,-0.006508876,-0.197857127
233.808,2000,1/1/2000,6,31.38764,-81.280536,0.07549306,0.1140643879771232,0.8418285846710205,0.209731544,333.8920593261719,50559.12891,-0.486908723,0.2941606023216575,0.00019625,-0.428493142
191.776,2001,1/1/2001,6,31.38764,-81.280536,0.094653399,0.1140643879771232,0.8418285846710205,0.209731544,342.8481445,50559.12891,-0.519037305,0.3521874434781052,0.00590686,-0.236986294
398.048,2002,1/1/2002,6,31.38764,-81.280536,0.092533916,0.1140643879771232,0.8418285846710205,0.209731544,303.7332458496094,50559.12891,-0.456278239,0.3515842547202219,0.085213877,0.1084931492805481
176.528,2004,1/1/2004,6,31.38764,-81.280536,0.1295426805801438,0.1140643879771232,0.8418285846710205,0.209731544,319.4435729980469,50559.12891,-0.546245728,0.4623155020819519,-0.000930652,-0.178082198
487.072,2005,1/1/2005,6,31.38764,-81.280536,0.1302248600554509,0.1140643879771232,0.8418285846710205,0.209731544,330.20098876953125,50559.12891,-0.489547137,0.379687896,-0.001995736,0.3652054667472839
87.52,2007,1/1/2007,6,31.38764,-81.280536,0.077730353,0.1140643879771232,0.8418285846710205,0.209731544,313.9540100097656,50559.12891,-0.41242739,0.3383147641603851,0.043395929,-0.28684932
48.592000000000006,2008,1/1/2008,6,31.38764,-81.280536,0.076293031,0.1140643879771232,0.8418285846710205,0.209731544,328.1792297363281,50559.12891,-0.44065582,0.2772153796859491,0.023630007,-0.189589038
277.504,2009,1/1/2009,6,31.38764,-81.280536,0.091657329,0.1140643879771232,0.8418285846710205,0.209731544,323.7977294921875,50559.12891,-0.532968809,0.3466192522348987,0.020578989,0.106849305
165.76,2010,1/1/2010,6,31.38764,-81.280536,0.088699056,0.1140643879771232,0.8418285846710205,0.209731544,338.2954406738281,50559.12891,-0.495818962,0.3418044970667019,0.05848335,-0.608082175
101.28,2011,1/1/2011,6,31.38764,-81.280536,0.063756098,0.1140643879771232,0.8418285846710205,0.209731544,347.7743530273437,50559.12891,-0.423646105,0.2568263845675171,-0.009424295,-0.338767111
75.88799999999999,2012,1/1/2012,6,31.38764,-81.280536,0.065050742,0.1140643879771232,0.8418285846710205,0.209731544,325.7543334960937,50559.12891,-0.388998287,0.2511366845606594,0.05253018,-0.239863008
159.632,2013,1/1/2013,6,31.38764,-81.280536,0.1274959656578517,0.1140643879771232,0.8418285846710205,0.209731544,331.7611999511719,50559.12891,-0.510653276,0.404794475,0.003615229,0.179041103
316.128,2014,1/1/2014,6,31.38764,-81.280536,0.088551239,0.1140643879771232,0.8418285846710205,0.209731544,337.6925964355469,50559.12891,-0.423415723,0.3330838206651154,0.005745236,0.1041095852851867
286.736,2015,1/1/2015,6,31.38764,-81.280536,0.1025038489587553,0.1140643879771232,0.8418285846710205,0.209731544,312.3719482421875,50559.12891,-0.404783613,0.3489407476455759,0.04005022,-0.008904105
190.896,2016,1/1/2016,6,31.38764,-81.280536,0.1277787763219964,0.1140643879771232,0.8418285846710205,0.209731544,331.5717468261719,50559.12891,-0.401317973,0.3814091656211699,0.014056935,-0.505753398
298.752,2017,1/1/2017,6,31.38764,-81.280536,0.1167687438342652,0.1140643879771232,0.8418285846710205,0.209731544,328.1954345703125,50559.12891,-0.424895506,0.3588502802818252,0.037722908,-0.245342463
427.856,2018,1/1/2018,6,31.38764,-81.280536,0.1032814705555821,0.1140643879771232,0.8418285846710205,0.209731544,330.45574951171875,50559.12891,-0.424648786,0.3778848889367046,0.003203262,0.063150696
606.8,2019,1/1/2019,6,31.38764,-81.280536,0.1120419648086374,0.1140643879771232,0.8418285846710205,0.209731544,320.3763122558594,50559.12891,-0.416544012,0.340397511,0.005918575,-0.245774642
330.384,2020,1/1/2020,6,31.38764,-81.280536,0.1213121352384785,0.1140643879771232,0.8418285846710205,0.209731544,310.0017395019531,50559.12891,-0.449785871,0.3867694365904781,0.0214857,-0.197857127
399.552,2021,1/1/2021,6,31.38764,-81.280536,0.099612288,0.1140643879771232,0.8418285846710205,0.209731544,332.2628173828125,50559.12891,-0.380162204,0.3797282671382487,0.000776918,0.049178082
407.392,2022,1/1/2022,6,31.38764,-81.280536,0.1669831893398104,0.1140643879771232,0.8418285846710205,0.209731544,337.4472961425781,50559.12891,-0.442151542,0.4243578921576928,0.050781106,-0.342054784
322.528,2006,1/1/2006,6,31.387640000000005,-81.280536,0.099667118,0.1140643879771232,0.8418285846710205,0.209731544,347.6445617675781,50559.12891,-0.46922639,0.3355744205680216,0.042571537,-0.285753429
1390.368,2000,1/1/2000,6,31.387745,-81.27973,0.089947768,3.4225821495056152,1.0404555797576904,0.3321739130434782,333.8920593261719,50559.12891,-0.47553841,0.3357451763140386,0.001375344,-0.428493142
1430.068,2001,1/1/2001,6,31.387745,-81.27973,0.1134950446155008,3.4225821495056152,1.0404555797576904,0.3321739130434782,342.8481445,50559.12891,-0.497981908,0.393660413,0.024153603,-0.236986294
1360.464,2002,1/1/2002,6,31.387745,-81.27973,0.1282003551408829,3.4225821495056152,1.0404555797576904,0.3321739130434782,303.7332458496094,50559.12891,-0.475069468,0.4358431304137943,0.028841952,0.1084931492805481
168.624,2004,1/1/2004,6,31.387745,-81.27973,0.1020571250103558,3.4225821495056152,1.0404555797576904,0.3321739130434782,319.4435729980469,50559.12891,-0.451413636,0.3964023502583486,-0.000327488,-0.178082198
907.444,2005,1/1/2005,6,31.387745,-81.27973,0.1738087188444995,3.4225821495056152,1.0404555797576904,0.3321739130434782,330.20098876953125,50559.12891,-0.570014025,0.4699638280931055,-0.028426598,0.3652054667472839
1342.756,2007,1/1/2007,6,31.387745,-81.27973,0.090113928,3.4225821495056152,1.0404555797576904,0.3321739130434782,313.9540100097656,50559.12891,-0.458597609,0.3496896101867412,0.014703614,-0.28684932
830.856,2008,1/1/2008,6,31.387745,-81.27973,0.0963867,3.4225821495056152,1.0404555797576904,0.3321739130434782,328.1792297363281,50559.12891,-0.525016232,0.3483920418079879,-0.005333831,-0.189589038
1138.928,2009,1/1/2009,6,31.387745,-81.27973,0.084790113,3.4225821495056152,1.0404555797576904,0.3321739130434782,323.7977294921875,50559.12891,-0.501273903,0.3511169233232805,0.009860607,0.106849305
2183.988,2013,1/1/2013,6,31.387745,-81.27973,0.1476113177392973,3.4225821495056152,1.0404555797576904,0.3321739130434782,331.7611999511719,50559.12891,-0.584115586,0.4636063912281238,-0.042987221,0.179041103
962.02,2014,1/1/2014,6,31.387745,-81.27973,0.093334249,3.4225821495056152,1.0404555797576904,0.3321739130434782,337.6925964355469,50559.12891,-0.472272044,0.3659329579939461,-0.005648992,0.1041095852851867
95.04,2000,1/1/2000,6,31.387748,-81.280418,0.067103434,0.1829125732183456,0.8563745617866516,0.1900532859680284,333.8920593261719,50559.12891,-0.388798571,0.2912666188997686,0.040364614,-0.428493142
204.896,2001,1/1/2001,6,31.387748,-81.280418,0.1036541579255997,0.1829125732183456,0.8563745617866516,0.1900532859680284,342.8481445,50559.12891,-0.469730074,0.3703257456878777,0.012570876,-0.236986294
545.104,2004,1/1/2004,6,31.387748,-81.280418,0.129733713,0.1829125732183456,0.8563745617866516,0.1900532859680284,319.4435729980469,50559.12891,-0.538835329,0.4523729648083278,0.036487293,-0.178082198
504.64,2005,1/1/2005,6,31.387748,-81.280418,0.1348153831797018,0.1829125732183456,0.8563745617866516,0.1900532859680284,330.20098876953125,50559.12891,-0.558610407,0.4074892154841461,0.059221077,0.3652054667472839
160.27200000000002,2006,1/1/2006,6,31.387748,-81.280418,0.09402278,0.1829125732183456,0.8563745617866516,0.1900532859680284,347.6445617675781,50559.12891,-0.460119572,0.3209185397681082,0.053843212,-0.285753429
194.16000000000005,2007,1/1/2007,6,31.387748,-81.280418,0.08269101,0.1829125732183456,0.8563745617866516,0.1900532859680284,313.9540100097656,50559.12891,-0.463575052,0.3099993505332524,0.015116564,-0.28684932
13.168,2009,1/1/2009,6,31.387748,-81.280418,0.096231536,0.1829125732183456,0.8563745617866516,0.1900532859680284,323.7977294921875,50559.12891,-0.570367625,0.3464466214226491,0.008613168,0.106849305
124.688,2010,1/1/2010,6,31.387748,-81.280418,0.1016457395657066,0.1829125732183456,0.8563745617866516,0.1900532859680284,338.2954406738281,50559.12891,-0.535201523,0.3616439500464065,0.058211913,-0.608082175
117.92,2011,1/1/2011,6,31.387748,-81.280418,0.083836979,0.1829125732183456,0.8563745617866516,0.1900532859680284,347.7743530273437,50559.12891,-0.466970544,0.2961538969380135,0.03628954,-0.338767111
154.864,2012,1/1/2012,6,31.387748,-81.280418,0.05987233,0.1829125732183456,0.8563745617866516,0.1900532859680284,325.7543334960937,50559.12891,-0.430040577,0.241023565,0.049195969,-0.239863008
242.576,2013,1/1/2013,6,31.387748,-81.280418,0.1232124087422512,0.1829125732183456,0.8563745617866516,0.1900532859680284,331.7611999511719,50559.12891,-0.520271255,0.3916932551635428,0.019980036,0.179041103
379.344,2014,1/1/2014,6,31.387748,-81.280418,0.082899903,0.1829125732183456,0.8563745617866516,0.1900532859680284,337.6925964355469,50559.12891,-0.424938446,0.3383132436763568,0.023538509,0.1041095852851867
142.048,2016,1/1/2016,6,31.387748,-81.280418,0.1170670831670044,0.1829125732183456,0.8563745617866516,0.1900532859680284,331.5717468261719,50559.12891,-0.40461042,0.377115999,0.098373516,-0.505753398
424.544,2017,1/1/2017,6,31.387748,-81.280418,0.1062975674117526,0.1829125732183456,0.8563745617866516,0.1900532859680284,328.1954345703125,50559.12891,-0.431016671,0.3659979270195766,0.053238553,-0.245342463
396.496,2019,1/1/2019,6,31.387748,-81.280418,0.1038858784393386,0.1829125732183456,0.8563745617866516,0.1900532859680284,320.3763122558594,50559.12891,-0.419098376,0.3331047902729607,0.023220111,-0.245774642
428.352,2020,1/1/2020,6,31.387748,-81.280418,0.1009581398526787,0.1829125732183456,0.8563745617866516,0.1900532859680284,310.0017395019531,50559.12891,-0.436888029,0.3688421780852968,0.053363973,-0.197857127
174.848,2021,1/1/2021,6,31.387748,-81.280418,0.089953795,0.1829125732183456,0.8563745617866516,0.1900532859680284,332.2628173828125,50559.12891,-0.352578848,0.3575837228260639,0.018360747,0.049178082
514.016,2022,1/1/2022,6,31.387748,-81.280418,0.1415761607825531,0.1829125732183456,0.8563745617866516,0.1900532859680284,337.4472961425781,50559.12891,-0.406469155,0.392045265,0.061392431,-0.342054784
823.2320000000001,2002,1/1/2002,6,31.387748,-81.280418,0.1138223861152342,0.1829125732183456,0.8563745617866516,0.1900532859680284,303.7332458496094,50559.12891,-0.508386585,0.3535775100658093,0.057541873,0.1084931492805481
221.344,2008,1/1/2008,6,31.387748,-81.280418,0.066200989,0.1829125732183456,0.8563745617866516,0.1900532859680284,328.1792297363281,50559.12891,-0.405599426,0.2740738712592065,-0.019133426,-0.189589038
243.536,2015,1/1/2015,6,31.387748,-81.280418,0.097434807,0.1829125732183456,0.8563745617866516,0.1900532859680284,312.3719482421875,50559.12891,-0.392624239,0.3670690132883374,0.029840157,-0.008904105
265.312,2018,1/1/2018,6,31.387748,-81.280418,0.1050805894632284,0.1829125732183456,0.8563745617866516,0.1900532859680284,330.45574951171875,50559.12891,-0.403314496,0.3600565557370639,0.026306799,0.063150696
815.124,2021,1/1/2021,6,31.387775999999995,-81.279719,0.084621561,3.4225821495056152,1.0404555797576904,0.3321739130434782,332.2628173828125,50559.12891,-0.420711819,0.3197470601342527,-0.009291905,0.049178082
1790.856,2015,1/1/2015,6,31.387776,-81.279719,0.087053302,3.4225821495056152,1.0404555797576904,0.3321739130434782,312.3719482421875,50559.12891,-0.410237137,0.3296879585248951,-0.006799258,-0.008904105
2240.904,2016,1/1/2016,6,31.387776,-81.279719,0.1067506154137475,3.4225821495056152,1.0404555797576904,0.3321739130434782,331.5717468261719,50559.12891,-0.445511369,0.3583014803624932,-0.00963913,-0.505753398
1300.428,2017,1/1/2017,6,31.387776,-81.279719,0.076762208,3.4225821495056152,1.0404555797576904,0.3321739130434782,328.1954345703125,50559.12891,-0.406041893,0.3144268718373898,0.023460828,-0.245342463
1707.928,2018,1/1/2018,6,31.387776,-81.279719,0.093394571,3.4225821495056152,1.0404555797576904,0.3321739130434782,330.45574951171875,50559.12891,-0.459091698,0.3767057971183651,-0.021798081,0.063150696
719.632,2019,1/1/2019,6,31.387776,-81.279719,0.079074216,3.4225821495056152,1.0404555797576904,0.3321739130434782,320.3763122558594,50559.12891,-0.408334579,0.3157778312732812,0.0361637,-0.245774642
2070.292,2020,1/1/2020,6,31.387776,-81.279719,0.095443499,3.4225821495056152,1.0404555797576904,0.3321739130434782,310.0017395019531,50559.12891,-0.454139447,0.3460477927292834,0.05426009,-0.197857127
1445.7,2022,1/1/2022,6,31.387776,-81.279719,0.1295924222974957,3.4225821495056152,1.0404555797576904,0.3321739130434782,337.4472961425781,50559.12891,-0.469641125,0.3461732595180307,-0.01887474,-0.342054784
123.76,2000,1/1/2000,6,31.387844,-81.280299,0.067103434,0.1140826046466827,0.8511329293251038,0.1900532859680284,333.8920593261719,50559.12891,-0.388798571,0.2912666188997686,0.040364614,-0.428493142
264.752,2001,1/1/2001,6,31.387844,-81.280299,0.1036541579255997,0.1140826046466827,0.8511329293251038,0.1900532859680284,342.8481445,50559.12891,-0.469730074,0.3703257456878777,0.012570876,-0.236986294
578.016,2004,1/1/2004,6,31.387844,-81.280299,0.129733713,0.1140826046466827,0.8511329293251038,0.1900532859680284,319.4435729980469,50559.12891,-0.538835329,0.4523729648083278,0.036487293,-0.178082198
185.04,2006,1/1/2006,6,31.387844,-81.280299,0.09402278,0.1140826046466827,0.8511329293251038,0.1900532859680284,347.6445617675781,50559.12891,-0.460119572,0.3209185397681082,0.053843212,-0.285753429
122.464,2007,1/1/2007,6,31.387844,-81.280299,0.08269101,0.1140826046466827,0.8511329293251038,0.1900532859680284,313.9540100097656,50559.12891,-0.463575052,0.3099993505332524,0.015116564,-0.28684932
39.84,2008,1/1/2008,6,31.387844,-81.280299,0.066200989,0.1140826046466827,0.8511329293251038,0.1900532859680284,328.1792297363281,50559.12891,-0.405599426,0.2740738712592065,-0.019133426,-0.189589038
202.176,2009,1/1/2009,6,31.387844,-81.280299,0.096231536,0.1140826046466827,0.8511329293251038,0.1900532859680284,323.7977294921875,50559.12891,-0.570367625,0.3464466214226491,0.008613168,0.106849305
216.032,2010,1/1/2010,6,31.387844,-81.280299,0.1016457395657066,0.1140826046466827,0.8511329293251038,0.1900532859680284,338.2954406738281,50559.12891,-0.535201523,0.3616439500464065,0.058211913,-0.608082175
180.64,2011,1/1/2011,6,31.387844,-81.280299,0.083836979,0.1140826046466827,0.8511329293251038,0.1900532859680284,347.7743530273437,50559.12891,-0.466970544,0.2961538969380135,0.03628954,-0.338767111
66.4,2012,1/1/2012,6,31.387844,-81.280299,0.05987233,0.1140826046466827,0.8511329293251038,0.1900532859680284,325.7543334960937,50559.12891,-0.430040577,0.241023565,0.049195969,-0.239863008
266.88,2013,1/1/2013,6,31.387844,-81.280299,0.1232124087422512,0.1140826046466827,0.8511329293251038,0.1900532859680284,331.7611999511719,50559.12891,-0.520271255,0.3916932551635428,0.019980036,0.179041103
483.408,2014,1/1/2014,6,31.387844,-81.280299,0.082899903,0.1140826046466827,0.8511329293251038,0.1900532859680284,337.6925964355469,50559.12891,-0.424938446,0.3383132436763568,0.023538509,0.1041095852851867
136.96,2015,1/1/2015,6,31.387844,-81.280299,0.097434807,0.1140826046466827,0.8511329293251038,0.1900532859680284,312.3719482421875,50559.12891,-0.392624239,0.3670690132883374,0.029840157,-0.008904105
196.336,2016,1/1/2016,6,31.387844,-81.280299,0.1170670831670044,0.1140826046466827,0.8511329293251038,0.1900532859680284,331.5717468261719,50559.12891,-0.40461042,0.377115999,0.098373516,-0.505753398
532.032,2017,1/1/2017,6,31.387844,-81.280299,0.1062975674117526,0.1140826046466827,0.8511329293251038,0.1900532859680284,328.1954345703125,50559.12891,-0.431016671,0.3659979270195766,0.053238553,-0.245342463
265.856,2018,1/1/2018,6,31.387844,-81.280299,0.1050805894632284,0.1140826046466827,0.8511329293251038,0.1900532859680284,330.45574951171875,50559.12891,-0.403314496,0.3600565557370639,0.026306799,0.063150696
126.928,2019,1/1/2019,6,31.387844,-81.280299,0.1038858784393386,0.1140826046466827,0.8511329293251038,0.1900532859680284,320.3763122558594,50559.12891,-0.419098376,0.3331047902729607,0.023220111,-0.245774642
186.736,2020,1/1/2020,6,31.387844,-81.280299,0.1009581398526787,0.1140826046466827,0.8511329293251038,0.1900532859680284,310.0017395019531,50559.12891,-0.436888029,0.3688421780852968,0.053363973,-0.197857127
332.048,2021,1/1/2021,6,31.387844,-81.280299,0.089953795,0.1140826046466827,0.8511329293251038,0.1900532859680284,332.2628173828125,50559.12891,-0.352578848,0.3575837228260639,0.018360747,0.049178082
534.048,2002,1/1/2002,6,31.387844000000005,-81.280299,0.1138223861152342,0.1140826046466827,0.8511329293251038,0.1900532859680284,303.7332458496094,50559.12891,-0.508386585,0.3535775100658093,0.057541873,0.1084931492805481
313.776,2005,1/1/2005,6,31.387844000000005,-81.280299,0.1348153831797018,0.1140826046466827,0.8511329293251038,0.1900532859680284,330.20098876953125,50559.12891,-0.558610407,0.4074892154841461,0.059221077,0.3652054667472839
467.408,2022,1/1/2022,6,31.387844000000005,-81.280299,0.1415761607825531,0.1140826046466827,0.8511329293251038,0.1900532859680284,337.4472961425781,50559.12891,-0.406469155,0.392045265,0.061392431,-0.342054784
1069.416,2000,1/1/2000,6,31.38786,-81.279761,0.089947768,3.9650650024414062,0.6453611254692078,0.3321739130434782,333.8920593261719,50559.12891,-0.47553841,0.3357451763140386,0.001375344,-0.428493142
1029.728,2001,1/1/2001,6,31.38786,-81.279761,0.1134950446155008,3.9650650024414062,0.6453611254692078,0.3321739130434782,342.8481445,50559.12891,-0.497981908,0.393660413,0.024153603,-0.236986294
886.2239999999999,2002,1/1/2002,6,31.38786,-81.279761,0.1282003551408829,3.9650650024414062,0.6453611254692078,0.3321739130434782,303.7332458496094,50559.12891,-0.475069468,0.4358431304137943,0.028841952,0.1084931492805481
818.192,2004,1/1/2004,6,31.38786,-81.279761,0.1020571250103558,3.9650650024414062,0.6453611254692078,0.3321739130434782,319.4435729980469,50559.12891,-0.451413636,0.3964023502583486,-0.000327488,-0.178082198
864.756,2005,1/1/2005,6,31.38786,-81.279761,0.1738087188444995,3.9650650024414062,0.6453611254692078,0.3321739130434782,330.20098876953125,50559.12891,-0.570014025,0.4699638280931055,-0.028426598,0.3652054667472839
1458.18,2007,1/1/2007,6,31.38786,-81.279761,0.090113928,3.9650650024414062,0.6453611254692078,0.3321739130434782,313.9540100097656,50559.12891,-0.458597609,0.3496896101867412,0.014703614,-0.28684932
893.712,2008,1/1/2008,6,31.38786,-81.279761,0.0963867,3.9650650024414062,0.6453611254692078,0.3321739130434782,328.1792297363281,50559.12891,-0.525016232,0.3483920418079879,-0.005333831,-0.189589038
804.96,2009,1/1/2009,6,31.38786,-81.279761,0.084790113,3.9650650024414062,0.6453611254692078,0.3321739130434782,323.7977294921875,50559.12891,-0.501273903,0.3511169233232805,0.009860607,0.106849305
3517.976,2013,1/1/2013,6,31.387871,-81.27977,0.1476113177392973,3.9650650024414062,0.6453611254692078,0.3321739130434782,331.7611999511719,50559.12891,-0.584115586,0.4636063912281238,-0.042987221,0.179041103
1016.732,2014,1/1/2014,6,31.387871,-81.27977,0.093334249,3.9650650024414062,0.6453611254692078,0.3321739130434782,337.6925964355469,50559.12891,-0.472272044,0.3659329579939461,-0.005648992,0.1041095852851867
2264.7,2015,1/1/2015,6,31.387871,-81.27977,0.087053302,3.9650650024414062,0.6453611254692078,0.3321739130434782,312.3719482421875,50559.12891,-0.410237137,0.3296879585248951,-0.006799258,-0.008904105
852.908,2016,1/1/2016,6,31.387871,-81.27977,0.1067506154137475,3.9650650024414062,0.6453611254692078,0.3321739130434782,331.5717468261719,50559.12891,-0.445511369,0.3583014803624932,-0.00963913,-0.505753398
1307.552,2018,1/1/2018,6,31.387871,-81.27977,0.093394571,3.9650650024414062,0.6453611254692078,0.3321739130434782,330.45574951171875,50559.12891,-0.459091698,0.3767057971183651,-0.021798081,0.063150696
145.184,2019,1/1/2019,6,31.387871,-81.27977,0.079074216,3.9650650024414062,0.6453611254692078,0.3321739130434782,320.3763122558594,50559.12891,-0.408334579,0.3157778312732812,0.0361637,-0.245774642
2042.444,2020,1/1/2020,6,31.387871,-81.27977,0.095443499,3.9650650024414062,0.6453611254692078,0.3321739130434782,310.0017395019531,50559.12891,-0.454139447,0.3460477927292834,0.05426009,-0.197857127
896.524,2021,1/1/2021,6,31.387871,-81.27977,0.084621561,3.9650650024414062,0.6453611254692078,0.3321739130434782,332.2628173828125,50559.12891,-0.420711819,0.3197470601342527,-0.009291905,0.049178082
1763.008,2022,1/1/2022,6,31.387871,-81.27977,0.1295924222974957,3.9650650024414062,0.6453611254692078,0.3321739130434782,337.4472961425781,50559.12891,-0.469641125,0.3461732595180307,-0.01887474,-0.342054784
242.096,2012,1/1/2012,6,31.387957,-81.28022,0.062085153,0.1787020564079284,0.8558334708213806,0.1942959001782531,325.7543334960937,50559.12891,-0.401009627,0.2646280649752137,0.023695882,-0.239863008
237.808,2013,1/1/2013,6,31.387957,-81.28022,0.122662684,0.1787020564079284,0.8558334708213806,0.1942959001782531,331.7611999511719,50559.12891,-0.499967045,0.3931859193757538,0.036216955,0.179041103
314.112,2014,1/1/2014,6,31.387957,-81.28022,0.086532387,0.1787020564079284,0.8558334708213806,0.1942959001782531,337.6925964355469,50559.12891,-0.425358968,0.313137705,0.014698241,0.1041095852851867
500.528,2015,1/1/2015,6,31.387957,-81.28022,0.1066224522765138,0.1787020564079284,0.8558334708213806,0.1942959001782531,312.3719482421875,50559.12891,-0.375038584,0.3608397700968478,0.016726929,-0.008904105
335.712,2016,1/1/2016,6,31.387957,-81.28022,0.1208247199200758,0.1787020564079284,0.8558334708213806,0.1942959001782531,331.5717468261719,50559.12891,-0.403940539,0.3616380461416386,0.009351833,-0.505753398
433.184,2017,1/1/2017,6,31.387957,-81.28022,0.1084164395302773,0.1787020564079284,0.8558334708213806,0.1942959001782531,328.1954345703125,50559.12891,-0.436612934,0.357568188,0.015065778,-0.245342463
680.08,2018,1/1/2018,6,31.387957,-81.28022,0.100978625,0.1787020564079284,0.8558334708213806,0.1942959001782531,330.45574951171875,50559.12891,-0.406682574,0.3655177093744002,0.017803976,0.063150696
279.168,2020,1/1/2020,6,31.387957,-81.28022,0.098599245,0.1787020564079284,0.8558334708213806,0.1942959001782531,310.0017395019531,50559.12891,-0.431210045,0.3478704443533517,0.010709386,-0.197857127
249.712,2022,1/1/2022,6,31.387957,-81.28022,0.1468077356493233,0.1787020564079284,0.8558334708213806,0.1942959001782531,337.4472961425781,50559.12891,-0.423349037,0.4000920997002211,0.013599723,-0.342054784
444.176,2000,1/1/2000,6,31.387957,-81.280219,0.070977146,0.1787020564079284,0.8558334708213806,0.1942959001782531,333.8920593261719,50559.12891,-0.440143696,0.2794130873302414,0.000196173,-0.428493142
195.12,2001,1/1/2001,6,31.387957,-81.280219,0.1006639612991697,0.1787020564079284,0.8558334708213806,0.1942959001782531,342.8481445,50559.12891,-0.495775282,0.3626582629508857,0.012570876,-0.236986294
729.216,2002,1/1/2002,6,31.387957,-81.280219,0.122260647,0.1787020564079284,0.8558334708213806,0.1942959001782531,303.7332458496094,50559.12891,-0.477044546,0.3654534196511845,0.070360466,0.1084931492805481
598.88,2004,1/1/2004,6,31.387957,-81.280219,0.1251531666670409,0.1787020564079284,0.8558334708213806,0.1942959001782531,319.4435729980469,50559.12891,-0.542872765,0.4612562385229019,-0.008436252,-0.178082198
173.232,2006,1/1/2006,6,31.387957,-81.280219,0.092411175,0.1787020564079284,0.8558334708213806,0.1942959001782531,347.6445617675781,50559.12891,-0.434403141,0.3370220939757447,0.046112979,-0.285753429
202.512,2007,1/1/2007,6,31.387957,-81.280219,0.078933443,0.1787020564079284,0.8558334708213806,0.1942959001782531,313.9540100097656,50559.12891,-0.445407091,0.3128995241356279,0.039242287,-0.28684932
266.688,2008,1/1/2008,6,31.387957,-81.280219,0.080979416,0.1787020564079284,0.8558334708213806,0.1942959001782531,328.1792297363281,50559.12891,-0.430374015,0.297857294,0.04295953,-0.189589038
158.8,2009,1/1/2009,6,31.387957,-81.280219,0.097647564,0.1787020564079284,0.8558334708213806,0.1942959001782531,323.7977294921875,50559.12891,-0.490453647,0.3655889667646393,0.008077905,0.106849305
573.12,2011,1/1/2011,6,31.387957,-81.280219,0.072060598,0.1787020564079284,0.8558334708213806,0.1942959001782531,347.7743530273437,50559.12891,-0.491699402,0.2921845268131994,0.06719609,-0.338767111
672.816,2019,1/1/2019,6,31.387957000000004,-81.28022,0.1071556478762266,0.1787020564079284,0.8558334708213806,0.1942959001782531,320.3763122558594,50559.12891,-0.409537478,0.3355390834522936,0.021246403,-0.245774642
399.296,2021,1/1/2021,6,31.387957000000004,-81.28022,0.088012612,0.1787020564079284,0.8558334708213806,0.1942959001782531,332.2628173828125,50559.12891,-0.374932606,0.3504174618780804,0.006103905,0.049178082
914.896,2005,1/1/2005,6,31.387957000000004,-81.280219,0.1304927909577023,0.1787020564079284,0.8558334708213806,0.1942959001782531,330.20098876953125,50559.12891,-0.550583071,0.3994347800027728,0.003140166,0.3652054667472839
413.92,2010,1/1/2010,6,31.387957000000004,-81.280219,0.083357796,0.1787020564079284,0.8558334708213806,0.1942959001782531,338.2954406738281,50559.12891,-0.505880285,0.321871797,0.084463974,-0.608082175
522.528,2015,1/1/2015,6,31.388,-81.279858,0.1018611515296333,3.585755109786988,0.5148798227310181,0.3846153846153846,312.3719482421875,50559.12891,-0.398542684,0.2875573667058155,0.029647228,-0.008904105
809.024,2018,1/1/2018,6,31.388,-81.279858,0.1061940872040859,3.585755109786988,0.5148798227310181,0.3846153846153846,330.45574951171875,50559.12891,-0.471101777,0.3590490359035155,0.027488646,0.063150696
295.636,2019,1/1/2019,6,31.388,-81.279858,0.077375325,3.585755109786988,0.5148798227310181,0.3846153846153846,320.3763122558594,50559.12891,-0.403017897,0.2944259233819064,0.018187985,-0.245774642
503.728,2020,1/1/2020,6,31.388,-81.279858,0.089066572,3.585755109786988,0.5148798227310181,0.3846153846153846,310.0017395019531,50559.12891,-0.438349529,0.3401951486493947,0.013018356,-0.197857127
564.612,2021,1/1/2021,6,31.388,-81.279858,0.084312685,3.585755109786988,0.5148798227310181,0.3846153846153846,332.2628173828125,50559.12891,-0.448199223,0.3440210321029304,-0.00163416,0.049178082
819.116,2022,1/1/2022,6,31.388,-81.279858,0.1514667699274239,3.585755109786988,0.5148798227310181,0.3846153846153846,337.4472961425781,50559.12891,-0.507027729,0.398824544,0.027735072,-0.342054784
903.72,2016,1/1/2016,6,31.388000000000005,-81.279858,0.097876977,3.585755109786988,0.5148798227310181,0.3846153846153846,331.5717468261719,50559.12891,-0.429525233,0.3314141925992796,-0.005968031,-0.505753398
546.308,2006,1/1/2006,6,31.388003999999995,-81.279872,0.07408107,1.031260371208191,0.8062134385108948,0.3846153846153846,347.6445617675781,50559.12891,-0.377530281,0.3238685088137212,-0.038026164,-0.285753429
1411.272,2009,1/1/2009,6,31.388003999999995,-81.279872,0.088399411,1.031260371208191,0.8062134385108948,0.3846153846153846,323.7977294921875,50559.12891,-0.476609041,0.3679844353770915,-0.006788627,0.106849305
278.732,2001,1/1/2001,6,31.388004,-81.279872,0.1116565273267028,1.031260371208191,0.8062134385108948,0.3846153846153846,342.8481445,50559.12891,-0.492935038,0.3958748662047145,0.014676025,-0.236986294
0,2002,1/1/2002,6,31.388004,-81.279872,0.1169427181683631,1.031260371208191,0.8062134385108948,0.3846153846153846,303.7332458496094,50559.12891,-0.43438104,0.4763793379177991,-0.005959823,0.1084931492805481
0,2002,1/1/2002,6,31.388004,-81.279872,0.1169427181683631,1.031260371208191,0.8062134385108948,0.3846153846153846,325.7543334960937,50559.12891,-0.43438104,0.4763793379177991,-0.005959823,-0.239863008
890.104,2004,1/1/2004,6,31.388004,-81.279872,0.098835384,1.031260371208191,0.8062134385108948,0.3846153846153846,319.4435729980469,50559.12891,-0.444107145,0.3461332801335547,-0.005484619,-0.178082198
2463.616,2005,1/1/2005,6,31.388004,-81.279872,0.1738087188444995,1.031260371208191,0.8062134385108948,0.3846153846153846,330.20098876953125,50559.12891,-0.552181993,0.4741307740043395,-0.009231021,0.3652054667472839
966.152,2010,1/1/2010,6,31.388004,-81.279872,0.088431672,1.031260371208191,0.8062134385108948,0.3846153846153846,338.2954406738281,50559.12891,-0.501361775,0.3167281772806356,0.012459547,-0.608082175
0,2012,1/1/2012,6,31.388004,-81.279872,0.07805366,1.031260371208191,0.8062134385108948,0.3846153846153846,303.7332458496094,50559.12891,-0.529748435,0.3420633403428285,-0.039263406,0.1084931492805481
0,2012,1/1/2012,6,31.388004,-81.279872,0.07805366,1.031260371208191,0.8062134385108948,0.3846153846153846,325.7543334960937,50559.12891,-0.529748435,0.3420633403428285,-0.039263406,-0.239863008
1670.66,2013,1/1/2013,6,31.388004,-81.279872,0.1507361945436695,1.031260371208191,0.8062134385108948,0.3846153846153846,331.7611999511719,50559.12891,-0.572792861,0.435848407,-0.00087364,0.179041103
1004.296,2014,1/1/2014,6,31.388004,-81.279872,0.093810704,1.031260371208191,0.8062134385108948,0.3846153846153846,337.6925964355469,50559.12891,-0.428777218,0.3083819553152127,-0.019439032,0.1041095852851867
1907.936,2007,1/1/2007,6,31.388004,-81.279872,0.091196577,1.031260371208191,0.8062134385108948,0.3846153846153846,313.9540100097656,50559.12891,-0.478195726,0.3516543566004874,0.014703614,-0.28684932
364.352,2001,1/1/2001,6,31.388071,-81.280137,0.097829393,0.2080947905778885,0.8492753505706787,0.2591943957968476,342.8481445,50559.12891,-0.489540773,0.3471253606472639,0.023235346,-0.236986294
870.912,2002,1/1/2002,6,31.388071,-81.280137,0.1073790092547981,0.2080947905778885,0.8492753505706787,0.2591943957968476,303.7332458496094,50559.12891,-0.44025932,0.3155215328422637,0.053930685,0.1084931492805481
449.968,2004,1/1/2004,6,31.388071,-81.280137,0.099764923,0.2080947905778885,0.8492753505706787,0.2591943957968476,319.4435729980469,50559.12891,-0.504557055,0.3873227020957731,0.034345728,-0.178082198
496.3200000000001,2005,1/1/2005,6,31.388071,-81.280137,0.1181760853949852,0.2080947905778885,0.8492753505706787,0.2591943957968476,330.20098876953125,50559.12891,-0.497977262,0.3730910406709907,0.008415805,0.3652054667472839
315.92,2006,1/1/2006,6,31.388071,-81.280137,0.075437131,0.2080947905778885,0.8492753505706787,0.2591943957968476,347.6445617675781,50559.12891,-0.440985187,0.2971334102420722,0.030341908,-0.285753429
241.488,2008,1/1/2008,6,31.388071,-81.280137,0.058839899,0.2080947905778885,0.8492753505706787,0.2591943957968476,328.1792297363281,50559.12891,-0.401009782,0.2368841257282608,-0.022697126,-0.189589038
550.8480000000001,2009,1/1/2009,6,31.388071,-81.280137,0.081137206,0.2080947905778885,0.8492753505706787,0.2591943957968476,323.7977294921875,50559.12891,-0.475168867,0.3136939198777426,-0.004788287,0.106849305
491.984,2010,1/1/2010,6,31.388071,-81.280137,0.07979533,0.2080947905778885,0.8492753505706787,0.2591943957968476,338.2954406738281,50559.12891,-0.433566727,0.3340070788417586,0.038823529,-0.608082175
399.824,2013,1/1/2013,6,31.388071,-81.280137,0.1223708615000243,0.2080947905778885,0.8492753505706787,0.2591943957968476,331.7611999511719,50559.12891,-0.51515996,0.3929819564124282,0.002289975,0.179041103
527.456,2014,1/1/2014,6,31.388071,-81.280137,0.082752018,0.2080947905778885,0.8492753505706787,0.2591943957968476,337.6925964355469,50559.12891,-0.428396154,0.3460713661719863,0.022219054,0.1041095852851867
686.176,2015,1/1/2015,6,31.388071,-81.280137,0.099004822,0.2080947905778885,0.8492753505706787,0.2591943957968476,312.3719482421875,50559.12891,-0.347148015,0.3472920876284492,0.017015685,-0.008904105
609.632,2016,1/1/2016,6,31.388071,-81.280137,0.1242183121036609,0.2080947905778885,0.8492753505706787,0.2591943957968476,331.5717468261719,50559.12891,-0.399434766,0.3583929210563708,0.012550794,-0.505753398
311.648,2017,1/1/2017,6,31.388071,-81.280137,0.1039507157852055,0.2080947905778885,0.8492753505706787,0.2591943957968476,328.1954345703125,50559.12891,-0.409261613,0.3462493368863476,0.033951927,-0.245342463
254.976,2018,1/1/2018,6,31.388071,-81.280137,0.1020244344297656,0.2080947905778885,0.8492753505706787,0.2591943957968476,330.45574951171875,50559.12891,-0.405479377,0.3554931136893213,0.015547324,0.063150696
588.192,2019,1/1/2019,6,31.388071,-81.280137,0.091376858,0.2080947905778885,0.8492753505706787,0.2591943957968476,320.3763122558594,50559.12891,-0.403211765,0.315068055,0.011250626,-0.245774642
345.68,2020,1/1/2020,6,31.388071,-81.280137,0.1258231372995844,0.2080947905778885,0.8492753505706787,0.2591943957968476,310.0017395019531,50559.12891,-0.446349404,0.3905408541787727,0.019055773,-0.197857127
399.344,2021,1/1/2021,6,31.388071,-81.280137,0.084924184,0.2080947905778885,0.8492753505706787,0.2591943957968476,332.2628173828125,50559.12891,-0.369476325,0.3556019290794048,0.025744829,0.049178082
235.168,2022,1/1/2022,6,31.388071,-81.280137,0.1545674486649416,0.2080947905778885,0.8492753505706787,0.2591943957968476,337.4472961425781,50559.12891,-0.4618251,0.4288099791871939,-0.008341338,-0.342054784
229.12,2007,1/1/2007,6,31.388071000000004,-81.280137,0.079149793,0.2080947905778885,0.8492753505706787,0.2591943957968476,313.9540100097656,50559.12891,-0.48365771,0.3086774979670899,0.002841154,-0.28684932
317.696,2012,1/1/2012,6,31.388071000000004,-81.280137,0.059250349,0.2080947905778885,0.8492753505706787,0.2591943957968476,325.7543334960937,50559.12891,-0.398681742,0.2560046516482045,-0.011332567,-0.239863008
197.296,2001,1/1/2001,6,31.388206,-81.280117,0.097829393,0.4653136432170868,0.8499571084976196,0.2591943957968476,342.8481445,50559.12891,-0.489540773,0.3471253606472639,0.023235346,-0.236986294
428.224,2002,1/1/2002,6,31.388206,-81.280117,0.1073790092547981,0.4653136432170868,0.8499571084976196,0.2591943957968476,303.7332458496094,50559.12891,-0.44025932,0.3155215328422637,0.053930685,0.1084931492805481
339.488,2004,1/1/2004,6,31.388206,-81.280117,0.099764923,0.4653136432170868,0.8499571084976196,0.2591943957968476,319.4435729980469,50559.12891,-0.504557055,0.3873227020957731,0.034345728,-0.178082198
439.856,2005,1/1/2005,6,31.388206,-81.280117,0.1181760853949852,0.4653136432170868,0.8499571084976196,0.2591943957968476,330.20098876953125,50559.12891,-0.497977262,0.3730910406709907,0.008415805,0.3652054667472839
105.552,2008,1/1/2008,6,31.388206,-81.280117,0.058839899,0.4653136432170868,0.8499571084976196,0.2591943957968476,328.1792297363281,50559.12891,-0.401009782,0.2368841257282608,-0.022697126,-0.189589038
227.584,2009,1/1/2009,6,31.388206,-81.280117,0.081137206,0.4653136432170868,0.8499571084976196,0.2591943957968476,323.7977294921875,50559.12891,-0.475168867,0.3136939198777426,-0.004788287,0.106849305
352.81600000000003,2010,1/1/2010,6,31.388206,-81.280117,0.07979533,0.4653136432170868,0.8499571084976196,0.2591943957968476,338.2954406738281,50559.12891,-0.433566727,0.3340070788417586,0.038823529,-0.608082175
212.736,2012,1/1/2012,6,31.388206,-81.280117,0.059250349,0.4653136432170868,0.8499571084976196,0.2591943957968476,325.7543334960937,50559.12891,-0.398681742,0.2560046516482045,-0.011332567,-0.239863008
345.424,2013,1/1/2013,6,31.388206,-81.280117,0.1223708615000243,0.4653136432170868,0.8499571084976196,0.2591943957968476,331.7611999511719,50559.12891,-0.51515996,0.3929819564124282,0.002289975,0.179041103
207.136,2014,1/1/2014,6,31.388206,-81.280117,0.082752018,0.4653136432170868,0.8499571084976196,0.2591943957968476,337.6925964355469,50559.12891,-0.428396154,0.3460713661719863,0.022219054,0.1041095852851867
193.296,2015,1/1/2015,6,31.388206,-81.280117,0.099004822,0.4653136432170868,0.8499571084976196,0.2591943957968476,312.3719482421875,50559.12891,-0.347148015,0.3472920876284492,0.017015685,-0.008904105
281.76,2016,1/1/2016,6,31.388206,-81.280117,0.1242183121036609,0.4653136432170868,0.8499571084976196,0.2591943957968476,331.5717468261719,50559.12891,-0.399434766,0.3583929210563708,0.012550794,-0.505753398
726.496,2017,1/1/2017,6,31.388206,-81.280117,0.1039507157852055,0.4653136432170868,0.8499571084976196,0.2591943957968476,328.1954345703125,50559.12891,-0.409261613,0.3462493368863476,0.033951927,-0.245342463
215.28,2020,1/1/2020,6,31.388206,-81.280117,0.1258231372995844,0.4653136432170868,0.8499571084976196,0.2591943957968476,310.0017395019531,50559.12891,-0.446349404,0.3905408541787727,0.019055773,-0.197857127
285.072,2021,1/1/2021,6,31.388206,-81.280117,0.084924184,0.4653136432170868,0.8499571084976196,0.2591943957968476,332.2628173828125,50559.12891,-0.369476325,0.3556019290794048,0.025744829,0.049178082
358.576,2022,1/1/2022,6,31.388206,-81.280117,0.1545674486649416,0.4653136432170868,0.8499571084976196,0.2591943957968476,337.4472961425781,50559.12891,-0.4618251,0.4288099791871939,-0.008341338,-0.342054784
278.368,2006,1/1/2006,6,31.388206000000004,-81.280117,0.075437131,0.4653136432170868,0.8499571084976196,0.2591943957968476,347.6445617675781,50559.12891,-0.440985187,0.2971334102420722,0.030341908,-0.285753429
233.616,2007,1/1/2007,6,31.388206000000004,-81.280117,0.079149793,0.4653136432170868,0.8499571084976196,0.2591943957968476,313.9540100097656,50559.12891,-0.48365771,0.3086774979670899,0.002841154,-0.28684932
215.136,2018,1/1/2018,6,31.388206000000004,-81.280117,0.1020244344297656,0.4653136432170868,0.8499571084976196,0.2591943957968476,330.45574951171875,50559.12891,-0.405479377,0.3554931136893213,0.015547324,0.063150696
336.8,2019,1/1/2019,6,31.388206000000004,-81.280117,0.091376858,0.4653136432170868,0.8499571084976196,0.2591943957968476,320.3763122558594,50559.12891,-0.403211765,0.315068055,0.011250626,-0.245774642
1455.052,2015,1/1/2015,6,31.388212,-81.279884,0.1018611515296333,2.7763283252716064,0.7164750695228577,0.3846153846153846,312.3719482421875,50559.12891,-0.398542684,0.2875573667058155,0.029647228,-0.008904105
288.408,2016,1/1/2016,6,31.388212,-81.279884,0.097876977,2.7763283252716064,0.7164750695228577,0.3846153846153846,331.5717468261719,50559.12891,-0.429525233,0.3314141925992796,-0.005968031,-0.505753398
1463.38,2018,1/1/2018,6,31.388212,-81.279884,0.1061940872040859,2.7763283252716064,0.7164750695228577,0.3846153846153846,330.45574951171875,50559.12891,-0.471101777,0.3590490359035155,0.027488646,0.063150696
392.056,2019,1/1/2019,6,31.388212,-81.279884,0.077375325,2.7763283252716064,0.7164750695228577,0.3846153846153846,320.3763122558594,50559.12891,-0.403017897,0.2944259233819064,0.018187985,-0.245774642
488.292,2021,1/1/2021,6,31.388212,-81.279884,0.084312685,2.7763283252716064,0.7164750695228577,0.3846153846153846,332.2628173828125,50559.12891,-0.448199223,0.3440210321029304,-0.00163416,0.049178082
893.62,2022,1/1/2022,6,31.388212,-81.279884,0.1514667699274239,2.7763283252716064,0.7164750695228577,0.3846153846153846,337.4472961425781,50559.12891,-0.507027729,0.398824544,0.027735072,-0.342054784
1763.224,2010,1/1/2010,6,31.388213,-81.279902,0.088431672,2.7763283252716064,0.7164750695228577,0.3846153846153846,338.2954406738281,50559.12891,-0.501361775,0.3167281772806356,0.012459547,-0.608082175
2789.464,2002,1/1/2002,6,31.388213,-81.279902,0.1169427181683631,2.7763283252716064,0.7164750695228577,0.3846153846153846,303.7332458496094,50559.12891,-0.43438104,0.4763793379177991,-0.005959823,0.1084931492805481
201.308,2004,1/1/2004,6,31.388213,-81.279902,0.098835384,2.7763283252716064,0.7164750695228577,0.3846153846153846,319.4435729980469,50559.12891,-0.444107145,0.3461332801335547,-0.005484619,-0.178082198
1700.348,2005,1/1/2005,6,31.388213,-81.279902,0.1738087188444995,2.7763283252716064,0.7164750695228577,0.3846153846153846,330.20098876953125,50559.12891,-0.552181993,0.4741307740043395,-0.009231021,0.3652054667472839
0,2006,1/1/2006,6,31.388213,-81.279902,0.07408107,2.7763283252716064,0.7164750695228577,0.3846153846153846,347.6445617675781,50559.12891,-0.377530281,0.3238685088137212,-0.038026164,-0.285753429
1025.348,2007,1/1/2007,6,31.388213,-81.279902,0.091196577,2.7763283252716064,0.7164750695228577,0.3846153846153846,313.9540100097656,50559.12891,-0.478195726,0.3516543566004874,0.014703614,-0.28684932
2127.612,2009,1/1/2009,6,31.388213,-81.279902,0.088399411,2.7763283252716064,0.7164750695228577,0.3846153846153846,323.7977294921875,50559.12891,-0.476609041,0.3679844353770915,-0.006788627,0.106849305
2743.8,2013,1/1/2013,6,31.388213,-81.279902,0.1507361945436695,2.7763283252716064,0.7164750695228577,0.3846153846153846,331.7611999511719,50559.12891,-0.572792861,0.435848407,-0.00087364,0.179041103
597.092,2014,1/1/2014,6,31.388213,-81.279902,0.093810704,2.7763283252716064,0.7164750695228577,0.3846153846153846,337.6925964355469,50559.12891,-0.428777218,0.3083819553152127,-0.019439032,0.1041095852851867
964,2020,1/1/2020,6,31.388213,-81.279902,0.089066572,2.7763283252716064,0.7164750695228577,0.3846153846153846,310.0017395019531,50559.12891,-0.438349529,0.3401951486493947,0.013018356,-0.197857127
1790.644,2012,1/1/2012,6,31.388213000000004,-81.279902,0.07805366,2.7763283252716064,0.7164750695228577,0.3846153846153846,325.7543334960937,50559.12891,-0.529748435,0.3420633403428285,-0.039263406,-0.239863008
749.172,2000,1/1/2000,6,31.388295,-81.279818,0.1013747738302586,3.903855562210083,0.139438584,0.1461267605633802,333.8920593261719,50559.12891,-0.500125372,0.3398493853496701,-0.01262758,-0.428493142
904.172,2001,1/1/2001,6,31.388295,-81.279818,0.1174371950685583,3.903855562210083,0.139438584,0.1461267605633802,342.8481445,50559.12891,-0.480943264,0.4188414362542125,-0.033929346,-0.236986294
310.492,2004,1/1/2004,6,31.388295,-81.279818,0.099873955,3.903855562210083,0.139438584,0.1461267605633802,319.4435729980469,50559.12891,-0.44376693,0.3637886553039933,-0.000248784,-0.178082198
1819.992,2005,1/1/2005,6,31.388295,-81.279818,0.1803707970303796,3.903855562210083,0.139438584,0.1461267605633802,330.20098876953125,50559.12891,-0.579181612,0.4761600719263408,0.025637544,0.3652054667472839
1880.764,2007,1/1/2007,6,31.388295,-81.279818,0.095301897,3.903855562210083,0.139438584,0.1461267605633802,313.9540100097656,50559.12891,-0.467542269,0.3699889771166375,0.002548951,-0.28684932
1243.84,2008,1/1/2008,6,31.388295,-81.279818,0.092721827,3.903855562210083,0.139438584,0.1461267605633802,328.1792297363281,50559.12891,-0.499715841,0.3481251568765122,-0.023534261,-0.189589038
2367.24,2009,1/1/2009,6,31.388295,-81.279818,0.1020204252437957,3.903855562210083,0.139438584,0.1461267605633802,323.7977294921875,50559.12891,-0.48531965,0.4012796238833213,0.003763686,0.106849305
670.844,2011,1/1/2011,6,31.388295,-81.279818,0.075757465,3.903855562210083,0.139438584,0.1461267605633802,347.7743530273437,50559.12891,-0.406003449,0.2946042034995391,0.025458341,-0.338767111
396.664,2012,1/1/2012,6,31.388295,-81.279818,0.081046616,3.903855562210083,0.139438584,0.1461267605633802,325.7543334960937,50559.12891,-0.484714079,0.3428834921610825,-0.003078071,-0.239863008
1148.768,2013,1/1/2013,6,31.388295,-81.279818,0.1685356705052715,3.903855562210083,0.139438584,0.1461267605633802,331.7611999511719,50559.12891,-0.551422209,0.4703987267837594,-0.019906597,0.179041103
580.028,2014,1/1/2014,6,31.388295,-81.279818,0.1140020426272877,3.903855562210083,0.139438584,0.1461267605633802,337.6925964355469,50559.12891,-0.432959386,0.368091965,-0.000284128,0.1041095852851867
591.444,2015,1/1/2015,6,31.388295,-81.279818,0.1090310902855609,3.903855562210083,0.139438584,0.1461267605633802,312.3719482421875,50559.12891,-0.412471556,0.3349471454821779,0.021383912,-0.008904105
417.728,2017,1/1/2017,6,31.388295,-81.279818,0.095962096,3.903855562210083,0.139438584,0.1461267605633802,328.1954345703125,50559.12891,-0.385022375,0.2769293911028997,0.000211526,-0.245342463
928.852,2018,1/1/2018,6,31.388295,-81.279818,0.1419986972460612,3.903855562210083,0.139438584,0.1461267605633802,330.45574951171875,50559.12891,-0.489643466,0.4184797919720901,-0.017366215,0.063150696
513.104,2021,1/1/2021,6,31.388295,-81.279818,0.099764162,3.903855562210083,0.139438584,0.1461267605633802,332.2628173828125,50559.12891,-0.420828832,0.3958910387230879,-0.001780223,0.049178082
700.9359999999999,2022,1/1/2022,6,31.388295,-81.279818,0.1462522918824363,3.903855562210083,0.139438584,0.1461267605633802,337.4472961425781,50559.12891,-0.472364593,0.4342867106560604,-0.003140763,-0.342054784
4596.008,2002,1/1/2002,6,31.388295000000003,-81.279818,0.103030349,3.903855562210083,0.139438584,0.1461267605633802,303.7332458496094,50559.12891,-0.44265859,0.3762066417596401,0.01061067,0.1084931492805481
702.3199999999999,2010,1/1/2010,6,31.388295000000003,-81.279818,0.088038678,3.903855562210083,0.139438584,0.1461267605633802,338.2954406738281,50559.12891,-0.444975764,0.3334170156686095,0.010515135,-0.608082175
390.764,2016,1/1/2016,6,31.388295000000003,-81.279818,0.1408454582502671,3.903855562210083,0.139438584,0.1461267605633802,331.5717468261719,50559.12891,-0.400907553,0.375864394,-0.005828201,-0.505753398
586.24,2019,1/1/2019,6,31.388295000000003,-81.279818,0.091192482,3.903855562210083,0.139438584,0.1461267605633802,320.3763122558594,50559.12891,-0.392141406,0.2914129992787938,-0.005984516,-0.245774642
575.3199999999999,2020,1/1/2020,6,31.388295000000003,-81.279818,0.1252145407941469,3.903855562210083,0.139438584,0.1461267605633802,310.0017395019531,50559.12891,-0.486789643,0.3969831048089015,-0.00454844,-0.197857127
367.44,2001,1/1/2001,6,31.38834,-81.280132,0.097011356,0.211765781,0.8678362369537354,0.2075812274368231,342.8481445,50559.12891,-0.478115387,0.3567814546342556,0,-0.236986294
201.28,2002,1/1/2002,6,31.38834,-81.280132,0.087646901,0.211765781,0.8678362369537354,0.2075812274368231,303.7332458496094,50559.12891,-0.456800236,0.3043101289798895,0.030795435,0.1084931492805481
716.608,2004,1/1/2004,6,31.38834,-81.280132,0.1053734717970266,0.211765781,0.8678362369537354,0.2075812274368231,319.4435729980469,50559.12891,-0.55660244,0.3456029630491409,0.042192002,-0.178082198
186.112,2006,1/1/2006,6,31.38834,-81.280132,0.076044155,0.211765781,0.8678362369537354,0.2075812274368231,347.6445617675781,50559.12891,-0.439972301,0.2849495007691942,0.029772606,-0.285753429
354.72,2007,1/1/2007,6,31.38834,-81.280132,0.084618868,0.211765781,0.8678362369537354,0.2075812274368231,313.9540100097656,50559.12891,-0.470785592,0.3459601333635757,0.025012685,-0.28684932
190.672,2008,1/1/2008,6,31.38834,-81.280132,0.075213427,0.211765781,0.8678362369537354,0.2075812274368231,328.1792297363281,50559.12891,-0.467561275,0.2820493926876296,-0.013176862,-0.189589038
216.272,2009,1/1/2009,6,31.38834,-81.280132,0.099441826,0.211765781,0.8678362369537354,0.2075812274368231,323.7977294921875,50559.12891,-0.43314718,0.3902168448692489,0.003251028,0.106849305
455.376,2010,1/1/2010,6,31.38834,-81.280132,0.090121226,0.211765781,0.8678362369537354,0.2075812274368231,338.2954406738281,50559.12891,-0.44591034,0.3408037264105773,0.049157272,-0.608082175
187.952,2011,1/1/2011,6,31.38834,-81.280132,0.087202686,0.211765781,0.8678362369537354,0.2075812274368231,347.7743530273437,50559.12891,-0.451709213,0.2839886215021541,0.1225586030179369,-0.338767111
79.68,2012,1/1/2012,6,31.38834,-81.280132,0.062227598,0.211765781,0.8678362369537354,0.2075812274368231,325.7543334960937,50559.12891,-0.428530855,0.2509291882556134,0.046057074,-0.239863008
443.088,2013,1/1/2013,6,31.38834,-81.280132,0.1147802391317539,0.211765781,0.8678362369537354,0.2075812274368231,331.7611999511719,50559.12891,-0.504834427,0.3870903502009117,0.021948786,0.179041103
672.88,2014,1/1/2014,6,31.38834,-81.280132,0.095309815,0.211765781,0.8678362369537354,0.2075812274368231,337.6925964355469,50559.12891,-0.417788912,0.3639021041237492,0.035612345,0.1041095852851867
473.872,2015,1/1/2015,6,31.38834,-81.280132,0.1022552200712271,0.211765781,0.8678362369537354,0.2075812274368231,312.3719482421875,50559.12891,-0.368313056,0.3654455643789189,0.040515132,-0.008904105
246.96,2016,1/1/2016,6,31.38834,-81.280132,0.1287248272560612,0.211765781,0.8678362369537354,0.2075812274368231,331.5717468261719,50559.12891,-0.383151612,0.3738303384362031,0.07959479,-0.505753398
198.128,2017,1/1/2017,6,31.38834,-81.280132,0.1099366131239646,0.211765781,0.8678362369537354,0.2075812274368231,328.1954345703125,50559.12891,-0.394816883,0.3632967786867856,0.030492712,-0.245342463
432.624,2019,1/1/2019,6,31.38834,-81.280132,0.1104361519066386,0.211765781,0.8678362369537354,0.2075812274368231,320.3763122558594,50559.12891,-0.411473675,0.3563667769805358,0.021444134,-0.245774642
269.488,2020,1/1/2020,6,31.38834,-81.280132,0.1316595273055281,0.211765781,0.8678362369537354,0.2075812274368231,310.0017395019531,50559.12891,-0.44729641,0.4102432149041305,0.024571502,-0.197857127
170.256,2021,1/1/2021,6,31.38834,-81.280132,0.098748395,0.211765781,0.8678362369537354,0.2075812274368231,332.2628173828125,50559.12891,-0.377285273,0.3680196487556708,0.013069148,0.049178082
465.392,2005,1/1/2005,6,31.388340000000003,-81.280132,0.1025193893379051,0.211765781,0.8678362369537354,0.2075812274368231,330.20098876953125,50559.12891,-0.517079071,0.3439094431576509,0.030973646,0.3652054667472839
515.392,2018,1/1/2018,6,31.388340000000003,-81.280132,0.1094535587165691,0.211765781,0.8678362369537354,0.2075812274368231,330.45574951171875,50559.12891,-0.420785763,0.3699391798344938,0.066658614,0.063150696
462.544,2022,1/1/2022,6,31.388340000000003,-81.280132,0.1448352213437493,0.211765781,0.8678362369537354,0.2075812274368231,337.4472961425781,50559.12891,-0.419534986,0.4180685024217852,0.010924568,-0.342054784
1032.632,2000,1/1/2000,6,31.388423,-81.279792,0.1013747738302586,3.654969930648804,0.9453697204589844,0.1461267605633802,333.8920593261719,50559.12891,-0.500125372,0.3398493853496701,-0.01262758,-0.428493142
2092.668,2001,1/1/2001,6,31.388423,-81.279792,0.1174371950685583,3.654969930648804,0.9453697204589844,0.1461267605633802,342.8481445,50559.12891,-0.480943264,0.4188414362542125,-0.033929346,-0.236986294
833.7679999999999,2002,1/1/2002,6,31.388423,-81.279792,0.103030349,3.654969930648804,0.9453697204589844,0.1461267605633802,303.7332458496094,50559.12891,-0.44265859,0.3762066417596401,0.01061067,0.1084931492805481
215.428,2004,1/1/2004,6,31.388423,-81.279792,0.099873955,3.654969930648804,0.9453697204589844,0.1461267605633802,319.4435729980469,50559.12891,-0.44376693,0.3637886553039933,-0.000248784,-0.178082198
1967.192,2005,1/1/2005,6,31.388423,-81.279792,0.1803707970303796,3.654969930648804,0.9453697204589844,0.1461267605633802,330.20098876953125,50559.12891,-0.579181612,0.4761600719263408,0.025637544,0.3652054667472839
1604.216,2007,1/1/2007,6,31.388423,-81.279792,0.095301897,3.654969930648804,0.9453697204589844,0.1461267605633802,313.9540100097656,50559.12891,-0.467542269,0.3699889771166375,0.002548951,-0.28684932
706.412,2008,1/1/2008,6,31.388423,-81.279792,0.092721827,3.654969930648804,0.9453697204589844,0.1461267605633802,328.1792297363281,50559.12891,-0.499715841,0.3481251568765122,-0.023534261,-0.189589038
1242.22,2009,1/1/2009,6,31.388423,-81.279792,0.1020204252437957,3.654969930648804,0.9453697204589844,0.1461267605633802,323.7977294921875,50559.12891,-0.48531965,0.4012796238833213,0.003763686,0.106849305
510.968,2010,1/1/2010,6,31.388423,-81.279792,0.088038678,3.654969930648804,0.9453697204589844,0.1461267605633802,338.2954406738281,50559.12891,-0.444975764,0.3334170156686095,0.010515135,-0.608082175
511.556,2011,1/1/2011,6,31.388423,-81.279792,0.075757465,3.654969930648804,0.9453697204589844,0.1461267605633802,347.7743530273437,50559.12891,-0.406003449,0.2946042034995391,0.025458341,-0.338767111
596.356,2012,1/1/2012,6,31.388423,-81.279792,0.081046616,3.654969930648804,0.9453697204589844,0.1461267605633802,325.7543334960937,50559.12891,-0.484714079,0.3428834921610825,-0.003078071,-0.239863008
1379.032,2013,1/1/2013,6,31.388423,-81.279792,0.1685356705052715,3.654969930648804,0.9453697204589844,0.1461267605633802,331.7611999511719,50559.12891,-0.551422209,0.4703987267837594,-0.019906597,0.179041103
471.636,2014,1/1/2014,6,31.388423,-81.279792,0.1140020426272877,3.654969930648804,0.9453697204589844,0.1461267605633802,337.6925964355469,50559.12891,-0.432959386,0.368091965,-0.000284128,0.1041095852851867
594.272,2015,1/1/2015,6,31.388423,-81.279792,0.1090310902855609,3.654969930648804,0.9453697204589844,0.1461267605633802,312.3719482421875,50559.12891,-0.412471556,0.3349471454821779,0.021383912,-0.008904105
702.048,2016,1/1/2016,6,31.388423,-81.279792,0.1408454582502671,3.654969930648804,0.9453697204589844,0.1461267605633802,331.5717468261719,50559.12891,-0.400907553,0.375864394,-0.005828201,-0.505753398
858.048,2018,1/1/2018,6,31.388423,-81.279792,0.1419986972460612,3.654969930648804,0.9453697204589844,0.1461267605633802,330.45574951171875,50559.12891,-0.489643466,0.4184797919720901,-0.017366215,0.063150696
238.656,2019,1/1/2019,6,31.388423,-81.279792,0.091192482,3.654969930648804,0.9453697204589844,0.1461267605633802,320.3763122558594,50559.12891,-0.392141406,0.2914129992787938,-0.005984516,-0.245774642
627.28,2020,1/1/2020,6,31.388423,-81.279792,0.1252145407941469,3.654969930648804,0.9453697204589844,0.1461267605633802,310.0017395019531,50559.12891,-0.486789643,0.3969831048089015,-0.00454844,-0.197857127
123.92,2017,1/1/2017,6,31.388423000000003,-81.279792,0.095962096,3.654969930648804,0.9453697204589844,0.1461267605633802,328.1954345703125,50559.12891,-0.385022375,0.2769293911028997,0.000211526,-0.245342463
546.696,2021,1/1/2021,6,31.388423000000003,-81.279792,0.099764162,3.654969930648804,0.9453697204589844,0.1461267605633802,332.2628173828125,50559.12891,-0.420828832,0.3958910387230879,-0.001780223,0.049178082
1207.972,2022,1/1/2022,6,31.388423000000003,-81.279792,0.1462522918824363,3.654969930648804,0.9453697204589844,0.1461267605633802,337.4472961425781,50559.12891,-0.472364593,0.4342867106560604,-0.003140763,-0.342054784
412.592,2000,1/1/2000,5,31.435437,-81.341614,0.080755365,0.109873429,1.0053093433380127,0.3205645161290322,341.65216064453125,50576.10938,-0.480810363,0.3463018513468472,0.011861496,-0.370684922
330.032,2001,1/1/2001,5,31.435437,-81.341614,0.080110433,0.109873429,1.0053093433380127,0.3205645161290322,346.76824951171875,50576.10938,-0.460519569,0.312212013,-0.000786079,-0.214520544
739.072,2004,1/1/2004,5,31.435437,-81.341614,0.036980436,0.109873429,1.0053093433380127,0.3205645161290322,324.04705810546875,50576.10938,-0.636190113,0.6276464445077375,-0.286260237,-0.150684923
201.76,2010,1/1/2010,5,31.435437,-81.341614,0.076861802,0.109873429,1.0053093433380127,0.3205645161290322,344.0644531,50576.10938,-0.435223732,0.3113967684021551,0.044973982,-0.531643808
233.84,2013,1/1/2013,5,31.435437,-81.341614,0.1184509989968205,0.109873429,1.0053093433380127,0.3205645161290322,335.8141174316406,50576.10938,-0.413227897,0.3785393494790293,0.001031024,0.1290410906076431
258.368,2014,1/1/2014,5,31.435437,-81.341614,0.08238866,0.109873429,1.0053093433380127,0.3205645161290322,340.1858825683594,50576.10938,-0.300088658,0.3068476485069221,0.009549855,0.095616437
149.56799999999998,2016,1/1/2016,5,31.435437,-81.341614,0.088589282,0.109873429,1.0053093433380127,0.3205645161290322,333.8906555175781,50576.10938,-0.352658239,0.2897757727507986,0.013691052,-0.381780803
366.096,2017,1/1/2017,5,31.435437,-81.341614,0.077210884,0.109873429,1.0053093433380127,0.3205645161290322,326.8562927246094,50576.10938,-0.382645207,0.3328857240281058,0.001804018,-0.10356164
321.424,2018,1/1/2018,5,31.435437,-81.341614,0.078000759,0.109873429,1.0053093433380127,0.3205645161290322,329.7066345214844,50576.10938,-0.33477509,0.2790768705846804,0.005924514,0.052191783
204.448,2019,1/1/2019,5,31.435437,-81.341614,0.076575742,0.109873429,1.0053093433380127,0.3205645161290322,321.6288146972656,50576.10938,-0.369008336,0.3023956432316561,-0.005376915,-0.38183099
289.408,2020,1/1/2020,5,31.435437,-81.341614,0.099808584,0.109873429,1.0053093433380127,0.3205645161290322,307.80206298828125,50576.10938,-0.405613671,0.3779215878066184,-0.003989844,-0.204571426
252.56,2021,1/1/2021,5,31.435437,-81.341614,0.079295,0.109873429,1.0053093433380127,0.3205645161290322,332.8349914550781,50576.10938,-0.359461158,0.3367949461642059,-0.000844141,-0.040958904
246.064,2022,1/1/2022,5,31.435437,-81.341614,0.1007074027923222,0.109873429,1.0053093433380127,0.3205645161290322,340.2714233398437,50576.10938,-0.311636224,0.2798192426973757,0.031639501,-0.332328767
228.96,2006,1/1/2006,5,31.435437000000004,-81.341614,0.07669261,0.109873429,1.0053093433380127,0.3205645161290322,353.9189147949219,50576.10938,-0.383414416,0.2942540879054641,0.049693372,-0.318219185
276.544,2007,1/1/2007,5,31.435437000000004,-81.341614,0.088385189,0.109873429,1.0053093433380127,0.3205645161290322,319.5331420898437,50576.10938,-0.412457362,0.3422390924441274,0.044935582,-0.302602738
324.704,2001,1/1/2001,5,31.435543,-81.341501,0.079275373,0.2313464283943176,0.9666824340820312,0.2723577235772357,346.76824951171875,50576.10938,-0.501494414,0.302823529,-0.024740798,-0.214520544
294.656,2004,1/1/2004,5,31.435543,-81.341501,0.036194155,0.2313464283943176,0.9666824340820312,0.2723577235772357,324.04705810546875,50576.10938,-0.439027759,0.4783287224232132,0.022951732,-0.150684923
238.752,2018,1/1/2018,5,31.435543,-81.341501,0.082115481,0.2313464283943176,0.9666824340820312,0.2723577235772357,329.7066345214844,50576.10938,-0.349555569,0.3042816013622192,0.006408333,0.052191783
298.208,2000,1/1/2000,5,31.435543,-81.341501,0.086859669,0.2313464283943176,0.9666824340820312,0.2723577235772357,341.65216064453125,50576.10938,-0.423784459,0.3346720405686004,-0.014578118,-0.370684922
1010.72,2002,1/1/2002,5,31.435543,-81.341501,0.099177173,0.2313464283943176,0.9666824340820312,0.2723577235772357,309.3023986816406,50576.10938,-0.395534821,0.437687836,0.056324758,0.1313698589801788
310.16,2006,1/1/2006,5,31.435543,-81.341501,0.088322795,0.2313464283943176,0.9666824340820312,0.2723577235772357,353.9189147949219,50576.10938,-0.408065357,0.3337974944358376,0.016399368,-0.318219185
389.744,2007,1/1/2007,5,31.435543,-81.341501,0.084183949,0.2313464283943176,0.9666824340820312,0.2723577235772357,319.5331420898437,50576.10938,-0.433920442,0.3096647151699939,0.03278657,-0.302602738
307.952,2010,1/1/2010,5,31.435543,-81.341501,0.088018643,0.2313464283943176,0.9666824340820312,0.2723577235772357,344.0644531,50576.10938,-0.413964212,0.3573825022223504,0.004583606,-0.531643808
100.256,2016,1/1/2016,5,31.435543,-81.341501,0.094577925,0.2313464283943176,0.9666824340820312,0.2723577235772357,333.8906555175781,50576.10938,-0.356610419,0.3011504775633978,-0.002165781,-0.381780803
193.92,2017,1/1/2017,5,31.435543,-81.341501,0.091985271,0.2313464283943176,0.9666824340820312,0.2723577235772357,326.8562927246094,50576.10938,-0.391049161,0.3571019241328079,-0.004189412,-0.10356164
115.92,2019,1/1/2019,5,31.435543,-81.341501,0.083923706,0.2313464283943176,0.9666824340820312,0.2723577235772357,321.6288146972656,50576.10938,-0.383134522,0.3200943569460576,-0.004037809,-0.38183099
287.552,2022,1/1/2022,5,31.435543,-81.341501,0.085465421,0.2313464283943176,0.9666824340820312,0.2723577235772357,340.2714233398437,50576.10938,-0.327741323,0.3280988217661589,-0.001454706,-0.332328767
272.736,2020,1/1/2020,5,31.435543,-81.341501,0.1130444014221961,0.2313464283943176,0.9666824340820312,0.2723577235772357,307.80206298828125,50576.10938,-0.428681283,0.394213259,-0.008426536,-0.204571426
196,2013,1/1/2013,5,31.435543000000003,-81.341501,0.1247891883725871,0.2313464283943176,0.9666824340820312,0.2723577235772357,335.8141174316406,50576.10938,-0.429066818,0.3832631451305675,0.007461518,0.1290410906076431
261.104,2014,1/1/2014,5,31.435543000000003,-81.341501,0.084681702,0.2313464283943176,0.9666824340820312,0.2723577235772357,340.1858825683594,50576.10938,-0.323581937,0.3369229316527098,0.000475902,0.095616437
67.632,2021,1/1/2021,5,31.435543000000003,-81.341501,0.1076667689281839,0.2313464283943176,0.9666824340820312,0.2723577235772357,332.8349914550781,50576.10938,-0.373782517,0.3603528282905386,-0.009552066,-0.040958904
339.168,2000,1/1/2000,5,31.435647,-81.341406,0.086859669,0.1790096312761306,0.9390258193016052,0.2723577235772357,341.65216064453125,50576.10938,-0.423784459,0.3346720405686004,-0.014578118,-0.370684922
234.368,2001,1/1/2001,5,31.435647,-81.341406,0.079275373,0.1790096312761306,0.9390258193016052,0.2723577235772357,346.76824951171875,50576.10938,-0.501494414,0.302823529,-0.024740798,-0.214520544
736.576,2002,1/1/2002,5,31.435647,-81.341406,0.099177173,0.1790096312761306,0.9390258193016052,0.2723577235772357,309.3023986816406,50576.10938,-0.395534821,0.437687836,0.056324758,0.1313698589801788
265.232,2004,1/1/2004,5,31.435647,-81.341406,0.036194155,0.1790096312761306,0.9390258193016052,0.2723577235772357,324.04705810546875,50576.10938,-0.439027759,0.4783287224232132,0.022951732,-0.150684923
207.008,2006,1/1/2006,5,31.435647,-81.341406,0.088322795,0.1790096312761306,0.9390258193016052,0.2723577235772357,353.9189147949219,50576.10938,-0.408065357,0.3337974944358376,0.016399368,-0.318219185
265.792,2007,1/1/2007,5,31.435647,-81.341406,0.084183949,0.1790096312761306,0.9390258193016052,0.2723577235772357,319.5331420898437,50576.10938,-0.433920442,0.3096647151699939,0.03278657,-0.302602738
139.392,2010,1/1/2010,5,31.435647,-81.341406,0.088018643,0.1790096312761306,0.9390258193016052,0.2723577235772357,344.0644531,50576.10938,-0.413964212,0.3573825022223504,0.004583606,-0.531643808
286.176,2014,1/1/2014,5,31.435647,-81.341406,0.084681702,0.1790096312761306,0.9390258193016052,0.2723577235772357,340.1858825683594,50576.10938,-0.323581937,0.3369229316527098,0.000475902,0.095616437
74.464,2016,1/1/2016,5,31.435647,-81.341406,0.094577925,0.1790096312761306,0.9390258193016052,0.2723577235772357,333.8906555175781,50576.10938,-0.356610419,0.3011504775633978,-0.002165781,-0.381780803
198.48,2017,1/1/2017,5,31.435647,-81.341406,0.091985271,0.1790096312761306,0.9390258193016052,0.2723577235772357,326.8562927246094,50576.10938,-0.391049161,0.3571019241328079,-0.004189412,-0.10356164
265.664,2018,1/1/2018,5,31.435647,-81.341406,0.082115481,0.1790096312761306,0.9390258193016052,0.2723577235772357,329.7066345214844,50576.10938,-0.349555569,0.3042816013622192,0.006408333,0.052191783
295.168,2019,1/1/2019,5,31.435647,-81.341406,0.083923706,0.1790096312761306,0.9390258193016052,0.2723577235772357,321.6288146972656,50576.10938,-0.383134522,0.3200943569460576,-0.004037809,-0.38183099
242.976,2020,1/1/2020,5,31.435647,-81.341406,0.1130444014221961,0.1790096312761306,0.9390258193016052,0.2723577235772357,307.80206298828125,50576.10938,-0.428681283,0.394213259,-0.008426536,-0.204571426
94.896,2021,1/1/2021,5,31.435647,-81.341406,0.1076667689281839,0.1790096312761306,0.9390258193016052,0.2723577235772357,332.8349914550781,50576.10938,-0.373782517,0.3603528282905386,-0.009552066,-0.040958904
439.744,2022,1/1/2022,5,31.435647,-81.341406,0.085465421,0.1790096312761306,0.9390258193016052,0.2723577235772357,340.2714233398437,50576.10938,-0.327741323,0.3280988217661589,-0.001454706,-0.332328767
301.44,2013,1/1/2013,5,31.435647000000003,-81.341406,0.1247891883725871,0.1790096312761306,0.9390258193016052,0.2723577235772357,335.8141174316406,50576.10938,-0.429066818,0.3832631451305675,0.007461518,0.1290410906076431
1535.884,2014,1/1/2014,5,31.435683,-81.340642,0.1500229310180237,0.5955092906951904,0.3401114642620086,0.068720379,340.1858825683594,50576.10938,-0.447048717,0.5042614894966815,-0.006483555,0.095616437
1155.74,2015,1/1/2015,5,31.435683,-81.340642,0.1403428472248468,0.5955092906951904,0.3401114642620086,0.068720379,314.38140869140625,50576.10938,-0.416332958,0.4831983051507011,0.009887874,-0.04136987
237.004,2017,1/1/2017,5,31.435683,-81.340642,0.1551461150760898,0.5955092906951904,0.3401114642620086,0.068720379,326.8562927246094,50576.10938,-0.471813914,0.5116749290670052,-0.004120973,-0.10356164
544.024,2018,1/1/2018,5,31.435683,-81.340642,0.1731446995813837,0.5955092906951904,0.3401114642620086,0.068720379,329.7066345214844,50576.10938,-0.449680026,0.5068784604652297,-0.014660625,0.052191783
472.796,2019,1/1/2019,5,31.435683,-81.340642,0.14139028,0.5955092906951904,0.3401114642620086,0.068720379,321.6288146972656,50576.10938,-0.352017724,0.4257730182530078,-0.014052397,-0.38183099
675.956,2020,1/1/2020,5,31.435683,-81.340642,0.1665066767111314,0.5955092906951904,0.3401114642620086,0.068720379,307.80206298828125,50576.10938,-0.482521703,0.5318640199044661,-0.034221633,-0.204571426
597.156,2021,1/1/2021,5,31.435683,-81.340642,0.1594166302191443,0.5955092906951904,0.3401114642620086,0.068720379,332.8349914550781,50576.10938,-0.386783527,0.4650836212881064,0.00531247,-0.040958904
561.524,2022,1/1/2022,5,31.435683,-81.340642,0.1300553626724219,0.5955092906951904,0.3401114642620086,0.068720379,340.2714233398437,50576.10938,-0.351585415,0.4524494446682874,0.018739353,-0.332328767
346.24,2016,1/1/2016,5,31.435683,-81.340642,0.1535616995485795,0.5955092906951904,0.3401114642620086,0.068720379,333.8906555175781,50576.10938,-0.391800321,0.4753339694099339,0.003038884,-0.381780803
1189.72,2011,1/1/2011,5,31.435696,-81.340624,0.079906382,2.35765028,0.731567919,0.068720379,351.7558594,50576.10938,-0.432099929,0.3373055987518299,0.022549616,-0.379589051
2116.792,2013,1/1/2013,5,31.435696,-81.340624,0.1858715839270572,2.35765028,0.731567919,0.068720379,335.8141174316406,50576.10938,-0.496669365,0.5101969865202758,-0.018189219,0.1290410906076431
590.088,2004,1/1/2004,5,31.435696,-81.340624,0.1126831928006124,2.35765028,0.731567919,0.068720379,324.04705810546875,50576.10938,-0.439886082,0.4363744586552958,0.009473709,-0.150684923
692.232,2005,1/1/2005,5,31.435696,-81.340624,0.1544618409043041,2.35765028,0.731567919,0.068720379,334.19891357421875,50576.10938,-0.529148372,0.5094964701979071,-0.011973875,0.3513698577880859
1141.944,2007,1/1/2007,5,31.435696,-81.340624,0.084607062,2.35765028,0.731567919,0.068720379,319.5331420898437,50576.10938,-0.442286017,0.3363673112783139,0.030719542,-0.302602738
1301.256,2009,1/1/2009,5,31.435696,-81.340624,0.1129645503162393,2.35765028,0.731567919,0.068720379,328.6439208984375,50576.10938,-0.467802729,0.4726640404806256,-0.031940347,0.1002739667892456
1042.148,2010,1/1/2010,5,31.435696,-81.340624,0.116816372,2.35765028,0.731567919,0.068720379,344.0644531,50576.10938,-0.463225915,0.4450437567661431,0.018651822,-0.531643808
1014.156,2004,1/1/2004,5,31.435715,-81.340569,0.1126831928006124,1.4527873992919922,0.6875708699226379,0.068720379,324.04705810546875,50576.10938,-0.439886082,0.4363744586552958,0.009473709,-0.150684923
482.168,2005,1/1/2005,5,31.435715,-81.340569,0.1544618409043041,1.4527873992919922,0.6875708699226379,0.068720379,334.19891357421875,50576.10938,-0.529148372,0.5094964701979071,-0.011973875,0.3513698577880859
1131.7,2007,1/1/2007,5,31.435715,-81.340569,0.084607062,1.4527873992919922,0.6875708699226379,0.068720379,319.5331420898437,50576.10938,-0.442286017,0.3363673112783139,0.030719542,-0.302602738
2480.14,2010,1/1/2010,5,31.435715,-81.340569,0.116816372,1.4527873992919922,0.6875708699226379,0.068720379,344.0644531,50576.10938,-0.463225915,0.4450437567661431,0.018651822,-0.531643808
1188.596,2011,1/1/2011,5,31.435715,-81.340569,0.079906382,1.4527873992919922,0.6875708699226379,0.068720379,351.7558594,50576.10938,-0.432099929,0.3373055987518299,0.022549616,-0.379589051
1558.3639999999998,2013,1/1/2013,5,31.435715,-81.340569,0.1858715839270572,1.4527873992919922,0.6875708699226379,0.068720379,335.8141174316406,50576.10938,-0.496669365,0.5101969865202758,-0.018189219,0.1290410906076431
1330.568,2014,1/1/2014,5,31.435715,-81.340569,0.1500229310180237,1.4527873992919922,0.6875708699226379,0.068720379,340.1858825683594,50576.10938,-0.447048717,0.5042614894966815,-0.006483555,0.095616437
931.116,2015,1/1/2015,5,31.435715,-81.340569,0.1403428472248468,1.4527873992919922,0.6875708699226379,0.068720379,314.38140869140625,50576.10938,-0.416332958,0.4831983051507011,0.009887874,-0.04136987
1099.132,2016,1/1/2016,5,31.435715,-81.340569,0.1535616995485795,1.4527873992919922,0.6875708699226379,0.068720379,333.8906555175781,50576.10938,-0.391800321,0.4753339694099339,0.003038884,-0.381780803
847.6279999999999,2017,1/1/2017,5,31.435715,-81.340569,0.1551461150760898,1.4527873992919922,0.6875708699226379,0.068720379,326.8562927246094,50576.10938,-0.471813914,0.5116749290670052,-0.004120973,-0.10356164
2100.22,2018,1/1/2018,5,31.435715,-81.340569,0.1731446995813837,1.4527873992919922,0.6875708699226379,0.068720379,329.7066345214844,50576.10938,-0.449680026,0.5068784604652297,-0.014660625,0.052191783
569.6320000000001,2019,1/1/2019,5,31.435715,-81.340569,0.14139028,1.4527873992919922,0.6875708699226379,0.068720379,321.6288146972656,50576.10938,-0.352017724,0.4257730182530078,-0.014052397,-0.38183099
2144.492,2020,1/1/2020,5,31.435715,-81.340569,0.1665066767111314,1.4527873992919922,0.6875708699226379,0.068720379,307.80206298828125,50576.10938,-0.482521703,0.5318640199044661,-0.034221633,-0.204571426
1145.996,2021,1/1/2021,5,31.435715,-81.340569,0.1594166302191443,1.4527873992919922,0.6875708699226379,0.068720379,332.8349914550781,50576.10938,-0.386783527,0.4650836212881064,0.00531247,-0.040958904
1221.62,2022,1/1/2022,5,31.435715,-81.340569,0.1300553626724219,1.4527873992919922,0.6875708699226379,0.068720379,340.2714233398437,50576.10938,-0.351585415,0.4524494446682874,0.018739353,-0.332328767
2273.688,2009,1/1/2009,5,31.435715,-81.340569,0.1129645503162393,1.4527873992919922,0.6875708699226379,0.068720379,328.6439208984375,50576.10938,-0.467802729,0.4726640404806256,-0.031940347,0.1002739667892456
292.976,2004,1/1/2004,5,31.435748,-81.341275,0.1211188619887841,0.1906318962574005,0.9048739075660706,0.1977272727272727,324.04705810546875,50576.10938,-0.42018711,0.5223735577340165,-0.097708873,-0.150684923
488.416,2005,1/1/2005,5,31.435748,-81.341275,0.1010545106433391,0.1906318962574005,0.9048739075660706,0.1977272727272727,334.19891357421875,50576.10938,-0.436726068,0.4034060102031504,-0.035160412,0.3513698577880859
168.848,2006,1/1/2006,5,31.435748,-81.341275,0.090206157,0.1906318962574005,0.9048739075660706,0.1977272727272727,353.9189147949219,50576.10938,-0.373269565,0.3217517119228529,0.045670991,-0.318219185
260.192,2007,1/1/2007,5,31.435748,-81.341275,0.1007239459621458,0.1906318962574005,0.9048739075660706,0.1977272727272727,319.5331420898437,50576.10938,-0.453173148,0.3154809561935262,-0.020158519,-0.302602738
164.672,2009,1/1/2009,5,31.435748,-81.341275,0.088954647,0.1906318962574005,0.9048739075660706,0.1977272727272727,328.6439208984375,50576.10938,-0.435533374,0.3934755668687419,-0.018258705,0.1002739667892456
392.192,2013,1/1/2013,5,31.435748,-81.341275,0.1232184208185436,0.1906318962574005,0.9048739075660706,0.1977272727272727,335.8141174316406,50576.10938,-0.440307684,0.4022129486986516,-0.015076164,0.1290410906076431
227.152,2014,1/1/2014,5,31.435748,-81.341275,0.1053261564640597,0.1906318962574005,0.9048739075660706,0.1977272727272727,340.1858825683594,50576.10938,-0.375777009,0.3863036836175808,-0.011313962,0.095616437
284.032,2015,1/1/2015,5,31.435748,-81.341275,0.1032566167638638,0.1906318962574005,0.9048739075660706,0.1977272727272727,314.38140869140625,50576.10938,-0.369125653,0.2549272500100762,-0.018035622,-0.04136987
158.704,2016,1/1/2016,5,31.435748,-81.341275,0.1271420405719109,0.1906318962574005,0.9048739075660706,0.1977272727272727,333.8906555175781,50576.10938,-0.402974664,0.3498729198274573,0.038109131,-0.381780803
426.704,2017,1/1/2017,5,31.435748,-81.341275,0.1131947092243105,0.1906318962574005,0.9048739075660706,0.1977272727272727,326.8562927246094,50576.10938,-0.41616394,0.4366488013538209,-0.023150468,-0.10356164
436.528,2018,1/1/2018,5,31.435748,-81.341275,0.1353809336964416,0.1906318962574005,0.9048739075660706,0.1977272727272727,329.7066345214844,50576.10938,-0.422285273,0.3826141635205309,-0.019402178,0.052191783
438.064,2019,1/1/2019,5,31.435748,-81.341275,0.1130398963245206,0.1906318962574005,0.9048739075660706,0.1977272727272727,321.6288146972656,50576.10938,-0.410304529,0.3661036490237835,-0.02188823,-0.38183099
651.2,2021,1/1/2021,5,31.435748,-81.341275,0.1061622876928768,0.1906318962574005,0.9048739075660706,0.1977272727272727,332.8349914550781,50576.10938,-0.41496215,0.4097042289468597,0.033973202,-0.040958904
426.336,2022,1/1/2022,5,31.435748,-81.341275,0.093416726,0.1906318962574005,0.9048739075660706,0.1977272727272727,340.2714233398437,50576.10938,-0.293990426,0.3409920883578206,0.051295479,-0.332328767
58.896,2000,1/1/2000,5,31.435748000000004,-81.341275,0.090684108,0.1906318962574005,0.9048739075660706,0.1977272727272727,341.65216064453125,50576.10938,-0.458576254,0.3633682347736323,-0.016918522,-0.370684922
149.216,2001,1/1/2001,5,31.435748000000004,-81.341275,0.098819781,0.1906318962574005,0.9048739075660706,0.1977272727272727,346.76824951171875,50576.10938,-0.472366697,0.3534220532319388,-0.081679492,-0.214520544
194.208,2008,1/1/2008,5,31.435748000000004,-81.341275,0.077494986,0.1906318962574005,0.9048739075660706,0.1977272727272727,333.9385986328125,50576.10938,-0.499085,0.3117433497604947,-0.046692161,-0.194109589
271.84000000000003,2010,1/1/2010,5,31.435748000000004,-81.341275,0.094079953,0.1906318962574005,0.9048739075660706,0.1977272727272727,344.0644531,50576.10938,-0.466875722,0.3724271192136444,0.004335403,-0.531643808
296.192,2020,1/1/2020,5,31.435748000000004,-81.341275,0.1361341542831911,0.1906318962574005,0.9048739075660706,0.1977272727272727,307.80206298828125,50576.10938,-0.450578249,0.4411261565028089,-0.021398697,-0.204571426
993.388,2000,1/1/2000,5,31.435794999999995,-81.340446,0.1009344807560318,1.3531280755996704,0.260823131,0.075294118,341.65216064453125,50576.10938,-0.433099882,0.4042145323842412,-0.035148549,-0.370684922
763.752,2016,1/1/2016,5,31.435794999999995,-81.340446,0.1444452631769201,1.3531280755996704,0.260823131,0.075294118,333.8906555175781,50576.10938,-0.354511274,0.4388649584245632,0.034195097,-0.381780803
1373.096,2018,1/1/2018,5,31.435794999999995,-81.340446,0.1632280649767588,1.3531280755996704,0.260823131,0.075294118,329.7066345214844,50576.10938,-0.471153274,0.4993097091630541,-0.033651618,0.052191783
689.02,2001,1/1/2001,5,31.435795,-81.340446,0.1245106680324289,1.3531280755996704,0.260823131,0.075294118,346.76824951171875,50576.10938,-0.424980596,0.4672059415649829,-0.014335505,-0.214520544
2313.976,2002,1/1/2002,5,31.435795,-81.340446,0.089094733,1.3531280755996704,0.260823131,0.075294118,309.3023986816406,50576.10938,-0.352019806,0.3453347969264545,0.018657621,0.1313698589801788
1238.22,2004,1/1/2004,5,31.435795,-81.340446,0.1377062114644364,1.3531280755996704,0.260823131,0.075294118,324.04705810546875,50576.10938,-0.447094168,0.5170996972501013,0.022832796,-0.150684923
1669.78,2005,1/1/2005,5,31.435795,-81.340446,0.173189315,1.3531280755996704,0.260823131,0.075294118,334.19891357421875,50576.10938,-0.493941324,0.4956572488950182,-0.021288154,0.3513698577880859
965.612,2007,1/1/2007,5,31.435795,-81.340446,0.109582603,1.3531280755996704,0.260823131,0.075294118,319.5331420898437,50576.10938,-0.469292684,0.4902792140641168,-0.098875651,-0.302602738
1288.792,2009,1/1/2009,5,31.435795,-81.340446,0.117156206,1.3531280755996704,0.260823131,0.075294118,328.6439208984375,50576.10938,-0.515777405,0.5079322216971575,-0.031940347,0.1002739667892456
1663.396,2010,1/1/2010,5,31.435795,-81.340446,0.1448710029597386,1.3531280755996704,0.260823131,0.075294118,344.0644531,50576.10938,-0.476278298,0.4582244005292173,0.006862506,-0.531643808
539.752,2011,1/1/2011,5,31.435795,-81.340446,0.0871624,1.3531280755996704,0.260823131,0.075294118,351.7558594,50576.10938,-0.421230701,0.3568449257713959,0.002457978,-0.379589051
1822.56,2013,1/1/2013,5,31.435795,-81.340446,0.1574795124433751,1.3531280755996704,0.260823131,0.075294118,335.8141174316406,50576.10938,-0.492818059,0.4743493343885768,0.027367723,0.1290410906076431
1106.052,2014,1/1/2014,5,31.435795,-81.340446,0.1594512572361429,1.3531280755996704,0.260823131,0.075294118,340.1858825683594,50576.10938,-0.454116447,0.5154210719634575,-0.021404248,0.095616437
751.348,2015,1/1/2015,5,31.435795,-81.340446,0.1279859704443467,1.3531280755996704,0.260823131,0.075294118,314.38140869140625,50576.10938,-0.390251858,0.4878557671731238,-0.012481948,-0.04136987
939.132,2017,1/1/2017,5,31.435795,-81.340446,0.1590815319254399,1.3531280755996704,0.260823131,0.075294118,326.8562927246094,50576.10938,-0.464403404,0.4929837687130964,-0.028768334,-0.10356164
633.06,2019,1/1/2019,5,31.435795,-81.340446,0.1361320249898602,1.3531280755996704,0.260823131,0.075294118,321.6288146972656,50576.10938,-0.368299512,0.3985184694617703,0.001181043,-0.38183099
1149.524,2020,1/1/2020,5,31.435795,-81.340446,0.1562943764535193,1.3531280755996704,0.260823131,0.075294118,307.80206298828125,50576.10938,-0.474978213,0.5344914982387903,-0.034443919,-0.204571426
891.988,2021,1/1/2021,5,31.435795,-81.340446,0.1528881842052593,1.3531280755996704,0.260823131,0.075294118,332.8349914550781,50576.10938,-0.394318517,0.452825655,0,-0.040958904
821.924,2022,1/1/2022,5,31.435795,-81.340446,0.134003693,1.3531280755996704,0.260823131,0.075294118,340.2714233398437,50576.10938,-0.285574123,0.423317916,0.061126271,-0.332328767
157.712,2000,1/1/2000,5,31.43583,-81.341134,0.090684108,0.222752571,0.8744661808013916,0.1977272727272727,341.65216064453125,50576.10938,-0.458576254,0.3633682347736323,-0.016918522,-0.370684922
157.712,2000,1/1/2000,5,31.43583,-81.341134,0.090684108,0.222752571,0.8744661808013916,0.1977272727272727,326.8562927246094,50576.10938,-0.458576254,0.3633682347736323,-0.016918522,-0.10356164
318.03200000000004,2004,1/1/2004,5,31.43583,-81.341134,0.1211188619887841,0.222752571,0.8744661808013916,0.1977272727272727,324.04705810546875,50576.10938,-0.42018711,0.5223735577340165,-0.097708873,-0.150684923
271.05600000000004,2005,1/1/2005,5,31.43583,-81.341134,0.1010545106433391,0.222752571,0.8744661808013916,0.1977272727272727,334.19891357421875,50576.10938,-0.436726068,0.4034060102031504,-0.035160412,0.3513698577880859
148.06400000000002,2006,1/1/2006,5,31.43583,-81.341134,0.090206157,0.222752571,0.8744661808013916,0.1977272727272727,353.9189147949219,50576.10938,-0.373269565,0.3217517119228529,0.045670991,-0.318219185
372.704,2007,1/1/2007,5,31.43583,-81.341134,0.1007239459621458,0.222752571,0.8744661808013916,0.1977272727272727,319.5331420898437,50576.10938,-0.453173148,0.3154809561935262,-0.020158519,-0.302602738
208.096,2008,1/1/2008,5,31.43583,-81.341134,0.077494986,0.222752571,0.8744661808013916,0.1977272727272727,333.9385986328125,50576.10938,-0.499085,0.3117433497604947,-0.046692161,-0.194109589
273.28,2009,1/1/2009,5,31.43583,-81.341134,0.088954647,0.222752571,0.8744661808013916,0.1977272727272727,328.6439208984375,50576.10938,-0.435533374,0.3934755668687419,-0.018258705,0.1002739667892456
138.992,2010,1/1/2010,5,31.43583,-81.341134,0.094079953,0.222752571,0.8744661808013916,0.1977272727272727,344.0644531,50576.10938,-0.466875722,0.3724271192136444,0.004335403,-0.531643808
650.032,2013,1/1/2013,5,31.43583,-81.341134,0.1232184208185436,0.222752571,0.8744661808013916,0.1977272727272727,335.8141174316406,50576.10938,-0.440307684,0.4022129486986516,-0.015076164,0.1290410906076431
566.768,2014,1/1/2014,5,31.43583,-81.341134,0.1053261564640597,0.222752571,0.8744661808013916,0.1977272727272727,340.1858825683594,50576.10938,-0.375777009,0.3863036836175808,-0.011313962,0.095616437
170.656,2015,1/1/2015,5,31.43583,-81.341134,0.1032566167638638,0.222752571,0.8744661808013916,0.1977272727272727,314.38140869140625,50576.10938,-0.369125653,0.2549272500100762,-0.018035622,-0.04136987
243.328,2016,1/1/2016,5,31.43583,-81.341134,0.1271420405719109,0.222752571,0.8744661808013916,0.1977272727272727,333.8906555175781,50576.10938,-0.402974664,0.3498729198274573,0.038109131,-0.381780803
157.712,2017,1/1/2017,5,31.43583,-81.341134,0.1131947092243105,0.222752571,0.8744661808013916,0.1977272727272727,341.65216064453125,50576.10938,-0.41616394,0.4366488013538209,-0.023150468,-0.370684922
157.712,2017,1/1/2017,5,31.43583,-81.341134,0.1131947092243105,0.222752571,0.8744661808013916,0.1977272727272727,326.8562927246094,50576.10938,-0.41616394,0.4366488013538209,-0.023150468,-0.10356164
327.488,2018,1/1/2018,5,31.43583,-81.341134,0.1353809336964416,0.222752571,0.8744661808013916,0.1977272727272727,329.7066345214844,50576.10938,-0.422285273,0.3826141635205309,-0.019402178,0.052191783
352.224,2019,1/1/2019,5,31.43583,-81.341134,0.1130398963245206,0.222752571,0.8744661808013916,0.1977272727272727,321.6288146972656,50576.10938,-0.410304529,0.3661036490237835,-0.02188823,-0.38183099
150.56,2020,1/1/2020,5,31.43583,-81.341134,0.1361341542831911,0.222752571,0.8744661808013916,0.1977272727272727,307.80206298828125,50576.10938,-0.450578249,0.4411261565028089,-0.021398697,-0.204571426
206.256,2021,1/1/2021,5,31.43583,-81.341134,0.1061622876928768,0.222752571,0.8744661808013916,0.1977272727272727,332.8349914550781,50576.10938,-0.41496215,0.4097042289468597,0.033973202,-0.040958904
210.224,2022,1/1/2022,5,31.43583,-81.341134,0.093416726,0.222752571,0.8744661808013916,0.1977272727272727,340.2714233398437,50576.10938,-0.293990426,0.3409920883578206,0.051295479,-0.332328767
295.6,2001,1/1/2001,5,31.435830000000003,-81.341134,0.098819781,0.222752571,0.8744661808013916,0.1977272727272727,346.76824951171875,50576.10938,-0.472366697,0.3534220532319388,-0.081679492,-0.214520544
221.36,2000,1/1/2000,5,31.435893,-81.340993,0.092847294,0.1110847890377044,1.0530099868774414,0.1862068965517241,341.65216064453125,50576.10938,-0.397913948,0.3701315365057866,-0.005206338,-0.370684922
400.352,2001,1/1/2001,5,31.435893,-81.340993,0.092985374,0.1110847890377044,1.0530099868774414,0.1862068965517241,346.76824951171875,50576.10938,-0.474620887,0.36785392,-0.048345853,-0.214520544
577.696,2004,1/1/2004,5,31.435893,-81.340993,0.1083858722021362,0.1110847890377044,1.0530099868774414,0.1862068965517241,324.04705810546875,50576.10938,-0.421057849,0.4360456796130398,-0.038383641,-0.150684923
317.184,2005,1/1/2005,5,31.435893,-81.340993,0.1094599914475541,0.1110847890377044,1.0530099868774414,0.1862068965517241,334.19891357421875,50576.10938,-0.434669511,0.4350399066324681,-0.035411637,0.3513698577880859
211.952,2007,1/1/2007,5,31.435893,-81.340993,0.08235348,0.1110847890377044,1.0530099868774414,0.1862068965517241,319.5331420898437,50576.10938,-0.412666366,0.3320777880081471,-0.019022576,-0.302602738
286.304,2008,1/1/2008,5,31.435893,-81.340993,0.088062041,0.1110847890377044,1.0530099868774414,0.1862068965517241,333.9385986328125,50576.10938,-0.436981258,0.3115441947772318,-0.014346125,-0.194109589
363.968,2010,1/1/2010,5,31.435893,-81.340993,0.094848773,0.1110847890377044,1.0530099868774414,0.1862068965517241,344.0644531,50576.10938,-0.446625301,0.3726385368381258,0.018213467,-0.531643808
528.208,2014,1/1/2014,5,31.435893,-81.340993,0.097784747,0.1110847890377044,1.0530099868774414,0.1862068965517241,340.1858825683594,50576.10938,-0.378043219,0.3579416322078944,-0.011771652,0.095616437
420.608,2017,1/1/2017,5,31.435893,-81.340993,0.1069115936941186,0.1110847890377044,1.0530099868774414,0.1862068965517241,326.8562927246094,50576.10938,-0.415517002,0.3951336974543233,-0.002917901,-0.10356164
404.688,2018,1/1/2018,5,31.435893,-81.340993,0.1154360978743908,0.1110847890377044,1.0530099868774414,0.1862068965517241,329.7066345214844,50576.10938,-0.402372736,0.3593333769744485,-0.008219399,0.052191783
430.4,2019,1/1/2019,5,31.435893,-81.340993,0.096512342,0.1110847890377044,1.0530099868774414,0.1862068965517241,321.6288146972656,50576.10938,-0.361987163,0.3199857146821646,-0.010489814,-0.38183099
558.544,2020,1/1/2020,5,31.435893,-81.340993,0.1124702584202144,0.1110847890377044,1.0530099868774414,0.1862068965517241,307.80206298828125,50576.10938,-0.441937399,0.3781799134417326,-0.012423885,-0.204571426
318.72,2021,1/1/2021,5,31.435893,-81.340993,0.1078146281471435,0.1110847890377044,1.0530099868774414,0.1862068965517241,332.8349914550781,50576.10938,-0.380546143,0.3696995787627761,-0.012924589,-0.040958904
389.632,2022,1/1/2022,5,31.435893,-81.340993,0.1016439074263645,0.1110847890377044,1.0530099868774414,0.1862068965517241,340.2714233398437,50576.10938,-0.240696455,0.3180081828875515,0.057134613,-0.332328767
458.144,2006,1/1/2006,5,31.435893000000004,-81.340993,0.078276934,0.1110847890377044,1.0530099868774414,0.1862068965517241,353.9189147949219,50576.10938,-0.362750506,0.3662095902933604,-0.066964078,-0.318219185
359.776,2009,1/1/2009,5,31.435893000000004,-81.340993,0.080023274,0.1110847890377044,1.0530099868774414,0.1862068965517241,328.6439208984375,50576.10938,-0.443088065,0.3456344906771026,0.023218997,0.1002739667892456
239.168,2013,1/1/2013,5,31.435893000000004,-81.340993,0.1207296432387873,0.1110847890377044,1.0530099868774414,0.1862068965517241,335.8141174316406,50576.10938,-0.449459064,0.4074263752432361,0.015163187,0.1290410906076431
290.496,2016,1/1/2016,5,31.435893000000004,-81.340993,0.1040385153755866,0.1110847890377044,1.0530099868774414,0.1862068965517241,333.8906555175781,50576.10938,-0.386220423,0.3528758267257692,0.012495074,-0.381780803
1147.316,2000,1/1/2000,5,31.4359,-81.340412,0.1009344807560318,2.4327588081359863,0.6890875697135925,0.075294118,341.65216064453125,50576.10938,-0.433099882,0.4042145323842412,-0.035148549,-0.370684922
1568.252,2001,1/1/2001,5,31.4359,-81.340412,0.1245106680324289,2.4327588081359863,0.6890875697135925,0.075294118,346.76824951171875,50576.10938,-0.424980596,0.4672059415649829,-0.014335505,-0.214520544
1099.4,2002,1/1/2002,5,31.4359,-81.340412,0.089094733,2.4327588081359863,0.6890875697135925,0.075294118,309.3023986816406,50576.10938,-0.352019806,0.3453347969264545,0.018657621,0.1313698589801788
1036.652,2004,1/1/2004,5,31.4359,-81.340412,0.1377062114644364,2.4327588081359863,0.6890875697135925,0.075294118,324.04705810546875,50576.10938,-0.447094168,0.5170996972501013,0.022832796,-0.150684923
534.272,2005,1/1/2005,5,31.4359,-81.340412,0.173189315,2.4327588081359863,0.6890875697135925,0.075294118,334.19891357421875,50576.10938,-0.493941324,0.4956572488950182,-0.021288154,0.3513698577880859
509.156,2007,1/1/2007,5,31.4359,-81.340412,0.109582603,2.4327588081359863,0.6890875697135925,0.075294118,319.5331420898437,50576.10938,-0.469292684,0.4902792140641168,-0.098875651,-0.302602738
774.244,2009,1/1/2009,5,31.4359,-81.340412,0.117156206,2.4327588081359863,0.6890875697135925,0.075294118,328.6439208984375,50576.10938,-0.515777405,0.5079322216971575,-0.031940347,0.1002739667892456
1792.22,2010,1/1/2010,5,31.4359,-81.340412,0.1448710029597386,2.4327588081359863,0.6890875697135925,0.075294118,344.0644531,50576.10938,-0.476278298,0.4582244005292173,0.006862506,-0.531643808
1968.532,2011,1/1/2011,5,31.4359,-81.340412,0.0871624,2.4327588081359863,0.6890875697135925,0.075294118,351.7558594,50576.10938,-0.421230701,0.3568449257713959,0.002457978,-0.379589051
4722.92,2013,1/1/2013,5,31.4359,-81.340412,0.1574795124433751,2.4327588081359863,0.6890875697135925,0.075294118,335.8141174316406,50576.10938,-0.492818059,0.4743493343885768,0.027367723,0.1290410906076431
832.3879999999999,2014,1/1/2014,5,31.4359,-81.340412,0.1594512572361429,2.4327588081359863,0.6890875697135925,0.075294118,340.1858825683594,50576.10938,-0.454116447,0.5154210719634575,-0.021404248,0.095616437
63.408,2015,1/1/2015,5,31.4359,-81.340412,0.1279859704443467,2.4327588081359863,0.6890875697135925,0.075294118,314.38140869140625,50576.10938,-0.390251858,0.4878557671731238,-0.012481948,-0.04136987
138.008,2016,1/1/2016,5,31.4359,-81.340412,0.1444452631769201,2.4327588081359863,0.6890875697135925,0.075294118,333.8906555175781,50576.10938,-0.354511274,0.4388649584245632,0.034195097,-0.381780803
1827.872,2017,1/1/2017,5,31.4359,-81.340412,0.1590815319254399,2.4327588081359863,0.6890875697135925,0.075294118,326.8562927246094,50576.10938,-0.464403404,0.4929837687130964,-0.028768334,-0.10356164
1369.836,2018,1/1/2018,5,31.4359,-81.340412,0.1632280649767588,2.4327588081359863,0.6890875697135925,0.075294118,329.7066345214844,50576.10938,-0.471153274,0.4993097091630541,-0.033651618,0.052191783
31.024,2019,1/1/2019,5,31.4359,-81.340412,0.1361320249898602,2.4327588081359863,0.6890875697135925,0.075294118,321.6288146972656,50576.10938,-0.368299512,0.3985184694617703,0.001181043,-0.38183099
1694.512,2021,1/1/2021,5,31.4359,-81.340412,0.1528881842052593,2.4327588081359863,0.6890875697135925,0.075294118,332.8349914550781,50576.10938,-0.394318517,0.452825655,0,-0.040958904
2676.2,2022,1/1/2022,5,31.4359,-81.340412,0.134003693,2.4327588081359863,0.6890875697135925,0.075294118,340.2714233398437,50576.10938,-0.285574123,0.423317916,0.061126271,-0.332328767
361.52,2000,1/1/2000,5,31.435959,-81.340843,0.092847294,0.6742713451385498,0.9017127752304076,0.1862068965517241,341.65216064453125,50576.10938,-0.397913948,0.3701315365057866,-0.005206338,-0.370684922
218.112,2006,1/1/2006,5,31.435959,-81.340843,0.078276934,0.6742713451385498,0.9017127752304076,0.1862068965517241,353.9189147949219,50576.10938,-0.362750506,0.3662095902933604,-0.066964078,-0.318219185
260.784,2010,1/1/2010,5,31.435959,-81.340843,0.094848773,0.6742713451385498,0.9017127752304076,0.1862068965517241,344.0644531,50576.10938,-0.446625301,0.3726385368381258,0.018213467,-0.531643808
588.096,2018,1/1/2018,5,31.435959,-81.340843,0.1154360978743908,0.6742713451385498,0.9017127752304076,0.1862068965517241,329.7066345214844,50576.10938,-0.402372736,0.3593333769744485,-0.008219399,0.052191783
347.616,2001,1/1/2001,5,31.435959,-81.340843,0.092985374,0.6742713451385498,0.9017127752304076,0.1862068965517241,346.76824951171875,50576.10938,-0.474620887,0.36785392,-0.048345853,-0.214520544
237.744,2004,1/1/2004,5,31.435959,-81.340843,0.1083858722021362,0.6742713451385498,0.9017127752304076,0.1862068965517241,324.04705810546875,50576.10938,-0.421057849,0.4360456796130398,-0.038383641,-0.150684923
175.6,2007,1/1/2007,5,31.435959,-81.340843,0.08235348,0.6742713451385498,0.9017127752304076,0.1862068965517241,319.5331420898437,50576.10938,-0.412666366,0.3320777880081471,-0.019022576,-0.302602738
274.848,2009,1/1/2009,5,31.435959,-81.340843,0.080023274,0.6742713451385498,0.9017127752304076,0.1862068965517241,328.6439208984375,50576.10938,-0.443088065,0.3456344906771026,0.023218997,0.1002739667892456
143.888,2013,1/1/2013,5,31.435959,-81.340843,0.1207296432387873,0.6742713451385498,0.9017127752304076,0.1862068965517241,335.8141174316406,50576.10938,-0.449459064,0.4074263752432361,0.015163187,0.1290410906076431
530.976,2014,1/1/2014,5,31.435959,-81.340843,0.097784747,0.6742713451385498,0.9017127752304076,0.1862068965517241,340.1858825683594,50576.10938,-0.378043219,0.3579416322078944,-0.011771652,0.095616437
230.272,2016,1/1/2016,5,31.435959,-81.340843,0.1040385153755866,0.6742713451385498,0.9017127752304076,0.1862068965517241,333.8906555175781,50576.10938,-0.386220423,0.3528758267257692,0.012495074,-0.381780803
369.696,2017,1/1/2017,5,31.435959,-81.340843,0.1069115936941186,0.6742713451385498,0.9017127752304076,0.1862068965517241,326.8562927246094,50576.10938,-0.415517002,0.3951336974543233,-0.002917901,-0.10356164
362.816,2019,1/1/2019,5,31.435959,-81.340843,0.096512342,0.6742713451385498,0.9017127752304076,0.1862068965517241,321.6288146972656,50576.10938,-0.361987163,0.3199857146821646,-0.010489814,-0.38183099
212.624,2020,1/1/2020,5,31.435959,-81.340843,0.1124702584202144,0.6742713451385498,0.9017127752304076,0.1862068965517241,307.80206298828125,50576.10938,-0.441937399,0.3781799134417326,-0.012423885,-0.204571426
173.15200000000002,2021,1/1/2021,5,31.435959,-81.340843,0.1078146281471435,0.6742713451385498,0.9017127752304076,0.1862068965517241,332.8349914550781,50576.10938,-0.380546143,0.3696995787627761,-0.012924589,-0.040958904
451.44,2005,1/1/2005,5,31.435959000000004,-81.340843,0.1094599914475541,0.6742713451385498,0.9017127752304076,0.1862068965517241,334.19891357421875,50576.10938,-0.434669511,0.4350399066324681,-0.035411637,0.3513698577880859
329.856,2008,1/1/2008,5,31.435959000000004,-81.340843,0.088062041,0.6742713451385498,0.9017127752304076,0.1862068965517241,333.9385986328125,50576.10938,-0.436981258,0.3115441947772318,-0.014346125,-0.194109589
223.904,2022,1/1/2022,5,31.435959000000004,-81.340843,0.1016439074263645,0.6742713451385498,0.9017127752304076,0.1862068965517241,340.2714233398437,50576.10938,-0.240696455,0.3180081828875515,0.057134613,-0.332328767
853.62,2013,1/1/2013,5,31.43597,-81.34031,0.1650146836675036,3.840609550476074,0.41448006,0.045454545,335.8141174316406,50576.10938,-0.510531809,0.5079484698625573,-0.012382407,0.1290410906076431
754.472,2021,1/1/2021,5,31.43597,-81.34031,0.1850807667287895,3.840609550476074,0.41448006,0.045454545,332.8349914550781,50576.10938,-0.414907641,0.5025903547128611,-0.000345836,-0.040958904
810.6,2006,1/1/2006,5,31.43597,-81.34031,0.1079976720528974,3.840609550476074,0.41448006,0.045454545,353.9189147949219,50576.10938,-0.39951326,0.4331582027950418,0.01774145,-0.318219185
215.06,2007,1/1/2007,5,31.43597,-81.34031,0.1167057702742699,3.840609550476074,0.41448006,0.045454545,319.5331420898437,50576.10938,-0.458111057,0.4593274583263814,-0.029063275,-0.302602738
691.644,2009,1/1/2009,5,31.43597,-81.34031,0.1375428712732904,3.840609550476074,0.41448006,0.045454545,328.6439208984375,50576.10938,-0.53131331,0.4764809114631029,0.003198811,0.1002739667892456
1072.224,2016,1/1/2016,5,31.43597,-81.34031,0.1860062903809026,3.840609550476074,0.41448006,0.045454545,333.8906555175781,50576.10938,-0.399682392,0.4945388462534563,0.04499575,-0.381780803
1589.916,2018,1/1/2018,5,31.43597,-81.34031,0.2243998352121642,3.840609550476074,0.41448006,0.045454545,329.7066345214844,50576.10938,-0.493693255,0.5505615711947256,0.016754287,0.052191783
68.81599999999999,2019,1/1/2019,5,31.43597,-81.34031,0.1403176198722746,3.840609550476074,0.41448006,0.045454545,321.6288146972656,50576.10938,-0.386387473,0.4325350064408673,0.007923592,-0.38183099
1205.304,2020,1/1/2020,5,31.43597,-81.34031,0.1926824204407738,3.840609550476074,0.41448006,0.045454545,307.80206298828125,50576.10938,-0.518368507,0.551932512,-0.042341354,-0.204571426
142.376,2022,1/1/2022,5,31.43597,-81.34031,0.1480893182882872,3.840609550476074,0.41448006,0.045454545,340.2714233398437,50576.10938,-0.319188326,0.4701002253892085,0.038576371,-0.332328767
1295.972,2000,1/1/2000,5,31.435970000000005,-81.34031,0.1182938432200226,3.840609550476074,0.41448006,0.045454545,341.65216064453125,50576.10938,-0.47461128,0.4472054507109998,-0.017566512,-0.370684922
374.364,2001,1/1/2001,5,31.435970000000005,-81.34031,0.1286354329834603,3.840609550476074,0.41448006,0.045454545,346.76824951171875,50576.10938,-0.450353506,0.4553119602352699,0.019895797,-0.214520544
891.072,2002,1/1/2002,5,31.435970000000005,-81.34031,0.1061046351983859,3.840609550476074,0.41448006,0.045454545,309.3023986816406,50576.10938,-0.347185905,0.363889681,0.052369407,0.1313698589801788
455.464,2004,1/1/2004,5,31.435970000000005,-81.34031,0.1603885534341933,3.840609550476074,0.41448006,0.045454545,324.04705810546875,50576.10938,-0.519904185,0.5332071038653303,0.041674639,-0.150684923
1562.596,2005,1/1/2005,5,31.435970000000005,-81.34031,0.1676795618488669,3.840609550476074,0.41448006,0.045454545,334.19891357421875,50576.10938,-0.544477922,0.5098656380540244,-0.006693959,0.3513698577880859
837.984,2008,1/1/2008,5,31.435970000000005,-81.34031,0.097721229,3.840609550476074,0.41448006,0.045454545,333.9385986328125,50576.10938,-0.406008876,0.4076546009037347,0.004199435,-0.194109589
858.024,2010,1/1/2010,5,31.435970000000005,-81.34031,0.137163996,3.840609550476074,0.41448006,0.045454545,344.0644531,50576.10938,-0.467224645,0.4848288651828511,0.033549822,-0.531643808
264.408,2011,1/1/2011,5,31.435970000000005,-81.34031,0.097301802,3.840609550476074,0.41448006,0.045454545,351.7558594,50576.10938,-0.389551056,0.3773796132796957,0.008919463,-0.379589051
1203.144,2014,1/1/2014,5,31.435970000000005,-81.34031,0.1717336054084114,3.840609550476074,0.41448006,0.045454545,340.1858825683594,50576.10938,-0.497997306,0.5624503580303116,-0.030081235,0.095616437
1900.996,2015,1/1/2015,5,31.435970000000005,-81.34031,0.16922025,3.840609550476074,0.41448006,0.045454545,314.38140869140625,50576.10938,-0.422646175,0.5185851634114084,0.008037998,-0.04136987
961.056,2017,1/1/2017,5,31.435970000000005,-81.34031,0.1988777903902641,3.840609550476074,0.41448006,0.045454545,326.8562927246094,50576.10938,-0.505604486,0.5808796546417276,-0.020558652,-0.10356164
99.524,2009,1/1/2009,5,31.435977,-81.340168,0.1375428712732904,3.840609550476074,0.41448006,0.045454545,328.6439208984375,50576.10938,-0.53131331,0.4764809114631029,0.003198811,0.1002739667892456
2599.308,2000,1/1/2000,5,31.435977,-81.340168,0.1182938432200226,3.840609550476074,0.41448006,0.045454545,341.65216064453125,50576.10938,-0.47461128,0.4472054507109998,-0.017566512,-0.370684922
1272.468,2001,1/1/2001,5,31.435977,-81.340168,0.1286354329834603,3.840609550476074,0.41448006,0.045454545,346.76824951171875,50576.10938,-0.450353506,0.4553119602352699,0.019895797,-0.214520544
2319.804,2005,1/1/2005,5,31.435977,-81.340168,0.1676795618488669,3.840609550476074,0.41448006,0.045454545,334.19891357421875,50576.10938,-0.544477922,0.5098656380540244,-0.006693959,0.3513698577880859
2746.94,2007,1/1/2007,5,31.435977,-81.340168,0.1167057702742699,3.840609550476074,0.41448006,0.045454545,319.5331420898437,50576.10938,-0.458111057,0.4593274583263814,-0.029063275,-0.302602738
1345.332,2008,1/1/2008,5,31.435977,-81.340168,0.097721229,3.840609550476074,0.41448006,0.045454545,333.9385986328125,50576.10938,-0.406008876,0.4076546009037347,0.004199435,-0.194109589
1902.64,2010,1/1/2010,5,31.435977,-81.340168,0.137163996,3.840609550476074,0.41448006,0.045454545,344.0644531,50576.10938,-0.467224645,0.4848288651828511,0.033549822,-0.531643808
1199.852,2011,1/1/2011,5,31.435977,-81.340168,0.097301802,3.840609550476074,0.41448006,0.045454545,351.7558594,50576.10938,-0.389551056,0.3773796132796957,0.008919463,-0.379589051
2617.248,2013,1/1/2013,5,31.435977,-81.340168,0.1650146836675036,3.840609550476074,0.41448006,0.045454545,335.8141174316406,50576.10938,-0.510531809,0.5079484698625573,-0.012382407,0.1290410906076431
2415.912,2014,1/1/2014,5,31.435977,-81.340168,0.1717336054084114,3.840609550476074,0.41448006,0.045454545,340.1858825683594,50576.10938,-0.497997306,0.5624503580303116,-0.030081235,0.095616437
1744.472,2002,1/1/2002,5,31.435977000000005,-81.340168,0.1061046351983859,3.840609550476074,0.41448006,0.045454545,309.3023986816406,50576.10938,-0.347185905,0.363889681,0.052369407,0.1313698589801788
881.616,2004,1/1/2004,5,31.435977000000005,-81.340168,0.1603885534341933,3.840609550476074,0.41448006,0.045454545,324.04705810546875,50576.10938,-0.519904185,0.5332071038653303,0.041674639,-0.150684923
1051.476,2006,1/1/2006,5,31.435977000000005,-81.340168,0.1079976720528974,3.840609550476074,0.41448006,0.045454545,353.9189147949219,50576.10938,-0.39951326,0.4331582027950418,0.01774145,-0.318219185
903.812,2019,1/1/2019,5,31.43599,-81.34017,0.1403176198722746,3.840609550476074,0.41448006,0.045454545,321.6288146972656,50576.10938,-0.386387473,0.4325350064408673,0.007923592,-0.38183099
3481.512,2015,1/1/2015,5,31.43599,-81.34017,0.16922025,3.840609550476074,0.41448006,0.045454545,314.38140869140625,50576.10938,-0.422646175,0.5185851634114084,0.008037998,-0.04136987
1237.224,2016,1/1/2016,5,31.43599,-81.34017,0.1860062903809026,3.840609550476074,0.41448006,0.045454545,333.8906555175781,50576.10938,-0.399682392,0.4945388462534563,0.04499575,-0.381780803
1076.872,2017,1/1/2017,5,31.43599,-81.34017,0.1988777903902641,3.840609550476074,0.41448006,0.045454545,326.8562927246094,50576.10938,-0.505604486,0.5808796546417276,-0.020558652,-0.10356164
399.736,2018,1/1/2018,5,31.43599,-81.34017,0.2243998352121642,3.840609550476074,0.41448006,0.045454545,329.7066345214844,50576.10938,-0.493693255,0.5505615711947256,0.016754287,0.052191783
1848.9,2020,1/1/2020,5,31.43599,-81.34017,0.1926824204407738,3.840609550476074,0.41448006,0.045454545,307.80206298828125,50576.10938,-0.518368507,0.551932512,-0.042341354,-0.204571426
811.54,2021,1/1/2021,5,31.43599,-81.34017,0.1850807667287895,3.840609550476074,0.41448006,0.045454545,332.8349914550781,50576.10938,-0.414907641,0.5025903547128611,-0.000345836,-0.040958904
80.128,2022,1/1/2022,5,31.43599,-81.34017,0.1480893182882872,3.840609550476074,0.41448006,0.045454545,340.2714233398437,50576.10938,-0.319188326,0.4701002253892085,0.038576371,-0.332328767
2019.84,2000,1/1/2000,5,31.436007,-81.340043,0.110823372,3.317546129226685,0.06439507,0.088300221,341.65216064453125,50576.10938,-0.410040472,0.4516133937810235,0.03629459,-0.370684922
1710.844,2001,1/1/2001,5,31.436007,-81.340043,0.1273779860947942,3.317546129226685,0.06439507,0.088300221,346.76824951171875,50576.10938,-0.480002698,0.4184208694575408,-0.014335505,-0.214520544
1759.94,2005,1/1/2005,5,31.436007,-81.340043,0.1622263107832323,3.317546129226685,0.06439507,0.088300221,334.19891357421875,50576.10938,-0.505281402,0.4565256880522629,0.091375925,0.3513698577880859
1473.656,2006,1/1/2006,5,31.436007,-81.340043,0.1019107219736595,3.317546129226685,0.06439507,0.088300221,353.9189147949219,50576.10938,-0.420557062,0.3960756308436988,0.017213484,-0.318219185
1436.36,2007,1/1/2007,5,31.436007,-81.340043,0.1121316683872367,3.317546129226685,0.06439507,0.088300221,319.5331420898437,50576.10938,-0.430083361,0.4665969236804687,-0.094888081,-0.302602738
2096.544,2009,1/1/2009,5,31.436007,-81.340043,0.1119075841343727,3.317546129226685,0.06439507,0.088300221,328.6439208984375,50576.10938,-0.495126527,0.4310593278635301,-0.038239354,0.1002739667892456
2882.86,2010,1/1/2010,5,31.436007,-81.340043,0.1268081326784995,3.317546129226685,0.06439507,0.088300221,344.0644531,50576.10938,-0.45704022,0.4296485992856732,0.028849975,-0.531643808
2427.568,2013,1/1/2013,5,31.436007,-81.340043,0.1635515317044982,3.317546129226685,0.06439507,0.088300221,335.8141174316406,50576.10938,-0.493886075,0.4918185145566773,-0.008598636,0.1290410906076431
2094.82,2014,1/1/2014,5,31.436007,-81.340043,0.137598157,3.317546129226685,0.06439507,0.088300221,340.1858825683594,50576.10938,-0.445146369,0.4812193034445733,0.006362604,0.095616437
1705.408,2015,1/1/2015,5,31.436007,-81.340043,0.1293641564479054,3.317546129226685,0.06439507,0.088300221,314.38140869140625,50576.10938,-0.413009306,0.499204371,0.006899214,-0.04136987
576.92,2017,1/1/2017,5,31.436007,-81.340043,0.174662122,3.317546129226685,0.06439507,0.088300221,326.8562927246094,50576.10938,-0.4974673,0.4871930103022206,-0.005794429,-0.10356164
984.016,2018,1/1/2018,5,31.436007,-81.340043,0.1659770009830595,3.317546129226685,0.06439507,0.088300221,329.7066345214844,50576.10938,-0.48484075,0.4785781471831211,-0.003567953,0.052191783
1191.84,2020,1/1/2020,5,31.436007,-81.340043,0.1638190734608039,3.317546129226685,0.06439507,0.088300221,307.80206298828125,50576.10938,-0.494887001,0.5188610957765559,-0.008049673,-0.204571426
1898.012,2021,1/1/2021,5,31.436007,-81.340043,0.1415953087312747,3.317546129226685,0.06439507,0.088300221,332.8349914550781,50576.10938,-0.435504049,0.4726623956824729,-0.009124844,-0.040958904
1799.972,2022,1/1/2022,5,31.436007,-81.340043,0.130412541,3.317546129226685,0.06439507,0.088300221,340.2714233398437,50576.10938,-0.367981277,0.4291370824200208,0.029248522,-0.332328767
2017.04,2002,1/1/2002,5,31.436007000000004,-81.340043,0.1236324728344662,3.317546129226685,0.06439507,0.088300221,309.3023986816406,50576.10938,-0.437889753,0.4461268005421595,0.049065075,0.1313698589801788
1266.196,2004,1/1/2004,5,31.436007000000004,-81.340043,0.117540311,3.317546129226685,0.06439507,0.088300221,324.04705810546875,50576.10938,-0.442152541,0.4709277299326594,0.041674639,-0.150684923
1504.84,2011,1/1/2011,5,31.436007000000004,-81.340043,0.078949093,3.317546129226685,0.06439507,0.088300221,351.7558594,50576.10938,-0.440039741,0.3258651936744728,0.01919625,-0.379589051
1904.42,2016,1/1/2016,5,31.436007000000004,-81.340043,0.1322590141945841,3.317546129226685,0.06439507,0.088300221,333.8906555175781,50576.10938,-0.419789839,0.4442882408398103,0.003546436,-0.381780803
1232.132,2019,1/1/2019,5,31.436007000000004,-81.340043,0.1171610237872383,3.317546129226685,0.06439507,0.088300221,321.6288146972656,50576.10938,-0.418535512,0.4157960407737542,-0.008369039,-0.38183099
355.52,2000,1/1/2000,5,31.436011,-81.340698,0.092847294,0.4983524680137634,1.1984456777572632,0.1862068965517241,341.65216064453125,50576.10938,-0.397913948,0.3701315365057866,-0.005206338,-0.370684922
415.76,2001,1/1/2001,5,31.436011,-81.340698,0.092985374,0.4983524680137634,1.1984456777572632,0.1862068965517241,346.76824951171875,50576.10938,-0.474620887,0.36785392,-0.048345853,-0.214520544
820.72,2004,1/1/2004,5,31.436011,-81.340698,0.1083858722021362,0.4983524680137634,1.1984456777572632,0.1862068965517241,324.04705810546875,50576.10938,-0.421057849,0.4360456796130398,-0.038383641,-0.150684923
234.192,2005,1/1/2005,5,31.436011,-81.340698,0.1094599914475541,0.4983524680137634,1.1984456777572632,0.1862068965517241,334.19891357421875,50576.10938,-0.434669511,0.4350399066324681,-0.035411637,0.3513698577880859
220.704,2006,1/1/2006,5,31.436011,-81.340698,0.078276934,0.4983524680137634,1.1984456777572632,0.1862068965517241,353.9189147949219,50576.10938,-0.362750506,0.3662095902933604,-0.066964078,-0.318219185
316.624,2007,1/1/2007,5,31.436011,-81.340698,0.08235348,0.4983524680137634,1.1984456777572632,0.1862068965517241,319.5331420898437,50576.10938,-0.412666366,0.3320777880081471,-0.019022576,-0.302602738
451.44,2008,1/1/2008,5,31.436011,-81.340698,0.088062041,0.4983524680137634,1.1984456777572632,0.1862068965517241,333.9385986328125,50576.10938,-0.436981258,0.3115441947772318,-0.014346125,-0.194109589
348.976,2009,1/1/2009,5,31.436011,-81.340698,0.080023274,0.4983524680137634,1.1984456777572632,0.1862068965517241,328.6439208984375,50576.10938,-0.443088065,0.3456344906771026,0.023218997,0.1002739667892456
258.112,2010,1/1/2010,5,31.436011,-81.340698,0.094848773,0.4983524680137634,1.1984456777572632,0.1862068965517241,344.0644531,50576.10938,-0.446625301,0.3726385368381258,0.018213467,-0.531643808
617.056,2013,1/1/2013,5,31.436011,-81.340698,0.1207296432387873,0.4983524680137634,1.1984456777572632,0.1862068965517241,335.8141174316406,50576.10938,-0.449459064,0.4074263752432361,0.015163187,0.1290410906076431
457.28,2014,1/1/2014,5,31.436011,-81.340698,0.097784747,0.4983524680137634,1.1984456777572632,0.1862068965517241,340.1858825683594,50576.10938,-0.378043219,0.3579416322078944,-0.011771652,0.095616437
564.32,2016,1/1/2016,5,31.436011,-81.340698,0.1040385153755866,0.4983524680137634,1.1984456777572632,0.1862068965517241,333.8906555175781,50576.10938,-0.386220423,0.3528758267257692,0.012495074,-0.381780803
254.928,2017,1/1/2017,5,31.436011,-81.340698,0.1069115936941186,0.4983524680137634,1.1984456777572632,0.1862068965517241,326.8562927246094,50576.10938,-0.415517002,0.3951336974543233,-0.002917901,-0.10356164
642.672,2018,1/1/2018,5,31.436011,-81.340698,0.1154360978743908,0.4983524680137634,1.1984456777572632,0.1862068965517241,329.7066345214844,50576.10938,-0.402372736,0.3593333769744485,-0.008219399,0.052191783
201.92,2019,1/1/2019,5,31.436011,-81.340698,0.096512342,0.4983524680137634,1.1984456777572632,0.1862068965517241,321.6288146972656,50576.10938,-0.361987163,0.3199857146821646,-0.010489814,-0.38183099
612.128,2021,1/1/2021,5,31.436011,-81.340698,0.1078146281471435,0.4983524680137634,1.1984456777572632,0.1862068965517241,332.8349914550781,50576.10938,-0.380546143,0.3696995787627761,-0.012924589,-0.040958904
255.968,2022,1/1/2022,5,31.436011,-81.340698,0.1016439074263645,0.4983524680137634,1.1984456777572632,0.1862068965517241,340.2714233398437,50576.10938,-0.240696455,0.3180081828875515,0.057134613,-0.332328767
535.68,2020,1/1/2020,5,31.436011000000004,-81.340698,0.1124702584202144,0.4983524680137634,1.1984456777572632,0.1862068965517241,307.80206298828125,50576.10938,-0.441937399,0.3781799134417326,-0.012423885,-0.204571426
2022.264,2000,1/1/2000,5,31.43609,-81.339919,0.1298134882108997,3.9175212383270255,1.0412721633911133,0.079365079,341.65216064453125,50576.10938,-0.483682941,0.4660532817482777,-0.073006843,-0.370684922
66.096,2001,1/1/2001,5,31.43609,-81.339919,0.1262314454773632,3.9175212383270255,1.0412721633911133,0.079365079,346.76824951171875,50576.10938,-0.564352768,0.452199936,-0.015070081,-0.214520544
1734.724,2005,1/1/2005,5,31.43609,-81.339919,0.1636693502328278,3.9175212383270255,1.0412721633911133,0.079365079,334.19891357421875,50576.10938,-0.568334308,0.4212009435332309,0.033418339,0.3513698577880859
826.532,2006,1/1/2006,5,31.43609,-81.339919,0.1166897644636571,3.9175212383270255,1.0412721633911133,0.079365079,353.9189147949219,50576.10938,-0.413155893,0.4527837132003807,-0.006509874,-0.318219185
1145.152,2007,1/1/2007,5,31.43609,-81.339919,0.113120335,3.9175212383270255,1.0412721633911133,0.079365079,319.5331420898437,50576.10938,-0.486039917,0.4438201100171244,0.001359367,-0.302602738
868.064,2008,1/1/2008,5,31.43609,-81.339919,0.1071637305752676,3.9175212383270255,1.0412721633911133,0.079365079,333.9385986328125,50576.10938,-0.503637747,0.4076688100651394,-0.027791028,-0.194109589
1535.268,2009,1/1/2009,5,31.43609,-81.339919,0.1381215682675183,3.9175212383270255,1.0412721633911133,0.079365079,328.6439208984375,50576.10938,-0.520133217,0.4665135747957936,-0.006454641,0.1002739667892456
986.984,2010,1/1/2010,5,31.43609,-81.339919,0.1290759386734683,3.9175212383270255,1.0412721633911133,0.079365079,344.0644531,50576.10938,-0.494442961,0.4809870927037241,0.029232283,-0.531643808
415.716,2011,1/1/2011,5,31.43609,-81.339919,0.097877559,3.9175212383270255,1.0412721633911133,0.079365079,351.7558594,50576.10938,-0.417817426,0.369305527,0.01453923,-0.379589051
940.368,2013,1/1/2013,5,31.43609,-81.339919,0.1591635443479638,3.9175212383270255,1.0412721633911133,0.079365079,335.8141174316406,50576.10938,-0.517407531,0.4794365261355348,-0.026034362,0.1290410906076431
425.224,2014,1/1/2014,5,31.43609,-81.339919,0.1420168784151407,3.9175212383270255,1.0412721633911133,0.079365079,340.1858825683594,50576.10938,-0.461711177,0.4620290392640094,0.021606757,0.095616437
568.48,2015,1/1/2015,5,31.43609,-81.339919,0.1531298862417204,3.9175212383270255,1.0412721633911133,0.079365079,314.38140869140625,50576.10938,-0.37095452,0.505798943,-0.010387521,-0.04136987
878.664,2016,1/1/2016,5,31.43609,-81.339919,0.1694781352261582,3.9175212383270255,1.0412721633911133,0.079365079,333.8906555175781,50576.10938,-0.470013679,0.445395568,0.028221209,-0.381780803
3096.364,2017,1/1/2017,5,31.43609,-81.339919,0.1714010930044415,3.9175212383270255,1.0412721633911133,0.079365079,326.8562927246094,50576.10938,-0.510061644,0.4827019457692937,-0.013697397,-0.10356164
931.576,2018,1/1/2018,5,31.43609,-81.339919,0.1757620842520866,3.9175212383270255,1.0412721633911133,0.079365079,329.7066345214844,50576.10938,-0.492249779,0.4460735105543968,-0.00458117,0.052191783
197.316,2019,1/1/2019,5,31.43609,-81.339919,0.1142065329435422,3.9175212383270255,1.0412721633911133,0.079365079,321.6288146972656,50576.10938,-0.406223281,0.3553079527163513,-0.001255163,-0.38183099
2052.012,2020,1/1/2020,5,31.43609,-81.339919,0.1641673765748597,3.9175212383270255,1.0412721633911133,0.079365079,307.80206298828125,50576.10938,-0.520293876,0.4952974572536131,-0.013275742,-0.204571426
461,2021,1/1/2021,5,31.43609,-81.339919,0.1428766083857348,3.9175212383270255,1.0412721633911133,0.079365079,332.8349914550781,50576.10938,-0.399582265,0.4386035453042801,0.011498622,-0.040958904
593.704,2022,1/1/2022,5,31.43609,-81.339919,0.1363590189642365,3.9175212383270255,1.0412721633911133,0.079365079,340.2714233398437,50576.10938,-0.386177748,0.3945409651302864,0.05506106,-0.332328767
691.904,2002,1/1/2002,5,31.436090000000004,-81.339919,0.1321943328668278,3.9175212383270255,1.0412721633911133,0.079365079,309.3023986816406,50576.10938,-0.459289239,0.4248503297124039,0.042910573,0.1313698589801788
372.436,2000,1/1/2000,4,31.451197,-81.366132,0.1096876117660158,1.5110976696014404,0.4979320764541626,0.115138593,342.13043212890625,50576.10938,-0.433073205,0.476554729,-0.032356874,-0.370684922
1303.616,2002,1/1/2002,4,31.451197,-81.366132,0.095991676,1.5110976696014404,0.4979320764541626,0.115138593,310.4800109863281,50576.10938,-0.382720409,0.4377386489078703,0,0.1313698589801788
1365.756,2005,1/1/2005,4,31.451197,-81.366132,0.1449305243922653,1.5110976696014404,0.4979320764541626,0.115138593,333.6932678222656,50576.10938,-0.578627629,0.5056827310466898,0.07071957,0.3513698577880859
381.396,2006,1/1/2006,4,31.451197,-81.366132,0.089334457,1.5110976696014404,0.4979320764541626,0.115138593,354.28717041015625,50576.10938,-0.347342996,0.3464459483673557,0.021082327,-0.318219185
737.636,2007,1/1/2007,4,31.451197,-81.366132,0.1406014981227464,1.5110976696014404,0.4979320764541626,0.115138593,320.75152587890625,50576.10938,-0.540887164,0.4529301475562721,-0.053611761,-0.302602738
292.032,2008,1/1/2008,4,31.451197,-81.366132,0.094361822,1.5110976696014404,0.4979320764541626,0.115138593,335.3693542480469,50576.10938,-0.531981761,0.3608175473579262,-0.051855138,-0.194109589
390.956,2010,1/1/2010,4,31.451197,-81.366132,0.1161495307753255,1.5110976696014404,0.4979320764541626,0.115138593,347.1078186035156,50576.10938,-0.496440891,0.4770071512186428,-0.001353713,-0.531643808
177.612,2011,1/1/2011,4,31.451197,-81.366132,0.087165739,1.5110976696014404,0.4979320764541626,0.115138593,351.8902282714844,50576.10938,-0.424711575,0.3133790062789571,0.029187311,-0.379589051
834.16,2012,1/1/2012,4,31.451204,-81.366127,0.1077957215832164,1.5110976696014404,0.4979320764541626,0.115138593,324.5878295898437,50576.10938,-0.475657097,0.445649615,0.000473872,-0.280547947
963.908,2015,1/1/2015,4,31.451204,-81.366127,0.1162412754230633,1.5110976696014404,0.4979320764541626,0.115138593,316.7209777832031,50576.10938,-0.431464141,0.4705843094070153,-0.036617504,-0.04136987
499.92,2017,1/1/2017,4,31.451204,-81.366127,0.120115439,1.5110976696014404,0.4979320764541626,0.115138593,326.0563049316406,50576.10938,-0.336643028,0.4096994434284965,-0.00612864,-0.10356164
540.648,2019,1/1/2019,4,31.451204,-81.366127,0.1505375889909883,1.5110976696014404,0.4979320764541626,0.115138593,321.1886901855469,50576.10938,-0.376271659,0.368822103,-0.016682158,-0.38183099
1017.744,2020,1/1/2020,4,31.451204,-81.366127,0.1617127148821916,1.5110976696014404,0.4979320764541626,0.115138593,309.5597839355469,50576.10938,-0.483882795,0.4831912045207067,-0.038341228,-0.204571426
608.636,2021,1/1/2021,4,31.451204,-81.366127,0.1566047667049295,1.5110976696014404,0.4979320764541626,0.115138593,333.27227783203125,50576.10938,-0.387341395,0.420683778,-0.022653973,-0.040958904
1521.22,2013,1/1/2013,4,31.451204000000004,-81.366127,0.1468411814163424,1.5110976696014404,0.4979320764541626,0.115138593,337.0522766113281,50576.10938,-0.490934404,0.4976082121396226,-0.012016762,0.1290410906076431
233.54,2014,1/1/2014,4,31.451204000000004,-81.366127,0.1194007178916737,1.5110976696014404,0.4979320764541626,0.115138593,340.9689025878906,50576.10938,-0.373460707,0.369864489,-0.001149626,0.095616437
1003.284,2016,1/1/2016,4,31.451204000000004,-81.366127,0.1506139713982225,1.5110976696014404,0.4979320764541626,0.115138593,333.89434814453125,50576.10938,-0.464177511,0.4646212363374282,-0.024150846,-0.381780803
608.448,2018,1/1/2018,4,31.451204000000004,-81.366127,0.1724915273599634,1.5110976696014404,0.4979320764541626,0.115138593,331.7283630371094,50576.10938,-0.470427636,0.5008900161989251,-0.013991097,0.052191783
667.612,2022,1/1/2022,4,31.451204000000004,-81.366127,0.1354376757086337,1.5110976696014404,0.4979320764541626,0.115138593,342.9693603515625,50576.10938,-0.369038785,0.3988679605583824,-0.000803096,-0.332328767
914.448,2000,1/1/2000,4,31.451281,-81.366163,0.1096876117660158,0.7094917893409729,3.301862145083841e-17,0.115138593,342.13043212890625,50576.10938,-0.433073205,0.476554729,-0.032356874,-0.370684922
530.0360000000001,2005,1/1/2005,4,31.451281,-81.366163,0.1449305243922653,0.7094917893409729,3.301862145083841e-17,0.115138593,333.6932678222656,50576.10938,-0.578627629,0.5056827310466898,0.07071957,0.3513698577880859
692.468,2006,1/1/2006,4,31.451281,-81.366163,0.089334457,0.7094917893409729,3.301862145083841e-17,0.115138593,354.28717041015625,50576.10938,-0.347342996,0.3464459483673557,0.021082327,-0.318219185
1086.888,2007,1/1/2007,4,31.451281,-81.366163,0.1406014981227464,0.7094917893409729,3.301862145083841e-17,0.115138593,320.75152587890625,50576.10938,-0.540887164,0.4529301475562721,-0.053611761,-0.302602738
226.612,2008,1/1/2008,4,31.451281,-81.366163,0.094361822,0.7094917893409729,3.301862145083841e-17,0.115138593,335.3693542480469,50576.10938,-0.531981761,0.3608175473579262,-0.051855138,-0.194109589
509.32,2010,1/1/2010,4,31.451281,-81.366163,0.1161495307753255,0.7094917893409729,3.301862145083841e-17,0.115138593,347.1078186035156,50576.10938,-0.496440891,0.4770071512186428,-0.001353713,-0.531643808
633.4159999999999,2011,1/1/2011,4,31.451281,-81.366163,0.087165739,0.7094917893409729,3.301862145083841e-17,0.115138593,351.8902282714844,50576.10938,-0.424711575,0.3133790062789571,0.029187311,-0.379589051
1796.768,2002,1/1/2002,4,31.451281000000005,-81.366163,0.095991676,0.7094917893409729,3.301862145083841e-17,0.115138593,310.4800109863281,50576.10938,-0.382720409,0.4377386489078703,0,0.1313698589801788
662.176,2012,1/1/2012,4,31.451282,-81.366151,0.1077957215832164,0.7094917893409729,3.301862145083841e-17,0.115138593,324.5878295898437,50576.10938,-0.475657097,0.445649615,0.000473872,-0.280547947
1105.6,2013,1/1/2013,4,31.451282,-81.366151,0.1468411814163424,0.7094917893409729,3.301862145083841e-17,0.115138593,337.0522766113281,50576.10938,-0.490934404,0.4976082121396226,-0.012016762,0.1290410906076431
398.088,2014,1/1/2014,4,31.451282,-81.366151,0.1194007178916737,0.7094917893409729,3.301862145083841e-17,0.115138593,340.9689025878906,50576.10938,-0.373460707,0.369864489,-0.001149626,0.095616437
381.672,2015,1/1/2015,4,31.451282,-81.366151,0.1162412754230633,0.7094917893409729,3.301862145083841e-17,0.115138593,316.7209777832031,50576.10938,-0.431464141,0.4705843094070153,-0.036617504,-0.04136987
441.636,2016,1/1/2016,4,31.451282,-81.366151,0.1506139713982225,0.7094917893409729,3.301862145083841e-17,0.115138593,333.89434814453125,50576.10938,-0.464177511,0.4646212363374282,-0.024150846,-0.381780803
354.64,2017,1/1/2017,4,31.451282,-81.366151,0.120115439,0.7094917893409729,3.301862145083841e-17,0.115138593,326.0563049316406,50576.10938,-0.336643028,0.4096994434284965,-0.00612864,-0.10356164
858.72,2018,1/1/2018,4,31.451282,-81.366151,0.1724915273599634,0.7094917893409729,3.301862145083841e-17,0.115138593,331.7283630371094,50576.10938,-0.470427636,0.5008900161989251,-0.013991097,0.052191783
1097.616,2020,1/1/2020,4,31.451282,-81.366151,0.1617127148821916,0.7094917893409729,3.301862145083841e-17,0.115138593,309.5597839355469,50576.10938,-0.483882795,0.4831912045207067,-0.038341228,-0.204571426
734.632,2021,1/1/2021,4,31.451282,-81.366151,0.1566047667049295,0.7094917893409729,3.301862145083841e-17,0.115138593,333.27227783203125,50576.10938,-0.387341395,0.420683778,-0.022653973,-0.040958904
537.364,2022,1/1/2022,4,31.451282,-81.366151,0.1354376757086337,0.7094917893409729,3.301862145083841e-17,0.115138593,342.9693603515625,50576.10938,-0.369038785,0.3988679605583824,-0.000803096,-0.332328767
820.556,2019,1/1/2019,4,31.451282000000003,-81.366151,0.1505375889909883,0.7094917893409729,3.301862145083841e-17,0.115138593,321.1886901855469,50576.10938,-0.376271659,0.368822103,-0.016682158,-0.38183099
737.348,2000,1/1/2000,4,31.451372,-81.366276,0.1036103700222251,2.119579315185547,0.5175575613975525,0.1735537190082644,342.13043212890625,50576.10938,-0.434606262,0.4564956267235117,-0.035009793,-0.370684922
1291.656,2002,1/1/2002,4,31.451372,-81.366276,0.091004059,2.119579315185547,0.5175575613975525,0.1735537190082644,310.4800109863281,50576.10938,-0.402208855,0.4113300055069014,-0.005899642,0.1313698589801788
653.68,2004,1/1/2004,4,31.451372,-81.366276,0.1100358524715244,2.119579315185547,0.5175575613975525,0.1735537190082644,323.2847900390625,50576.10938,-0.453480802,0.4446102071262533,0.002410846,-0.150684923
1186.612,2005,1/1/2005,4,31.451372,-81.366276,0.1251343426467532,2.119579315185547,0.5175575613975525,0.1735537190082644,333.6932678222656,50576.10938,-0.526579808,0.4697632074793705,0.027558058,0.3513698577880859
406.684,2006,1/1/2006,4,31.451372,-81.366276,0.084243568,2.119579315185547,0.5175575613975525,0.1735537190082644,354.28717041015625,50576.10938,-0.346864466,0.3328922921006707,0.020850386,-0.318219185
537.36,2008,1/1/2008,4,31.451372,-81.366276,0.088756426,2.119579315185547,0.5175575613975525,0.1735537190082644,335.3693542480469,50576.10938,-0.509181331,0.3581652785317999,-0.079965835,-0.194109589
1184.592,2009,1/1/2009,4,31.451372,-81.366276,0.097002746,2.119579315185547,0.5175575613975525,0.1735537190082644,330.0466309,50576.10938,-0.452221991,0.4266956924184508,0.004273006,0.1002739667892456
572.7520000000001,2010,1/1/2010,4,31.451372,-81.366276,0.1066834573266172,2.119579315185547,0.5175575613975525,0.1735537190082644,347.1078186035156,50576.10938,-0.472814656,0.4101069804592481,0.024916459,-0.531643808
479.264,2011,1/1/2011,4,31.451372,-81.366276,0.093823256,2.119579315185547,0.5175575613975525,0.1735537190082644,351.8902282714844,50576.10938,-0.46029035,0.3830599865198832,-0.001865898,-0.379589051
640.316,2012,1/1/2012,4,31.451372,-81.366276,0.095218824,2.119579315185547,0.5175575613975525,0.1735537190082644,324.5878295898437,50576.10938,-0.46062835,0.4034783571238487,-0.000960028,-0.280547947
1546.4440000000002,2013,1/1/2013,4,31.451372,-81.366276,0.1514698125456463,2.119579315185547,0.5175575613975525,0.1735537190082644,337.0522766113281,50576.10938,-0.479778141,0.479583338,-0.030906952,0.1290410906076431
340.368,2014,1/1/2014,4,31.451372,-81.366276,0.1292943790196674,2.119579315185547,0.5175575613975525,0.1735537190082644,340.9689025878906,50576.10938,-0.365024734,0.3720249038327516,0.001901469,0.095616437
495.712,2017,1/1/2017,4,31.451372,-81.366276,0.106358226,2.119579315185547,0.5175575613975525,0.1735537190082644,326.0563049316406,50576.10938,-0.331070016,0.3862752937887874,0.00289356,-0.10356164
1149.856,2018,1/1/2018,4,31.451372,-81.366276,0.1373169967901039,2.119579315185547,0.5175575613975525,0.1735537190082644,331.7283630371094,50576.10938,-0.464864387,0.4717788794806878,-0.014455931,0.052191783
671.72,2019,1/1/2019,4,31.451372,-81.366276,0.1188863497149318,2.119579315185547,0.5175575613975525,0.1735537190082644,321.1886901855469,50576.10938,-0.382263902,0.3890974015678258,-0.003707657,-0.38183099
901.452,2020,1/1/2020,4,31.451372,-81.366276,0.1339679755573158,2.119579315185547,0.5175575613975525,0.1735537190082644,309.5597839355469,50576.10938,-0.44864477,0.4517977457807074,-0.014772311,-0.204571426
672.592,2021,1/1/2021,4,31.451372,-81.366276,0.1284195939094769,2.119579315185547,0.5175575613975525,0.1735537190082644,333.27227783203125,50576.10938,-0.37361966,0.3921071965115314,-0.013894087,-0.040958904
712.292,2022,1/1/2022,4,31.451372,-81.366276,0.1623041342464773,2.119579315185547,0.5175575613975525,0.1735537190082644,342.9693603515625,50576.10938,-0.358597933,0.3977552219439521,0.00136331,-0.332328767
1106.5800000000002,2007,1/1/2007,4,31.451372000000003,-81.366276,0.1359778693804118,2.119579315185547,0.5175575613975525,0.1735537190082644,320.75152587890625,50576.10938,-0.521868067,0.4357315095880922,-0.031709131,-0.302602738
516.312,2015,1/1/2015,4,31.451372000000003,-81.366276,0.1025142307221383,2.119579315185547,0.5175575613975525,0.1735537190082644,316.7209777832031,50576.10938,-0.401167981,0.3797036043178638,0.001942531,-0.04136987
875.264,2016,1/1/2016,4,31.451372000000003,-81.366276,0.1154888766749023,2.119579315185547,0.5175575613975525,0.1735537190082644,333.89434814453125,50576.10938,-0.43667884,0.4072549441474751,0.057094857,-0.381780803
561.216,2000,1/1/2000,4,31.451373,-81.365579,0.1142110462719129,0.1949235796928405,1.0468369722366333,0.061926606,342.13043212890625,50576.10938,-0.402445723,0.4158638787776184,-0.042690815,-0.370684922
1143.888,2001,1/1/2001,4,31.451373,-81.365579,0.1222732138345546,0.1949235796928405,1.0468369722366333,0.061926606,347.8584899902344,50576.10938,-0.431615991,0.5356915290647938,-0.103227854,-0.214520544
170.04,2002,1/1/2002,4,31.451373,-81.365579,0.1015007805009468,0.1949235796928405,1.0468369722366333,0.061926606,310.4800109863281,50576.10938,-0.323826939,0.4522729278841906,-0.002828309,0.1313698589801788
110.212,2004,1/1/2004,4,31.451373,-81.365579,0.1161318289306458,0.1949235796928405,1.0468369722366333,0.061926606,323.2847900390625,50576.10938,-0.433529016,0.4680924348697403,0.049260323,-0.150684923
883.592,2005,1/1/2005,4,31.451373,-81.365579,0.1562724595914747,0.1949235796928405,1.0468369722366333,0.061926606,333.6932678222656,50576.10938,-0.569978638,0.5578675413063252,0.008350587,0.3513698577880859
249.624,2006,1/1/2006,4,31.451373,-81.365579,0.088449688,0.1949235796928405,1.0468369722366333,0.061926606,354.28717041015625,50576.10938,-0.298685551,0.337398212,0.013635717,-0.318219185
589.804,2009,1/1/2009,4,31.451373,-81.365579,0.1110039351332753,0.1949235796928405,1.0468369722366333,0.061926606,330.0466309,50576.10938,-0.5683261,0.4666678176496129,-0.057857341,0.1002739667892456
1508.588,2010,1/1/2010,4,31.451373,-81.365579,0.1159718835784483,0.1949235796928405,1.0468369722366333,0.061926606,347.1078186035156,50576.10938,-0.453159272,0.4515595228028428,0.013668738,-0.531643808
1276.404,2013,1/1/2013,4,31.451373,-81.365579,0.1753979524850825,0.1949235796928405,1.0468369722366333,0.061926606,337.0522766113281,50576.10938,-0.476944051,0.5369575748577866,-0.023857805,0.1290410906076431
685.3679999999999,2014,1/1/2014,4,31.451373,-81.365579,0.1374144640712932,0.1949235796928405,1.0468369722366333,0.061926606,340.9689025878906,50576.10938,-0.340096836,0.3968074257234393,0.008955666,0.095616437
667.076,2015,1/1/2015,4,31.451373,-81.365579,0.1531874925639828,0.1949235796928405,1.0468369722366333,0.061926606,316.7209777832031,50576.10938,-0.426684436,0.3298743998969403,-0.033449713,-0.04136987
530.852,2016,1/1/2016,4,31.451373,-81.365579,0.1498464669413127,0.1949235796928405,1.0468369722366333,0.061926606,333.89434814453125,50576.10938,-0.441685025,0.4927957786829049,0.004948268,-0.381780803
295.568,2017,1/1/2017,4,31.451373,-81.365579,0.1246733564565253,0.1949235796928405,1.0468369722366333,0.061926606,326.0563049316406,50576.10938,-0.318821064,0.459873038,0.004731997,-0.10356164
873.12,2018,1/1/2018,4,31.451373,-81.365579,0.1630315548614508,0.1949235796928405,1.0468369722366333,0.061926606,331.7283630371094,50576.10938,-0.456860065,0.5289497010458518,-0.017550858,0.052191783
747.044,2019,1/1/2019,4,31.451373,-81.365579,0.1530843396426214,0.1949235796928405,1.0468369722366333,0.061926606,321.1886901855469,50576.10938,-0.364353273,0.4028055033954172,-0.016621022,-0.38183099
807.884,2020,1/1/2020,4,31.451373,-81.365579,0.1656169466514111,0.1949235796928405,1.0468369722366333,0.061926606,309.5597839355469,50576.10938,-0.471680765,0.52979744,-0.016359024,-0.204571426
310.14,2021,1/1/2021,4,31.451373,-81.365579,0.1873718437991629,0.1949235796928405,1.0468369722366333,0.061926606,333.27227783203125,50576.10938,-0.351054903,0.4381054061899593,-0.01068999,-0.040958904
390.768,2022,1/1/2022,4,31.451373,-81.365579,0.1451480123882413,0.1949235796928405,1.0468369722366333,0.061926606,342.9693603515625,50576.10938,-0.358167387,0.4220071600020488,0.041895294,-0.332328767
997.656,2007,1/1/2007,4,31.451373000000004,-81.365579,0.1410467933911294,0.1949235796928405,1.0468369722366333,0.061926606,320.75152587890625,50576.10938,-0.495078755,0.4757677993338803,-0.026890881,-0.302602738
430.82,2011,1/1/2011,4,31.451373000000004,-81.365579,0.1040955912132917,0.1949235796928405,1.0468369722366333,0.061926606,351.8902282714844,50576.10938,-0.445731083,0.425610967,0.015257452,-0.379589051
758.772,2012,1/1/2012,4,31.451373000000004,-81.365579,0.1179122463896958,0.1949235796928405,1.0468369722366333,0.061926606,324.5878295898437,50576.10938,-0.458714246,0.4719509576568433,-0.018907617,-0.280547947
767.08,2001,1/1/2001,4,31.451473,-81.365566,0.1094586852207688,1.9153944253921509,0.8304317593574524,0.097560976,347.8584899902344,50576.10938,-0.468679606,0.4961747216716384,-0.040935923,-0.214520544
623.972,2004,1/1/2004,4,31.451473,-81.365566,0.1093442927493816,1.9153944253921509,0.8304317593574524,0.097560976,323.2847900390625,50576.10938,-0.417077525,0.4858094410657406,-0.063126438,-0.150684923
2356.192,2005,1/1/2005,4,31.451473,-81.365566,0.1514436116650241,1.9153944253921509,0.8304317593574524,0.097560976,333.6932678222656,50576.10938,-0.565427226,0.5601927232731546,-0.046994749,0.3513698577880859
202.588,2006,1/1/2006,4,31.451473,-81.365566,0.090885105,1.9153944253921509,0.8304317593574524,0.097560976,354.28717041015625,50576.10938,-0.334307686,0.3466501240694793,-0.011925114,-0.318219185
1443.352,2007,1/1/2007,4,31.451473,-81.365566,0.1444305646570557,1.9153944253921509,0.8304317593574524,0.097560976,320.75152587890625,50576.10938,-0.523786299,0.4594362453912063,-0.031709131,-0.302602738
297.68,2008,1/1/2008,4,31.451473,-81.365566,0.085658557,1.9153944253921509,0.8304317593574524,0.097560976,335.3693542480469,50576.10938,-0.463207422,0.3435358487499665,-0.079965835,-0.194109589
622.788,2010,1/1/2010,4,31.451473,-81.365566,0.112327613,1.9153944253921509,0.8304317593574524,0.097560976,347.1078186035156,50576.10938,-0.468864941,0.4535216380017293,-0.028128087,-0.531643808
153.888,2011,1/1/2011,4,31.451473,-81.365566,0.097802737,1.9153944253921509,0.8304317593574524,0.097560976,351.8902282714844,50576.10938,-0.388953799,0.3617372472505443,0.015257452,-0.379589051
1121.656,2013,1/1/2013,4,31.451473,-81.365566,0.1499643171183292,1.9153944253921509,0.8304317593574524,0.097560976,337.0522766113281,50576.10938,-0.496179008,0.5088929731121323,-0.031108188,0.1290410906076431
370.588,2014,1/1/2014,4,31.451473,-81.365566,0.1326731337747155,1.9153944253921509,0.8304317593574524,0.097560976,340.9689025878906,50576.10938,-0.351658062,0.38299919,-0.008573019,0.095616437
780.476,2015,1/1/2015,4,31.451473,-81.365566,0.1243144209884841,1.9153944253921509,0.8304317593574524,0.097560976,316.7209777832031,50576.10938,-0.437747301,0.3754148320882847,-0.014379852,-0.04136987
668.296,2016,1/1/2016,4,31.451473,-81.365566,0.1349514379295329,1.9153944253921509,0.8304317593574524,0.097560976,333.89434814453125,50576.10938,-0.43798847,0.4549946300951153,-0.012046163,-0.381780803
626.264,2017,1/1/2017,4,31.451473,-81.365566,0.1158478634425982,1.9153944253921509,0.8304317593574524,0.097560976,326.0563049316406,50576.10938,-0.341258377,0.4122611372578262,0.002581647,-0.10356164
1210.436,2018,1/1/2018,4,31.451473,-81.365566,0.1673395747286183,1.9153944253921509,0.8304317593574524,0.097560976,331.7283630371094,50576.10938,-0.461585679,0.5142992530037902,-0.017363219,0.052191783
504.504,2019,1/1/2019,4,31.451473,-81.365566,0.1362040625306846,1.9153944253921509,0.8304317593574524,0.097560976,321.1886901855469,50576.10938,-0.369738944,0.4251394410107393,-0.018885262,-0.38183099
481.804,2021,1/1/2021,4,31.451473,-81.365566,0.1605471014088448,1.9153944253921509,0.8304317593574524,0.097560976,333.27227783203125,50576.10938,-0.364641606,0.4194670961462204,-0.015913539,-0.040958904
976.668,2022,1/1/2022,4,31.451473,-81.365566,0.1347814093579459,1.9153944253921509,0.8304317593574524,0.097560976,342.9693603515625,50576.10938,-0.385298132,0.4041850202022488,0.030381917,-0.332328767
1362.936,2000,1/1/2000,4,31.451473000000004,-81.365566,0.1077497978368543,1.9153944253921509,0.8304317593574524,0.097560976,342.13043212890625,50576.10938,-0.406066515,0.4564956267235117,-0.015252941,-0.370684922
1022.008,2002,1/1/2002,4,31.451473000000004,-81.365566,0.092421132,1.9153944253921509,0.8304317593574524,0.097560976,310.4800109863281,50576.10938,-0.304889448,0.412157839,0.003345734,0.1313698589801788
880.848,2012,1/1/2012,4,31.451473000000004,-81.365566,0.1026867260091425,1.9153944253921509,0.8304317593574524,0.097560976,324.5878295898437,50576.10938,-0.472446061,0.4134348286499187,0.023693459,-0.280547947
933.184,2020,1/1/2020,4,31.451473000000004,-81.365566,0.1571083451876329,1.9153944253921509,0.8304317593574524,0.097560976,309.5597839355469,50576.10938,-0.470202107,0.5147634154976425,-0.012673622,-0.204571426
623.704,2000,1/1/2000,4,31.451478,-81.366297,0.1036103700222251,1.7181570529937744,0.5889697074890137,0.1735537190082644,342.13043212890625,50576.10938,-0.434606262,0.4564956267235117,-0.035009793,-0.370684922
1735.664,2002,1/1/2002,4,31.451478,-81.366297,0.091004059,1.7181570529937744,0.5889697074890137,0.1735537190082644,310.4800109863281,50576.10938,-0.402208855,0.4113300055069014,-0.005899642,0.1313698589801788
244.288,2004,1/1/2004,4,31.451478,-81.366297,0.1100358524715244,1.7181570529937744,0.5889697074890137,0.1735537190082644,323.2847900390625,50576.10938,-0.453480802,0.4446102071262533,0.002410846,-0.150684923
1872.208,2005,1/1/2005,4,31.451478,-81.366297,0.1251343426467532,1.7181570529937744,0.5889697074890137,0.1735537190082644,333.6932678222656,50576.10938,-0.526579808,0.4697632074793705,0.027558058,0.3513698577880859
251.296,2006,1/1/2006,4,31.451478,-81.366297,0.084243568,1.7181570529937744,0.5889697074890137,0.1735537190082644,354.28717041015625,50576.10938,-0.346864466,0.3328922921006707,0.020850386,-0.318219185
1228.208,2007,1/1/2007,4,31.451478,-81.366297,0.1359778693804118,1.7181570529937744,0.5889697074890137,0.1735537190082644,320.75152587890625,50576.10938,-0.521868067,0.4357315095880922,-0.031709131,-0.302602738
313.30400000000003,2008,1/1/2008,4,31.451478,-81.366297,0.088756426,1.7181570529937744,0.5889697074890137,0.1735537190082644,335.3693542480469,50576.10938,-0.509181331,0.3581652785317999,-0.079965835,-0.194109589
1301.364,2009,1/1/2009,4,31.451478,-81.366297,0.097002746,1.7181570529937744,0.5889697074890137,0.1735537190082644,330.0466309,50576.10938,-0.452221991,0.4266956924184508,0.004273006,0.1002739667892456
960.256,2010,1/1/2010,4,31.451478,-81.366297,0.1066834573266172,1.7181570529937744,0.5889697074890137,0.1735537190082644,347.1078186035156,50576.10938,-0.472814656,0.4101069804592481,0.024916459,-0.531643808
327.964,2011,1/1/2011,4,31.451478,-81.366297,0.093823256,1.7181570529937744,0.5889697074890137,0.1735537190082644,351.8902282714844,50576.10938,-0.46029035,0.3830599865198832,-0.001865898,-0.379589051
660.564,2012,1/1/2012,4,31.451478,-81.366297,0.095218824,1.7181570529937744,0.5889697074890137,0.1735537190082644,324.5878295898437,50576.10938,-0.46062835,0.4034783571238487,-0.000960028,-0.280547947
1351.12,2013,1/1/2013,4,31.451478,-81.366297,0.1514698125456463,1.7181570529937744,0.5889697074890137,0.1735537190082644,337.0522766113281,50576.10938,-0.479778141,0.479583338,-0.030906952,0.1290410906076431
959.384,2015,1/1/2015,4,31.451478,-81.366297,0.1025142307221383,1.7181570529937744,0.5889697074890137,0.1735537190082644,316.7209777832031,50576.10938,-0.401167981,0.3797036043178638,0.001942531,-0.04136987
888.212,2016,1/1/2016,4,31.451478,-81.366297,0.1154888766749023,1.7181570529937744,0.5889697074890137,0.1735537190082644,333.89434814453125,50576.10938,-0.43667884,0.4072549441474751,0.057094857,-0.381780803
331.068,2017,1/1/2017,4,31.451478,-81.366297,0.106358226,1.7181570529937744,0.5889697074890137,0.1735537190082644,326.0563049316406,50576.10938,-0.331070016,0.3862752937887874,0.00289356,-0.10356164
1578.072,2020,1/1/2020,4,31.451478,-81.366297,0.1339679755573158,1.7181570529937744,0.5889697074890137,0.1735537190082644,309.5597839355469,50576.10938,-0.44864477,0.4517977457807074,-0.014772311,-0.204571426
272.888,2021,1/1/2021,4,31.451478,-81.366297,0.1284195939094769,1.7181570529937744,0.5889697074890137,0.1735537190082644,333.27227783203125,50576.10938,-0.37361966,0.3921071965115314,-0.013894087,-0.040958904
751.54,2022,1/1/2022,4,31.451478,-81.366297,0.1623041342464773,1.7181570529937744,0.5889697074890137,0.1735537190082644,342.9693603515625,50576.10938,-0.358597933,0.3977552219439521,0.00136331,-0.332328767
345.18,2014,1/1/2014,4,31.451478000000005,-81.366297,0.1292943790196674,1.7181570529937744,0.5889697074890137,0.1735537190082644,340.9689025878906,50576.10938,-0.365024734,0.3720249038327516,0.001901469,0.095616437
1076.54,2018,1/1/2018,4,31.451478000000005,-81.366297,0.1373169967901039,1.7181570529937744,0.5889697074890137,0.1735537190082644,331.7283630371094,50576.10938,-0.464864387,0.4717788794806878,-0.014455931,0.052191783
501.156,2019,1/1/2019,4,31.451478000000005,-81.366297,0.1188863497149318,1.7181570529937744,0.5889697074890137,0.1735537190082644,321.1886901855469,50576.10938,-0.382263902,0.3890974015678258,-0.003707657,-0.38183099
956.656,2000,1/1/2000,4,31.451547999999995,-81.36556,0.1077497978368543,1.805180907249451,0.7377880811691284,0.097560976,342.13043212890625,50576.10938,-0.406066515,0.4564956267235117,-0.015252941,-0.370684922
557.304,2002,1/1/2002,4,31.451547999999995,-81.36556,0.092421132,1.805180907249451,0.7377880811691284,0.097560976,310.4800109863281,50576.10938,-0.304889448,0.412157839,0.003345734,0.1313698589801788
1500.28,2005,1/1/2005,4,31.451547999999995,-81.36556,0.1514436116650241,1.805180907249451,0.7377880811691284,0.097560976,333.6932678222656,50576.10938,-0.565427226,0.5601927232731546,-0.046994749,0.3513698577880859
233.46,2006,1/1/2006,4,31.451547999999995,-81.36556,0.090885105,1.805180907249451,0.7377880811691284,0.097560976,354.28717041015625,50576.10938,-0.334307686,0.3466501240694793,-0.011925114,-0.318219185
688.312,2007,1/1/2007,4,31.451547999999995,-81.36556,0.1444305646570557,1.805180907249451,0.7377880811691284,0.097560976,320.75152587890625,50576.10938,-0.523786299,0.4594362453912063,-0.031709131,-0.302602738
1041.992,2013,1/1/2013,4,31.451547999999995,-81.36556,0.1499643171183292,1.805180907249451,0.7377880811691284,0.097560976,337.0522766113281,50576.10938,-0.496179008,0.5088929731121323,-0.031108188,0.1290410906076431
601.984,2017,1/1/2017,4,31.451547999999995,-81.36556,0.1158478634425982,1.805180907249451,0.7377880811691284,0.097560976,326.0563049316406,50576.10938,-0.341258377,0.4122611372578262,0.002581647,-0.10356164
931.872,2018,1/1/2018,4,31.451547999999995,-81.36556,0.1673395747286183,1.805180907249451,0.7377880811691284,0.097560976,331.7283630371094,50576.10938,-0.461585679,0.5142992530037902,-0.017363219,0.052191783
690.88,2020,1/1/2020,4,31.451547999999995,-81.36556,0.1571083451876329,1.805180907249451,0.7377880811691284,0.097560976,309.5597839355469,50576.10938,-0.470202107,0.5147634154976425,-0.012673622,-0.204571426
575.22,2021,1/1/2021,4,31.451547999999995,-81.36556,0.1605471014088448,1.805180907249451,0.7377880811691284,0.097560976,333.27227783203125,50576.10938,-0.364641606,0.4194670961462204,-0.015913539,-0.040958904
693.864,2004,1/1/2004,4,31.451548,-81.36556,0.1093442927493816,1.805180907249451,0.7377880811691284,0.097560976,323.2847900390625,50576.10938,-0.417077525,0.4858094410657406,-0.063126438,-0.150684923
255.992,2008,1/1/2008,4,31.451548,-81.36556,0.085658557,1.805180907249451,0.7377880811691284,0.097560976,335.3693542480469,50576.10938,-0.463207422,0.3435358487499665,-0.079965835,-0.194109589
625.936,2010,1/1/2010,4,31.451548,-81.36556,0.112327613,1.805180907249451,0.7377880811691284,0.097560976,347.1078186035156,50576.10938,-0.468864941,0.4535216380017293,-0.028128087,-0.531643808
462.992,2011,1/1/2011,4,31.451548,-81.36556,0.097802737,1.805180907249451,0.7377880811691284,0.097560976,351.8902282714844,50576.10938,-0.388953799,0.3617372472505443,0.015257452,-0.379589051
837.7,2012,1/1/2012,4,31.451548,-81.36556,0.1026867260091425,1.805180907249451,0.7377880811691284,0.097560976,324.5878295898437,50576.10938,-0.472446061,0.4134348286499187,0.023693459,-0.280547947
171.68800000000002,2014,1/1/2014,4,31.451548,-81.36556,0.1326731337747155,1.805180907249451,0.7377880811691284,0.097560976,340.9689025878906,50576.10938,-0.351658062,0.38299919,-0.008573019,0.095616437
524.524,2015,1/1/2015,4,31.451548,-81.36556,0.1243144209884841,1.805180907249451,0.7377880811691284,0.097560976,316.7209777832031,50576.10938,-0.437747301,0.3754148320882847,-0.014379852,-0.04136987
699.78,2016,1/1/2016,4,31.451548,-81.36556,0.1349514379295329,1.805180907249451,0.7377880811691284,0.097560976,333.89434814453125,50576.10938,-0.43798847,0.4549946300951153,-0.012046163,-0.381780803
369.664,2019,1/1/2019,4,31.451548,-81.36556,0.1362040625306846,1.805180907249451,0.7377880811691284,0.097560976,321.1886901855469,50576.10938,-0.369738944,0.4251394410107393,-0.018885262,-0.38183099
356.656,2022,1/1/2022,4,31.451548,-81.36556,0.1347814093579459,1.805180907249451,0.7377880811691284,0.097560976,342.9693603515625,50576.10938,-0.385298132,0.4041850202022488,0.030381917,-0.332328767
572.268,2001,1/1/2001,4,31.451548,-81.36556,0.1094586852207688,1.805180907249451,0.7377880811691284,0.097560976,347.8584899902344,50576.10938,-0.468679606,0.4961747216716384,-0.040935923,-0.214520544
1534.304,2000,1/1/2000,4,31.451676,-81.365498,0.094564972,1.981122732162476,0.8798737525939941,0.3138832997987927,342.13043212890625,50576.10938,-0.453348488,0.3992101285572665,-0.022968151,-0.370684922
1690.216,2005,1/1/2005,4,31.451676,-81.365498,0.1104202681697341,1.981122732162476,0.8798737525939941,0.3138832997987927,333.6932678222656,50576.10938,-0.513388987,0.4380689601972185,0.00109035,0.3513698577880859
782.496,2007,1/1/2007,4,31.451676,-81.365498,0.1243702955074901,1.981122732162476,0.8798737525939941,0.3138832997987927,320.75152587890625,50576.10938,-0.491610396,0.407799933,-0.017352856,-0.302602738
1164.8,2010,1/1/2010,4,31.451676,-81.365498,0.1048663892423565,1.981122732162476,0.8798737525939941,0.3138832997987927,347.1078186035156,50576.10938,-0.432587815,0.397666129,0.025181794,-0.531643808
677.384,2012,1/1/2012,4,31.451676,-81.365498,0.076018849,1.981122732162476,0.8798737525939941,0.3138832997987927,324.5878295898437,50576.10938,-0.441100934,0.3353159851301119,0.002413163,-0.280547947
1007.724,2013,1/1/2013,4,31.451676,-81.365498,0.1256523596230103,1.981122732162476,0.8798737525939941,0.3138832997987927,337.0522766113281,50576.10938,-0.469678129,0.4362395579619664,-0.022273161,0.1290410906076431
1182.488,2015,1/1/2015,4,31.451676,-81.365498,0.088739358,1.981122732162476,0.8798737525939941,0.3138832997987927,316.7209777832031,50576.10938,-0.399325409,0.3490498995828836,-0.000521846,-0.04136987
274.452,2016,1/1/2016,4,31.451676,-81.365498,0.1043953065250618,1.981122732162476,0.8798737525939941,0.3138832997987927,333.89434814453125,50576.10938,-0.406681361,0.3711447696440836,-0.002663976,-0.381780803
407.564,2017,1/1/2017,4,31.451676,-81.365498,0.092241971,1.981122732162476,0.8798737525939941,0.3138832997987927,326.0563049316406,50576.10938,-0.353970507,0.3585747673750399,0.025115449,-0.10356164
414.012,2019,1/1/2019,4,31.451676,-81.365498,0.1155895858288009,1.981122732162476,0.8798737525939941,0.3138832997987927,321.1886901855469,50576.10938,-0.400792366,0.3989911147338862,-0.016818685,-0.38183099
672.816,2020,1/1/2020,4,31.451676,-81.365498,0.1251480713899648,1.981122732162476,0.8798737525939941,0.3138832997987927,309.5597839355469,50576.10938,-0.444693154,0.4290157537390124,-0.017268446,-0.204571426
225.408,2022,1/1/2022,4,31.451676,-81.365498,0.1300382367574563,1.981122732162476,0.8798737525939941,0.3138832997987927,342.9693603515625,50576.10938,-0.357210712,0.3534634883713827,0.030381917,-0.332328767
1079.012,2001,1/1/2001,4,31.451676,-81.365498,0.097725855,1.981122732162476,0.8798737525939941,0.3138832997987927,347.8584899902344,50576.10938,-0.473653481,0.4509395322099675,-0.07429506,-0.214520544
673.528,2002,1/1/2002,4,31.451676,-81.365498,0.092720764,1.981122732162476,0.8798737525939941,0.3138832997987927,310.4800109863281,50576.10938,-0.401477938,0.4011207058062094,0.012495445,0.1313698589801788
696.068,2006,1/1/2006,4,31.451676000000003,-81.365498,0.086294751,1.981122732162476,0.8798737525939941,0.3138832997987927,354.28717041015625,50576.10938,-0.375755294,0.3290779050988236,0.006983321,-0.318219185
81.468,2014,1/1/2014,4,31.451676000000003,-81.365498,0.1080079262626366,1.981122732162476,0.8798737525939941,0.3138832997987927,340.9689025878906,50576.10938,-0.365194265,0.3373554253639545,0.001634634,0.095616437
1157.372,2018,1/1/2018,4,31.451676000000003,-81.365498,0.117589549,1.981122732162476,0.8798737525939941,0.3138832997987927,331.7283630371094,50576.10938,-0.442497498,0.4180494906401032,-0.008455035,0.052191783
256.236,2021,1/1/2021,4,31.451676000000003,-81.365498,0.1117658649003487,1.981122732162476,0.8798737525939941,0.3138832997987927,333.27227783203125,50576.10938,-0.349291663,0.3675605272457695,-0.004471181,-0.040958904
329.04,2000,1/1/2000,4,31.451768,-81.365963,0.099290748,0.8156468272209167,0.8319603204727173,0.2690058479532163,342.13043212890625,50576.10938,-0.442537142,0.4152059735493266,-0.008434002,-0.370684922
67.424,2001,1/1/2001,4,31.451768,-81.365963,0.096317824,0.8156468272209167,0.8319603204727173,0.2690058479532163,347.8584899902344,50576.10938,-0.484381517,0.4260308014809054,-0.018312866,-0.214520544
0,2002,1/1/2002,4,31.451768,-81.365963,0.098008731,0.8156468272209167,0.8319603204727173,0.2690058479532163,310.4800109863281,50576.10938,-0.431339707,0.3787243781379181,0.03360085,0.1313698589801788
140.992,2004,1/1/2004,4,31.451768,-81.365963,0.1214347747407449,0.8156468272209167,0.8319603204727173,0.2690058479532163,323.2847900390625,50576.10938,-0.449854382,0.5194713001149345,-0.013404383,-0.150684923
302.192,2005,1/1/2005,4,31.451768,-81.365963,0.1196743529932418,0.8156468272209167,0.8319603204727173,0.2690058479532163,333.6932678222656,50576.10938,-0.483027126,0.4540747079850097,0.020726399,0.3513698577880859
368.352,2007,1/1/2007,4,31.451768,-81.365963,0.1323866008713059,0.8156468272209167,0.8319603204727173,0.2690058479532163,320.75152587890625,50576.10938,-0.51074004,0.3968675921947618,0.015721996,-0.302602738
574.752,2010,1/1/2010,4,31.451768,-81.365963,0.089844394,0.8156468272209167,0.8319603204727173,0.2690058479532163,347.1078186035156,50576.10938,-0.486803264,0.3793345792004098,-0.001695612,-0.531643808
303.68,2011,1/1/2011,4,31.451768,-81.365963,0.077120608,0.8156468272209167,0.8319603204727173,0.2690058479532163,351.8902282714844,50576.10938,-0.415261816,0.3082252285005163,0.058609226,-0.379589051
126.496,2013,1/1/2013,4,31.451768,-81.365963,0.1124412298872954,0.8156468272209167,0.8319603204727173,0.2690058479532163,337.0522766113281,50576.10938,-0.44755006,0.3941054292444005,0.001889969,0.1290410906076431
249.632,2014,1/1/2014,4,31.451768,-81.365963,0.112774825,0.8156468272209167,0.8319603204727173,0.2690058479532163,340.9689025878906,50576.10938,-0.376211972,0.3720685649680046,0.015301228,0.095616437
219.808,2015,1/1/2015,4,31.451768,-81.365963,0.1008249312557286,0.8156468272209167,0.8319603204727173,0.2690058479532163,316.7209777832031,50576.10938,-0.393612051,0.3645987272672445,0.001001365,-0.04136987
190.192,2016,1/1/2016,4,31.451768,-81.365963,0.120200251,0.8156468272209167,0.8319603204727173,0.2690058479532163,333.89434814453125,50576.10938,-0.374193495,0.3412150567506645,0.016972927,-0.381780803
275.856,2017,1/1/2017,4,31.451768,-81.365963,0.092197083,0.8156468272209167,0.8319603204727173,0.2690058479532163,326.0563049316406,50576.10938,-0.373061232,0.3474529532711014,0.03422821,-0.10356164
169.728,2019,1/1/2019,4,31.451768,-81.365963,0.1014510142189261,0.8156468272209167,0.8319603204727173,0.2690058479532163,321.1886901855469,50576.10938,-0.402894423,0.3612250461598559,0.039640083,-0.38183099
127.792,2021,1/1/2021,4,31.451768,-81.365963,0.1107846793685225,0.8156468272209167,0.8319603204727173,0.2690058479532163,333.27227783203125,50576.10938,-0.327829855,0.369836964,0.012126846,-0.040958904
307.52,2022,1/1/2022,4,31.451768,-81.365963,0.142618551,0.8156468272209167,0.8319603204727173,0.2690058479532163,342.9693603515625,50576.10938,-0.334991894,0.3453688046853191,0.004669811,-0.332328767
208.192,2006,1/1/2006,4,31.451768000000005,-81.365963,0.086949436,0.8156468272209167,0.8319603204727173,0.2690058479532163,354.28717041015625,50576.10938,-0.360322481,0.3333981739267875,-0.02655967,-0.318219185
170.256,2012,1/1/2012,4,31.451768000000005,-81.365963,0.07751072,0.8156468272209167,0.8319603204727173,0.2690058479532163,324.5878295898437,50576.10938,-0.423619682,0.326183153,0.036513878,-0.280547947
28.736,2018,1/1/2018,4,31.451768000000005,-81.365963,0.082516896,0.8156468272209167,0.8319603204727173,0.2690058479532163,331.7283630371094,50576.10938,-0.407477635,0.3067995970783885,0.019134304,0.052191783
325.456,2020,1/1/2020,4,31.451768000000005,-81.365963,0.1291930513508981,0.8156468272209167,0.8319603204727173,0.2690058479532163,309.5597839355469,50576.10938,-0.400758503,0.3617237450406174,0.00035118,-0.204571426
352.32,2000,1/1/2000,4,31.451893,-81.365892,0.099290748,0.160301462,0.8308428525924683,0.2690058479532163,342.13043212890625,50576.10938,-0.442537142,0.4152059735493266,-0.008434002,-0.370684922
27.696,2001,1/1/2001,4,31.451893,-81.365892,0.096317824,0.160301462,0.8308428525924683,0.2690058479532163,347.8584899902344,50576.10938,-0.484381517,0.4260308014809054,-0.018312866,-0.214520544
77.08800000000001,2002,1/1/2002,4,31.451893,-81.365892,0.098008731,0.160301462,0.8308428525924683,0.2690058479532163,310.4800109863281,50576.10938,-0.431339707,0.3787243781379181,0.03360085,0.1313698589801788
181.264,2004,1/1/2004,4,31.451893,-81.365892,0.1214347747407449,0.160301462,0.8308428525924683,0.2690058479532163,323.2847900390625,50576.10938,-0.449854382,0.5194713001149345,-0.013404383,-0.150684923
456.768,2005,1/1/2005,4,31.451893,-81.365892,0.1196743529932418,0.160301462,0.8308428525924683,0.2690058479532163,333.6932678222656,50576.10938,-0.483027126,0.4540747079850097,0.020726399,0.3513698577880859
132.16,2006,1/1/2006,4,31.451893,-81.365892,0.086949436,0.160301462,0.8308428525924683,0.2690058479532163,354.28717041015625,50576.10938,-0.360322481,0.3333981739267875,-0.02655967,-0.318219185
148.384,2007,1/1/2007,4,31.451893,-81.365892,0.1323866008713059,0.160301462,0.8308428525924683,0.2690058479532163,320.75152587890625,50576.10938,-0.51074004,0.3968675921947618,0.015721996,-0.302602738
262.35200000000003,2010,1/1/2010,4,31.451893,-81.365892,0.089844394,0.160301462,0.8308428525924683,0.2690058479532163,347.1078186035156,50576.10938,-0.486803264,0.3793345792004098,-0.001695612,-0.531643808
164.576,2011,1/1/2011,4,31.451893,-81.365892,0.077120608,0.160301462,0.8308428525924683,0.2690058479532163,351.8902282714844,50576.10938,-0.415261816,0.3082252285005163,0.058609226,-0.379589051
97.68,2012,1/1/2012,4,31.451893,-81.365892,0.07751072,0.160301462,0.8308428525924683,0.2690058479532163,324.5878295898437,50576.10938,-0.423619682,0.326183153,0.036513878,-0.280547947
148.912,2013,1/1/2013,4,31.451893,-81.365892,0.1124412298872954,0.160301462,0.8308428525924683,0.2690058479532163,337.0522766113281,50576.10938,-0.44755006,0.3941054292444005,0.001889969,0.1290410906076431
223.408,2014,1/1/2014,4,31.451893,-81.365892,0.112774825,0.160301462,0.8308428525924683,0.2690058479532163,340.9689025878906,50576.10938,-0.376211972,0.3720685649680046,0.015301228,0.095616437
143.728,2015,1/1/2015,4,31.451893,-81.365892,0.1008249312557286,0.160301462,0.8308428525924683,0.2690058479532163,316.7209777832031,50576.10938,-0.393612051,0.3645987272672445,0.001001365,-0.04136987
265.984,2016,1/1/2016,4,31.451893,-81.365892,0.120200251,0.160301462,0.8308428525924683,0.2690058479532163,333.89434814453125,50576.10938,-0.374193495,0.3412150567506645,0.016972927,-0.381780803
183.536,2017,1/1/2017,4,31.451893,-81.365892,0.092197083,0.160301462,0.8308428525924683,0.2690058479532163,326.0563049316406,50576.10938,-0.373061232,0.3474529532711014,0.03422821,-0.10356164
3.232,2018,1/1/2018,4,31.451893,-81.365892,0.082516896,0.160301462,0.8308428525924683,0.2690058479532163,331.7283630371094,50576.10938,-0.407477635,0.3067995970783885,0.019134304,0.052191783
77.456,2019,1/1/2019,4,31.451893,-81.365892,0.1014510142189261,0.160301462,0.8308428525924683,0.2690058479532163,321.1886901855469,50576.10938,-0.402894423,0.3612250461598559,0.039640083,-0.38183099
495.568,2020,1/1/2020,4,31.451893,-81.365892,0.1291930513508981,0.160301462,0.8308428525924683,0.2690058479532163,309.5597839355469,50576.10938,-0.400758503,0.3617237450406174,0.00035118,-0.204571426
117.76,2021,1/1/2021,4,31.451893,-81.365892,0.1107846793685225,0.160301462,0.8308428525924683,0.2690058479532163,333.27227783203125,50576.10938,-0.327829855,0.369836964,0.012126846,-0.040958904
377.456,2022,1/1/2022,4,31.451893,-81.365892,0.142618551,0.160301462,0.8308428525924683,0.2690058479532163,342.9693603515625,50576.10938,-0.334991894,0.3453688046853191,0.004669811,-0.332328767
96.848,2001,1/1/2001,4,31.451995,-81.365795,0.100281946,0.2160797864198684,0.8063629269599915,0.1417769376181474,347.8584899902344,50576.10938,-0.468765561,0.4203299263723631,-0.00088351,-0.214520544
0,2002,1/1/2002,4,31.451995,-81.365795,0.1192421008193505,0.2160797864198684,0.8063629269599915,0.1417769376181474,310.4800109863281,50576.10938,-0.468707679,0.3613578009276494,0.062911499,0.1313698589801788
282.384,2004,1/1/2004,4,31.451995,-81.365795,0.1523878284117374,0.2160797864198684,0.8063629269599915,0.1417769376181474,323.2847900390625,50576.10938,-0.425805931,0.5659771958975542,-0.042411984,-0.150684923
550.416,2005,1/1/2005,4,31.451995,-81.365795,0.1368199371718153,0.2160797864198684,0.8063629269599915,0.1417769376181474,333.6932678222656,50576.10938,-0.485922402,0.4412495887671998,0.057225942,0.3513698577880859
244.928,2006,1/1/2006,4,31.451995,-81.365795,0.099435328,0.2160797864198684,0.8063629269599915,0.1417769376181474,354.28717041015625,50576.10938,-0.386095727,0.3734402557868155,0.024306243,-0.318219185
210.416,2008,1/1/2008,4,31.451995,-81.365795,0.083124839,0.2160797864198684,0.8063629269599915,0.1417769376181474,335.3693542480469,50576.10938,-0.511188116,0.3065703602201732,-0.005678128,-0.194109589
263.888,2009,1/1/2009,4,31.451995,-81.365795,0.1001155564777815,0.2160797864198684,0.8063629269599915,0.1417769376181474,330.0466309,50576.10938,-0.438694117,0.3777327861618671,0.04495356,0.1002739667892456
168.416,2010,1/1/2010,4,31.451995,-81.365795,0.1165043242921969,0.2160797864198684,0.8063629269599915,0.1417769376181474,347.1078186035156,50576.10938,-0.469258611,0.4040137739269907,0.079752885,-0.531643808
133.616,2011,1/1/2011,4,31.451995,-81.365795,0.086793408,0.2160797864198684,0.8063629269599915,0.1417769376181474,351.8902282714844,50576.10938,-0.477174591,0.3438531520559846,0.076954049,-0.379589051
151.136,2012,1/1/2012,4,31.451995,-81.365795,0.087793891,0.2160797864198684,0.8063629269599915,0.1417769376181474,324.5878295898437,50576.10938,-0.395856949,0.3114412927515901,0.074776909,-0.280547947
254.592,2013,1/1/2013,4,31.451995,-81.365795,0.1115495147460663,0.2160797864198684,0.8063629269599915,0.1417769376181474,337.0522766113281,50576.10938,-0.447181338,0.3784522050423535,0.037433343,0.1290410906076431
426.128,2014,1/1/2014,4,31.451995,-81.365795,0.1323136794794779,0.2160797864198684,0.8063629269599915,0.1417769376181474,340.9689025878906,50576.10938,-0.41314143,0.4137214341210171,0.031314134,0.095616437
226.576,2015,1/1/2015,4,31.451995,-81.365795,0.123518071,0.2160797864198684,0.8063629269599915,0.1417769376181474,316.7209777832031,50576.10938,-0.399204296,0.3929501552859904,0.01318719,-0.04136987
308.336,2016,1/1/2016,4,31.451995,-81.365795,0.1392653151933461,0.2160797864198684,0.8063629269599915,0.1417769376181474,333.89434814453125,50576.10938,-0.36366501,0.3687202782220675,0.041267402,-0.381780803
168.624,2017,1/1/2017,4,31.451995,-81.365795,0.1242231604559455,0.2160797864198684,0.8063629269599915,0.1417769376181474,326.0563049316406,50576.10938,-0.415958829,0.3977067146550857,0.032978248,-0.10356164
5.776,2018,1/1/2018,4,31.451995,-81.365795,0.094172254,0.2160797864198684,0.8063629269599915,0.1417769376181474,331.7283630371094,50576.10938,-0.405180446,0.3183110948830502,0.035159536,0.052191783
524.672,2020,1/1/2020,4,31.451995,-81.365795,0.1448281790183636,0.2160797864198684,0.8063629269599915,0.1417769376181474,309.5597839355469,50576.10938,-0.441411036,0.441346983,0.003359599,-0.204571426
248.736,2021,1/1/2021,4,31.451995,-81.365795,0.1329452304399373,0.2160797864198684,0.8063629269599915,0.1417769376181474,333.27227783203125,50576.10938,-0.349585358,0.4233175398027129,0.023839293,-0.040958904
167.12,2022,1/1/2022,4,31.451995,-81.365795,0.1604909475512944,0.2160797864198684,0.8063629269599915,0.1417769376181474,342.9693603515625,50576.10938,-0.357224747,0.4525933087186552,0.052936343,-0.332328767
333.328,2019,1/1/2019,4,31.451995000000004,-81.365795,0.1064957916193723,0.2160797864198684,0.8063629269599915,0.1417769376181474,321.1886901855469,50576.10938,-0.438174755,0.3630310852863196,0.064332784,-0.38183099
217.728,2002,1/1/2002,4,31.452099,-81.3657,0.1192421008193505,0.982119322,0.7821935415267944,0.1417769376181474,310.4800109863281,50576.10938,-0.468707679,0.3613578009276494,0.062911499,0.1313698589801788
293.2,2004,1/1/2004,4,31.452099,-81.3657,0.1523878284117374,0.982119322,0.7821935415267944,0.1417769376181474,323.2847900390625,50576.10938,-0.425805931,0.5659771958975542,-0.042411984,-0.150684923
398.544,2005,1/1/2005,4,31.452099,-81.3657,0.1368199371718153,0.982119322,0.7821935415267944,0.1417769376181474,333.6932678222656,50576.10938,-0.485922402,0.4412495887671998,0.057225942,0.3513698577880859
148.24,2006,1/1/2006,4,31.452099,-81.3657,0.099435328,0.982119322,0.7821935415267944,0.1417769376181474,354.28717041015625,50576.10938,-0.386095727,0.3734402557868155,0.024306243,-0.318219185
287.728,2008,1/1/2008,4,31.452099,-81.3657,0.083124839,0.982119322,0.7821935415267944,0.1417769376181474,335.3693542480469,50576.10938,-0.511188116,0.3065703602201732,-0.005678128,-0.194109589
109.376,2009,1/1/2009,4,31.452099,-81.3657,0.1001155564777815,0.982119322,0.7821935415267944,0.1417769376181474,330.0466309,50576.10938,-0.438694117,0.3777327861618671,0.04495356,0.1002739667892456
128.544,2010,1/1/2010,4,31.452099,-81.3657,0.1165043242921969,0.982119322,0.7821935415267944,0.1417769376181474,347.1078186035156,50576.10938,-0.469258611,0.4040137739269907,0.079752885,-0.531643808
76.19200000000001,2011,1/1/2011,4,31.452099,-81.3657,0.086793408,0.982119322,0.7821935415267944,0.1417769376181474,351.8902282714844,50576.10938,-0.477174591,0.3438531520559846,0.076954049,-0.379589051
56.8,2012,1/1/2012,4,31.452099,-81.3657,0.087793891,0.982119322,0.7821935415267944,0.1417769376181474,324.5878295898437,50576.10938,-0.395856949,0.3114412927515901,0.074776909,-0.280547947
550.288,2014,1/1/2014,4,31.452099,-81.3657,0.1323136794794779,0.982119322,0.7821935415267944,0.1417769376181474,340.9689025878906,50576.10938,-0.41314143,0.4137214341210171,0.031314134,0.095616437
331.984,2017,1/1/2017,4,31.452099,-81.3657,0.1242231604559455,0.982119322,0.7821935415267944,0.1417769376181474,326.0563049316406,50576.10938,-0.415958829,0.3977067146550857,0.032978248,-0.10356164
43.392,2018,1/1/2018,4,31.452099,-81.3657,0.094172254,0.982119322,0.7821935415267944,0.1417769376181474,331.7283630371094,50576.10938,-0.405180446,0.3183110948830502,0.035159536,0.052191783
256.672,2021,1/1/2021,4,31.452099,-81.3657,0.1329452304399373,0.982119322,0.7821935415267944,0.1417769376181474,333.27227783203125,50576.10938,-0.349585358,0.4233175398027129,0.023839293,-0.040958904
350.86400000000003,2022,1/1/2022,4,31.452099,-81.3657,0.1604909475512944,0.982119322,0.7821935415267944,0.1417769376181474,342.9693603515625,50576.10938,-0.357224747,0.4525933087186552,0.052936343,-0.332328767
38.128,2001,1/1/2001,4,31.452099,-81.3657,0.100281946,0.982119322,0.7821935415267944,0.1417769376181474,347.8584899902344,50576.10938,-0.468765561,0.4203299263723631,-0.00088351,-0.214520544
205.696,2013,1/1/2013,4,31.452099,-81.3657,0.1115495147460663,0.982119322,0.7821935415267944,0.1417769376181474,337.0522766113281,50576.10938,-0.447181338,0.3784522050423535,0.037433343,0.1290410906076431
275.024,2016,1/1/2016,4,31.452099,-81.3657,0.1392653151933461,0.982119322,0.7821935415267944,0.1417769376181474,333.89434814453125,50576.10938,-0.36366501,0.3687202782220675,0.041267402,-0.381780803
301.632,2019,1/1/2019,4,31.452099,-81.3657,0.1064957916193723,0.982119322,0.7821935415267944,0.1417769376181474,321.1886901855469,50576.10938,-0.438174755,0.3630310852863196,0.064332784,-0.38183099
332.672,2020,1/1/2020,4,31.452099,-81.3657,0.1448281790183636,0.982119322,0.7821935415267944,0.1417769376181474,309.5597839355469,50576.10938,-0.441411036,0.441346983,0.003359599,-0.204571426
350.72,2015,1/1/2015,4,31.452099000000004,-81.3657,0.123518071,0.982119322,0.7821935415267944,0.1417769376181474,316.7209777832031,50576.10938,-0.399204296,0.3929501552859904,0.01318719,-0.04136987
291.616,2004,1/1/2004,4,31.452231999999995,-81.36562,0.1078539800764928,0.9649185538291932,0.6413861513137817,0.4227353463587922,323.2847900390625,50576.10938,-0.488798007,0.4852180206260184,0.02165447,-0.150684923
344.944,2007,1/1/2007,4,31.452231999999995,-81.36562,0.1277100212906182,0.9649185538291932,0.6413861513137817,0.4227353463587922,320.75152587890625,50576.10938,-0.475165066,0.3584901244299128,0.044891713,-0.302602738
583.12,2016,1/1/2016,4,31.452231999999995,-81.36562,0.097313519,0.9649185538291932,0.6413861513137817,0.4227353463587922,333.89434814453125,50576.10938,-0.358376681,0.2953861997056523,0.022273765,-0.381780803
261.536,2000,1/1/2000,4,31.452232,-81.36562,0.077502921,0.9649185538291932,0.6413861513137817,0.4227353463587922,342.13043212890625,50576.10938,-0.447208757,0.3043759030187437,0.020001837,-0.370684922
906.496,2002,1/1/2002,4,31.452232,-81.36562,0.1015667900731582,0.9649185538291932,0.6413861513137817,0.4227353463587922,310.4800109863281,50576.10938,-0.443030161,0.282177099,0.008316465,0.1313698589801788
981.696,2005,1/1/2005,4,31.452232,-81.36562,0.1220327487646546,0.9649185538291932,0.6413861513137817,0.4227353463587922,333.6932678222656,50576.10938,-0.484231919,0.4234714497445093,0.021400778,0.3513698577880859
239.008,2006,1/1/2006,4,31.452232,-81.36562,0.089469842,0.9649185538291932,0.6413861513137817,0.4227353463587922,354.28717041015625,50576.10938,-0.372721691,0.3163503480033374,0.005639536,-0.318219185
209.456,2010,1/1/2010,4,31.452232,-81.36562,0.090730597,0.9649185538291932,0.6413861513137817,0.4227353463587922,347.1078186035156,50576.10938,-0.450727674,0.2990327739050791,0.032604829,-0.531643808
325.84,2012,1/1/2012,4,31.452232,-81.36562,0.069439049,0.9649185538291932,0.6413861513137817,0.4227353463587922,324.5878295898437,50576.10938,-0.389142712,0.2963906078820355,0.023936228,-0.280547947
975.84,2013,1/1/2013,4,31.452232,-81.36562,0.120145148,0.9649185538291932,0.6413861513137817,0.4227353463587922,337.0522766113281,50576.10938,-0.425101418,0.3945911651002354,0.01042654,0.1290410906076431
309.888,2014,1/1/2014,4,31.452232,-81.36562,0.1074052931565259,0.9649185538291932,0.6413861513137817,0.4227353463587922,340.9689025878906,50576.10938,-0.362321758,0.3307827765594863,0.011498942,0.095616437
272.416,2015,1/1/2015,4,31.452232,-81.36562,0.080803045,0.9649185538291932,0.6413861513137817,0.4227353463587922,316.7209777832031,50576.10938,-0.37896353,0.3209932411719202,0.000720886,-0.04136987
442.08,2017,1/1/2017,4,31.452232,-81.36562,0.082315007,0.9649185538291932,0.6413861513137817,0.4227353463587922,326.0563049316406,50576.10938,-0.389461859,0.3026200982486084,0.011737208,-0.10356164
282.64,2018,1/1/2018,4,31.452232,-81.36562,0.089836449,0.9649185538291932,0.6413861513137817,0.4227353463587922,331.7283630371094,50576.10938,-0.390438642,0.3354204792802667,0.012990519,0.052191783
412.24,2019,1/1/2019,4,31.452232,-81.36562,0.1395668662639816,0.9649185538291932,0.6413861513137817,0.4227353463587922,321.1886901855469,50576.10938,-0.389974749,0.307669863,0.019894735,-0.38183099
896.192,2020,1/1/2020,4,31.452232,-81.36562,0.089747827,0.9649185538291932,0.6413861513137817,0.4227353463587922,309.5597839355469,50576.10938,-0.369834234,0.3471539798926611,-0.003522129,-0.204571426
125.616,2021,1/1/2021,4,31.452232,-81.36562,0.1026516473299168,0.9649185538291932,0.6413861513137817,0.4227353463587922,333.27227783203125,50576.10938,-0.336056962,0.3439292662028989,0.007595142,-0.040958904
238.544,2022,1/1/2022,4,31.452232,-81.36562,0.1097155664805876,0.9649185538291932,0.6413861513137817,0.4227353463587922,342.9693603515625,50576.10938,-0.338528825,0.3374257494029009,0.008218155,-0.332328767
121.456,2006,1/1/2006,4,31.452362999999995,-81.365555,0.089469842,0.7371493577957153,0.5079806447029114,0.4227353463587922,354.28717041015625,50576.10938,-0.372721691,0.3163503480033374,0.005639536,-0.318219185
438.224,2022,1/1/2022,4,31.452362999999995,-81.365555,0.1097155664805876,0.7371493577957153,0.5079806447029114,0.4227353463587922,342.9693603515625,50576.10938,-0.338528825,0.3374257494029009,0.008218155,-0.332328767
314.992,2000,1/1/2000,4,31.452363,-81.365555,0.077502921,0.7371493577957153,0.5079806447029114,0.4227353463587922,342.13043212890625,50576.10938,-0.447208757,0.3043759030187437,0.020001837,-0.370684922
407.072,2002,1/1/2002,4,31.452363,-81.365555,0.1015667900731582,0.7371493577957153,0.5079806447029114,0.4227353463587922,310.4800109863281,50576.10938,-0.443030161,0.282177099,0.008316465,0.1313698589801788
254.72,2004,1/1/2004,4,31.452363,-81.365555,0.1078539800764928,0.7371493577957153,0.5079806447029114,0.4227353463587922,323.2847900390625,50576.10938,-0.488798007,0.4852180206260184,0.02165447,-0.150684923
38.32,2007,1/1/2007,4,31.452363,-81.365555,0.1277100212906182,0.7371493577957153,0.5079806447029114,0.4227353463587922,320.75152587890625,50576.10938,-0.475165066,0.3584901244299128,0.044891713,-0.302602738
314.688,2010,1/1/2010,4,31.452363,-81.365555,0.090730597,0.7371493577957153,0.5079806447029114,0.4227353463587922,347.1078186035156,50576.10938,-0.450727674,0.2990327739050791,0.032604829,-0.531643808
199.456,2012,1/1/2012,4,31.452363,-81.365555,0.069439049,0.7371493577957153,0.5079806447029114,0.4227353463587922,324.5878295898437,50576.10938,-0.389142712,0.2963906078820355,0.023936228,-0.280547947
395.184,2013,1/1/2013,4,31.452363,-81.365555,0.120145148,0.7371493577957153,0.5079806447029114,0.4227353463587922,337.0522766113281,50576.10938,-0.425101418,0.3945911651002354,0.01042654,0.1290410906076431
419.2960000000001,2014,1/1/2014,4,31.452363,-81.365555,0.1074052931565259,0.7371493577957153,0.5079806447029114,0.4227353463587922,340.9689025878906,50576.10938,-0.362321758,0.3307827765594863,0.011498942,0.095616437
274.976,2015,1/1/2015,4,31.452363,-81.365555,0.080803045,0.7371493577957153,0.5079806447029114,0.4227353463587922,316.7209777832031,50576.10938,-0.37896353,0.3209932411719202,0.000720886,-0.04136987
164.73600000000002,2016,1/1/2016,4,31.452363,-81.365555,0.097313519,0.7371493577957153,0.5079806447029114,0.4227353463587922,333.89434814453125,50576.10938,-0.358376681,0.2953861997056523,0.022273765,-0.381780803
373.536,2017,1/1/2017,4,31.452363,-81.365555,0.082315007,0.7371493577957153,0.5079806447029114,0.4227353463587922,326.0563049316406,50576.10938,-0.389461859,0.3026200982486084,0.011737208,-0.10356164
234.656,2018,1/1/2018,4,31.452363,-81.365555,0.089836449,0.7371493577957153,0.5079806447029114,0.4227353463587922,331.7283630371094,50576.10938,-0.390438642,0.3354204792802667,0.012990519,0.052191783
271.104,2019,1/1/2019,4,31.452363,-81.365555,0.1395668662639816,0.7371493577957153,0.5079806447029114,0.4227353463587922,321.1886901855469,50576.10938,-0.389974749,0.307669863,0.019894735,-0.38183099
441.568,2020,1/1/2020,4,31.452363,-81.365555,0.089747827,0.7371493577957153,0.5079806447029114,0.4227353463587922,309.5597839355469,50576.10938,-0.369834234,0.3471539798926611,-0.003522129,-0.204571426
73.968,2021,1/1/2021,4,31.452363,-81.365555,0.1026516473299168,0.7371493577957153,0.5079806447029114,0.4227353463587922,333.27227783203125,50576.10938,-0.336056962,0.3439292662028989,0.007595142,-0.040958904
583.712,2005,1/1/2005,4,31.452363,-81.365555,0.1220327487646546,0.7371493577957153,0.5079806447029114,0.4227353463587922,333.6932678222656,50576.10938,-0.484231919,0.4234714497445093,0.021400778,0.3513698577880859
299.104,2000,1/1/2000,4,31.452485,-81.365513,0.076935227,0.7112842798233032,0.5490796566009521,0.2428842504743833,342.13043212890625,50576.10938,-0.401879629,0.3290847937688086,-0.04282858,-0.370684922
209.792,2001,1/1/2001,4,31.452485,-81.365513,0.085557195,0.7112842798233032,0.5490796566009521,0.2428842504743833,347.8584899902344,50576.10938,-0.401857069,0.3359301673349642,0.064960108,-0.214520544
423.648,2005,1/1/2005,4,31.452485,-81.365513,0.1299904024540673,0.7112842798233032,0.5490796566009521,0.2428842504743833,333.6932678222656,50576.10938,-0.515401388,0.4730012528011502,0.021400778,0.3513698577880859
85.952,2007,1/1/2007,4,31.452485,-81.365513,0.1029652351052391,0.7112842798233032,0.5490796566009521,0.2428842504743833,320.75152587890625,50576.10938,-0.472000502,0.3197315556752631,-0.003434548,-0.302602738
394.496,2009,1/1/2009,4,31.452485,-81.365513,0.073140785,0.7112842798233032,0.5490796566009521,0.2428842504743833,330.0466309,50576.10938,-0.412003528,0.321539252,0.002531296,0.1002739667892456
538.464,2010,1/1/2010,4,31.452485,-81.365513,0.1033406947803836,0.7112842798233032,0.5490796566009521,0.2428842504743833,347.1078186035156,50576.10938,-0.466079981,0.3636688703023334,0.04989012,-0.531643808
345.92,2012,1/1/2012,4,31.452485,-81.365513,0.092790131,0.7112842798233032,0.5490796566009521,0.2428842504743833,324.5878295898437,50576.10938,-0.438006064,0.3980368654637344,-0.007053543,-0.280547947
766.128,2013,1/1/2013,4,31.452485,-81.365513,0.1367332917924873,0.7112842798233032,0.5490796566009521,0.2428842504743833,337.0522766113281,50576.10938,-0.420410567,0.3921979009670691,0.025300064,0.1290410906076431
299.6,2014,1/1/2014,4,31.452485,-81.365513,0.1227249052605111,0.7112842798233032,0.5490796566009521,0.2428842504743833,340.9689025878906,50576.10938,-0.382320459,0.36975267,0.016408676,0.095616437
41.040000000000006,2015,1/1/2015,4,31.452485,-81.365513,0.089888978,0.7112842798233032,0.5490796566009521,0.2428842504743833,316.7209777832031,50576.10938,-0.384833472,0.3375593857032372,0.003134384,-0.04136987
624.256,2017,1/1/2017,4,31.452485,-81.365513,0.097513892,0.7112842798233032,0.5490796566009521,0.2428842504743833,326.0563049316406,50576.10938,-0.392557469,0.3339948129892412,0.041343832,-0.10356164
349.712,2018,1/1/2018,4,31.452485,-81.365513,0.092754513,0.7112842798233032,0.5490796566009521,0.2428842504743833,331.7283630371094,50576.10938,-0.403264826,0.356092257,0.028038366,0.052191783
131.568,2020,1/1/2020,4,31.452485,-81.365513,0.1245565902596788,0.7112842798233032,0.5490796566009521,0.2428842504743833,309.5597839355469,50576.10938,-0.388395692,0.4518457798395306,-0.002396862,-0.204571426
427.136,2022,1/1/2022,4,31.452485,-81.365513,0.1700369716478239,0.7112842798233032,0.5490796566009521,0.2428842504743833,342.9693603515625,50576.10938,-0.360207037,0.3891739855921022,0.043468974,-0.332328767
161.232,2008,1/1/2008,4,31.452485,-81.365513,0.07481887,0.7112842798233032,0.5490796566009521,0.2428842504743833,335.3693542480469,50576.10938,-0.488751428,0.2857126532664465,-0.018946065,-0.194109589
131.024,2011,1/1/2011,4,31.452485,-81.365513,0.1039269694446787,0.7112842798233032,0.5490796566009521,0.2428842504743833,351.8902282714844,50576.10938,-0.436605422,0.3531454013545765,0.1304913059964239,-0.379589051
860.416,2002,1/1/2002,4,31.452485000000003,-81.365513,0.1088940424420651,0.7112842798233032,0.5490796566009521,0.2428842504743833,310.4800109863281,50576.10938,-0.415628647,0.3095121537140103,0.035341542,0.1313698589801788
331.376,2004,1/1/2004,4,31.452485000000003,-81.365513,0.1267478571046163,0.7112842798233032,0.5490796566009521,0.2428842504743833,323.2847900390625,50576.10938,-0.49746884,0.4748096257477281,0.024944839,-0.150684923
142.592,2006,1/1/2006,4,31.452485000000003,-81.365513,0.097265289,0.7112842798233032,0.5490796566009521,0.2428842504743833,354.28717041015625,50576.10938,-0.40540883,0.3489006616493488,-0.004398088,-0.318219185
156.06400000000002,2016,1/1/2016,4,31.452485000000003,-81.365513,0.1047847440916865,0.7112842798233032,0.5490796566009521,0.2428842504743833,333.89434814453125,50576.10938,-0.382805944,0.3070001742838217,0.020560748,-0.381780803
75.28,2019,1/1/2019,4,31.452485000000003,-81.365513,0.2069868638313257,0.7112842798233032,0.5490796566009521,0.2428842504743833,321.1886901855469,50576.10938,-0.401223761,0.3577798677165546,0.021617536,-0.38183099
212.96,2021,1/1/2021,4,31.452485000000003,-81.365513,0.1288543652726599,0.7112842798233032,0.5490796566009521,0.2428842504743833,333.27227783203125,50576.10938,-0.365197601,0.4142647369368508,0.007250285,-0.040958904
123.776,2015,1/1/2015,4,31.452632,-81.365523,0.089888978,0.7232107520103455,0.6030954122543335,0.2428842504743833,316.7209777832031,50576.10938,-0.384833472,0.3375593857032372,0.003134384,-0.04136987
315.84,2018,1/1/2018,4,31.452632,-81.365523,0.092754513,0.7232107520103455,0.6030954122543335,0.2428842504743833,331.7283630371094,50576.10938,-0.403264826,0.356092257,0.028038366,0.052191783
301.056,2019,1/1/2019,4,31.452632,-81.365523,0.2069868638313257,0.7232107520103455,0.6030954122543335,0.2428842504743833,321.1886901855469,50576.10938,-0.401223761,0.3577798677165546,0.021617536,-0.38183099
280.064,2000,1/1/2000,4,31.452632,-81.365523,0.076935227,0.7232107520103455,0.6030954122543335,0.2428842504743833,342.13043212890625,50576.10938,-0.401879629,0.3290847937688086,-0.04282858,-0.370684922
36.032,2001,1/1/2001,4,31.452632,-81.365523,0.085557195,0.7232107520103455,0.6030954122543335,0.2428842504743833,347.8584899902344,50576.10938,-0.401857069,0.3359301673349642,0.064960108,-0.214520544
174.272,2002,1/1/2002,4,31.452632,-81.365523,0.1088940424420651,0.7232107520103455,0.6030954122543335,0.2428842504743833,310.4800109863281,50576.10938,-0.415628647,0.3095121537140103,0.035341542,0.1313698589801788
316,2004,1/1/2004,4,31.452632,-81.365523,0.1267478571046163,0.7232107520103455,0.6030954122543335,0.2428842504743833,323.2847900390625,50576.10938,-0.49746884,0.4748096257477281,0.024944839,-0.150684923
290.40000000000003,2006,1/1/2006,4,31.452632,-81.365523,0.097265289,0.7232107520103455,0.6030954122543335,0.2428842504743833,354.28717041015625,50576.10938,-0.40540883,0.3489006616493488,-0.004398088,-0.318219185
65.232,2007,1/1/2007,4,31.452632,-81.365523,0.1029652351052391,0.7232107520103455,0.6030954122543335,0.2428842504743833,320.75152587890625,50576.10938,-0.472000502,0.3197315556752631,-0.003434548,-0.302602738
47.424,2008,1/1/2008,4,31.452632,-81.365523,0.07481887,0.7232107520103455,0.6030954122543335,0.2428842504743833,335.3693542480469,50576.10938,-0.488751428,0.2857126532664465,-0.018946065,-0.194109589
352.72,2009,1/1/2009,4,31.452632,-81.365523,0.073140785,0.7232107520103455,0.6030954122543335,0.2428842504743833,330.0466309,50576.10938,-0.412003528,0.321539252,0.002531296,0.1002739667892456
269.504,2010,1/1/2010,4,31.452632,-81.365523,0.1033406947803836,0.7232107520103455,0.6030954122543335,0.2428842504743833,347.1078186035156,50576.10938,-0.466079981,0.3636688703023334,0.04989012,-0.531643808
85.21600000000001,2011,1/1/2011,4,31.452632,-81.365523,0.1039269694446787,0.7232107520103455,0.6030954122543335,0.2428842504743833,351.8902282714844,50576.10938,-0.436605422,0.3531454013545765,0.1304913059964239,-0.379589051
315.824,2014,1/1/2014,4,31.452632,-81.365523,0.1227249052605111,0.7232107520103455,0.6030954122543335,0.2428842504743833,340.9689025878906,50576.10938,-0.382320459,0.36975267,0.016408676,0.095616437
70.48,2016,1/1/2016,4,31.452632,-81.365523,0.1047847440916865,0.7232107520103455,0.6030954122543335,0.2428842504743833,333.89434814453125,50576.10938,-0.382805944,0.3070001742838217,0.020560748,-0.381780803
57.056,2017,1/1/2017,4,31.452632,-81.365523,0.097513892,0.7232107520103455,0.6030954122543335,0.2428842504743833,326.0563049316406,50576.10938,-0.392557469,0.3339948129892412,0.041343832,-0.10356164
339.744,2020,1/1/2020,4,31.452632,-81.365523,0.1245565902596788,0.7232107520103455,0.6030954122543335,0.2428842504743833,309.5597839355469,50576.10938,-0.388395692,0.4518457798395306,-0.002396862,-0.204571426
209.52,2021,1/1/2021,4,31.452632,-81.365523,0.1288543652726599,0.7232107520103455,0.6030954122543335,0.2428842504743833,333.27227783203125,50576.10938,-0.365197601,0.4142647369368508,0.007250285,-0.040958904
207.072,2022,1/1/2022,4,31.452632,-81.365523,0.1700369716478239,0.7232107520103455,0.6030954122543335,0.2428842504743833,342.9693603515625,50576.10938,-0.360207037,0.3891739855921022,0.043468974,-0.332328767
355.824,2005,1/1/2005,4,31.452632000000005,-81.365523,0.1299904024540673,0.7232107520103455,0.6030954122543335,0.2428842504743833,333.6932678222656,50576.10938,-0.515401388,0.4730012528011502,0.021400778,0.3513698577880859
300.35200000000003,2012,1/1/2012,4,31.452632000000005,-81.365523,0.092790131,0.7232107520103455,0.6030954122543335,0.2428842504743833,324.5878295898437,50576.10938,-0.438006064,0.3980368654637344,-0.007053543,-0.280547947
513.376,2013,1/1/2013,4,31.452632000000005,-81.365523,0.1367332917924873,0.7232107520103455,0.6030954122543335,0.2428842504743833,337.0522766113281,50576.10938,-0.420410567,0.3921979009670691,0.025300064,0.1290410906076431
617.936,2000,1/1/2000,10,31.476455,-81.270726,0.077317156,2.1309468746185303,0.5736302733421326,0.4175588865096359,337.4842529296875,50593.10938,-0.435887199,0.3488164458516419,-0.025882353,-0.360958904
559.828,2001,1/1/2001,10,31.476455,-81.270726,0.086281584,2.1309468746185303,0.5736302733421326,0.4175588865096359,343.0688171386719,50593.10938,-0.469584148,0.3655540407816242,-0.076732726,-0.234794512
390.444,2004,1/1/2004,10,31.476455,-81.270726,0.094597034,2.1309468746185303,0.5736302733421326,0.4175588865096359,320.01348876953125,50593.10938,-0.45835645,0.2647757520249574,-0.020345899,-0.147397265
1310.576,2005,1/1/2005,10,31.476455,-81.270726,0.1195935278411143,2.1309468746185303,0.5736302733421326,0.4175588865096359,330.7314147949219,50593.10938,-0.476742421,0.4575543770767536,-0.025717997,0.3586301207542419
928.708,2007,1/1/2007,10,31.476455,-81.270726,0.096640577,2.1309468746185303,0.5736302733421326,0.4175588865096359,315.2513122558594,50593.10938,-0.45953211,0.4505738743900963,-0.040648468,-0.269315064
646.496,2009,1/1/2009,10,31.476455,-81.270726,0.082200903,2.1309468746185303,0.5736302733421326,0.4175588865096359,325.9376220703125,50593.10938,-0.466352316,0.338842495,-0.021845879,0.1283561587333679
442.068,2010,1/1/2010,10,31.476455,-81.270726,0.07889072,2.1309468746185303,0.5736302733421326,0.4175588865096359,337.9453125,50593.10938,-0.418805453,0.3537568317088606,-0.046082398,-0.623013675
988.404,2013,1/1/2013,10,31.476455,-81.270726,0.1325261437589236,2.1309468746185303,0.5736302733421326,0.4175588865096359,334.1460876464844,50593.10938,-0.502855806,0.4670724590646526,-0.070535692,0.1226027384400367
519.604,2014,1/1/2014,10,31.476455,-81.270726,0.1091353032037842,2.1309468746185303,0.5736302733421326,0.4175588865096359,337.7575988769531,50593.10938,-0.393995677,0.3560023296264083,-0.013350988,0.049041096
709.404,2015,1/1/2015,10,31.476455,-81.270726,0.097800148,2.1309468746185303,0.5736302733421326,0.4175588865096359,310.17413330078125,50593.10938,-0.482704814,0.4021919322158785,-0.009751441,0.005205478
236.768,2016,1/1/2016,10,31.476455,-81.270726,0.1155942537761561,2.1309468746185303,0.5736302733421326,0.4175588865096359,333.7518615722656,50593.10938,-0.413500835,0.3650381454369255,-0.028272087,-0.369726002
524.432,2017,1/1/2017,10,31.476455,-81.270726,0.095994045,2.1309468746185303,0.5736302733421326,0.4175588865096359,329.4046630859375,50593.10938,-0.412277992,0.3727886553278421,-0.011982121,-0.163013697
494.688,2018,1/1/2018,10,31.476455,-81.270726,0.0911432,2.1309468746185303,0.5736302733421326,0.4175588865096359,331.2064208984375,50593.10938,-0.397455575,0.3653205386692331,-0.008040367,0.059315067
430.46,2019,1/1/2019,10,31.476455,-81.270726,0.098895007,2.1309468746185303,0.5736302733421326,0.4175588865096359,321.93487548828125,50593.10938,-0.450940784,0.3633892146301823,-0.020263445,-0.334084511
931.516,2020,1/1/2020,10,31.476455,-81.270726,0.1009452788219183,2.1309468746185303,0.5736302733421326,0.4175588865096359,306.84771728515625,50593.10938,-0.427622816,0.3692611056431847,-0.019655829,-0.118999995
331.068,2021,1/1/2021,10,31.476455,-81.270726,0.093292276,2.1309468746185303,0.5736302733421326,0.4175588865096359,330.1796875,50593.10938,-0.391352186,0.3347224684899323,-0.005542027,0.1102739721536636
658.476,2022,1/1/2022,10,31.476455,-81.270726,0.095871026,2.1309468746185303,0.5736302733421326,0.4175588865096359,339.5375977,50593.10938,-0.417755469,0.3480746349267191,-0.024261138,-0.246301368
360.996,2006,1/1/2006,10,31.476455000000005,-81.270726,0.093236168,2.1309468746185303,0.5736302733421326,0.4175588865096359,349.9216309,50593.10938,-0.413226822,0.3851728955640932,-0.038552572,-0.310958892
339.868,2008,1/1/2008,10,31.476455000000005,-81.270726,0.08697357,2.1309468746185303,0.5736302733421326,0.4175588865096359,327.9345703,50593.10938,-0.458125688,0.3675792157338845,-0.036127301,-0.181506857
660.236,2013,1/1/2013,10,31.476503999999995,-81.270852,0.1325261437589236,1.953154444694519,0.143265426,0.4175588865096359,334.1460876464844,50593.10938,-0.502855806,0.4670724590646526,-0.070535692,0.1226027384400367
137.89600000000002,2014,1/1/2014,10,31.476503999999995,-81.270852,0.1091353032037842,1.953154444694519,0.143265426,0.4175588865096359,337.7575988769531,50593.10938,-0.393995677,0.3560023296264083,-0.013350988,0.049041096
763.656,2000,1/1/2000,10,31.476504,-81.270852,0.077317156,1.953154444694519,0.143265426,0.4175588865096359,337.4842529296875,50593.10938,-0.435887199,0.3488164458516419,-0.025882353,-0.360958904
530.504,2001,1/1/2001,10,31.476504,-81.270852,0.086281584,1.953154444694519,0.143265426,0.4175588865096359,343.0688171386719,50593.10938,-0.469584148,0.3655540407816242,-0.076732726,-0.234794512
360.076,2004,1/1/2004,10,31.476504,-81.270852,0.094597034,1.953154444694519,0.143265426,0.4175588865096359,320.01348876953125,50593.10938,-0.45835645,0.2647757520249574,-0.020345899,-0.147397265
813.348,2005,1/1/2005,10,31.476504,-81.270852,0.1195935278411143,1.953154444694519,0.143265426,0.4175588865096359,330.7314147949219,50593.10938,-0.476742421,0.4575543770767536,-0.025717997,0.3586301207542419
236.604,2006,1/1/2006,10,31.476504,-81.270852,0.093236168,1.953154444694519,0.143265426,0.4175588865096359,349.9216309,50593.10938,-0.413226822,0.3851728955640932,-0.038552572,-0.310958892
695.48,2007,1/1/2007,10,31.476504,-81.270852,0.096640577,1.953154444694519,0.143265426,0.4175588865096359,315.2513122558594,50593.10938,-0.45953211,0.4505738743900963,-0.040648468,-0.269315064
259.952,2008,1/1/2008,10,31.476504,-81.270852,0.08697357,1.953154444694519,0.143265426,0.4175588865096359,327.9345703,50593.10938,-0.458125688,0.3675792157338845,-0.036127301,-0.181506857
891.524,2009,1/1/2009,10,31.476504,-81.270852,0.082200903,1.953154444694519,0.143265426,0.4175588865096359,325.9376220703125,50593.10938,-0.466352316,0.338842495,-0.021845879,0.1283561587333679
582.76,2010,1/1/2010,10,31.476504,-81.270852,0.07889072,1.953154444694519,0.143265426,0.4175588865096359,337.9453125,50593.10938,-0.418805453,0.3537568317088606,-0.046082398,-0.623013675
1061.948,2015,1/1/2015,10,31.476504,-81.270852,0.097800148,1.953154444694519,0.143265426,0.4175588865096359,310.17413330078125,50593.10938,-0.482704814,0.4021919322158785,-0.009751441,0.005205478
515.268,2016,1/1/2016,10,31.476504,-81.270852,0.1155942537761561,1.953154444694519,0.143265426,0.4175588865096359,333.7518615722656,50593.10938,-0.413500835,0.3650381454369255,-0.028272087,-0.369726002
471.784,2017,1/1/2017,10,31.476504,-81.270852,0.095994045,1.953154444694519,0.143265426,0.4175588865096359,329.4046630859375,50593.10938,-0.412277992,0.3727886553278421,-0.011982121,-0.163013697
847,2018,1/1/2018,10,31.476504,-81.270852,0.0911432,1.953154444694519,0.143265426,0.4175588865096359,331.2064208984375,50593.10938,-0.397455575,0.3653205386692331,-0.008040367,0.059315067
472.68,2019,1/1/2019,10,31.476504,-81.270852,0.098895007,1.953154444694519,0.143265426,0.4175588865096359,321.93487548828125,50593.10938,-0.450940784,0.3633892146301823,-0.020263445,-0.334084511
613.708,2020,1/1/2020,10,31.476504,-81.270852,0.1009452788219183,1.953154444694519,0.143265426,0.4175588865096359,306.84771728515625,50593.10938,-0.427622816,0.3692611056431847,-0.019655829,-0.118999995
502.268,2021,1/1/2021,10,31.476504,-81.270852,0.093292276,1.953154444694519,0.143265426,0.4175588865096359,330.1796875,50593.10938,-0.391352186,0.3347224684899323,-0.005542027,0.1102739721536636
537.344,2022,1/1/2022,10,31.476504,-81.270852,0.095871026,1.953154444694519,0.143265426,0.4175588865096359,339.5375977,50593.10938,-0.417755469,0.3480746349267191,-0.024261138,-0.246301368
579.4399999999999,2000,1/1/2000,10,31.476595,-81.271039,0.1007170902851865,2.3016607761383057,0.9410191774368286,0.2878787878787879,337.4842529296875,50593.10938,-0.473240499,0.4059499703591945,-0.044708716,-0.360958904
562.208,2001,1/1/2001,10,31.476595,-81.271039,0.1079733355338753,2.3016607761383057,0.9410191774368286,0.2878787878787879,343.0688171386719,50593.10938,-0.470001123,0.3623097046679484,-0.033880095,-0.234794512
1219.468,2005,1/1/2005,10,31.476595,-81.271039,0.1221309270197406,2.3016607761383057,0.9410191774368286,0.2878787878787879,330.7314147949219,50593.10938,-0.481760544,0.487394815,0.010938347,0.3586301207542419
537.204,2007,1/1/2007,10,31.476595,-81.271039,0.1160348391418584,2.3016607761383057,0.9410191774368286,0.2878787878787879,315.2513122558594,50593.10938,-0.491579987,0.4020406528520549,-0.035018589,-0.269315064
162.456,2008,1/1/2008,10,31.476595,-81.271039,0.093665487,2.3016607761383057,0.9410191774368286,0.2878787878787879,327.9345703,50593.10938,-0.400737709,0.4250269872003559,-0.101603705,-0.181506857
927.392,2013,1/1/2013,10,31.476595,-81.271039,0.1639049672028105,2.3016607761383057,0.9410191774368286,0.2878787878787879,334.1460876464844,50593.10938,-0.52869214,0.4960201022711665,-0.040407347,0.1226027384400367
223.192,2014,1/1/2014,10,31.476595,-81.271039,0.1146459999438679,2.3016607761383057,0.9410191774368286,0.2878787878787879,337.7575988769531,50593.10938,-0.356928564,0.345929609,-0.01882049,0.049041096
374.92,2016,1/1/2016,10,31.476595,-81.271039,0.1197829836852302,2.3016607761383057,0.9410191774368286,0.2878787878787879,333.7518615722656,50593.10938,-0.396946193,0.3827014655254692,-0.024010746,-0.369726002
283.756,2017,1/1/2017,10,31.476595,-81.271039,0.1111167012293193,2.3016607761383057,0.9410191774368286,0.2878787878787879,329.4046630859375,50593.10938,-0.391135237,0.4054104577881022,-0.013095478,-0.163013697
236.048,2018,1/1/2018,10,31.476595,-81.271039,0.096146198,2.3016607761383057,0.9410191774368286,0.2878787878787879,331.2064208984375,50593.10938,-0.399244882,0.3806466864613912,-0.016120961,0.059315067
678.0360000000001,2019,1/1/2019,10,31.476595,-81.271039,0.1000554585136364,2.3016607761383057,0.9410191774368286,0.2878787878787879,321.93487548828125,50593.10938,-0.418948276,0.3833506907096047,-0.032397311,-0.334084511
1114.992,2020,1/1/2020,10,31.476595,-81.271039,0.1188169020594975,2.3016607761383057,0.9410191774368286,0.2878787878787879,306.84771728515625,50593.10938,-0.429328922,0.3813857545944278,-0.022384555,-0.118999995
179.872,2021,1/1/2021,10,31.476595,-81.271039,0.1037638278556246,2.3016607761383057,0.9410191774368286,0.2878787878787879,330.1796875,50593.10938,-0.367197709,0.363138887,-0.019465665,0.1102739721536636
828.332,2022,1/1/2022,10,31.476595000000003,-81.271039,0.1038010323118925,2.3016607761383057,0.9410191774368286,0.2878787878787879,339.5375977,50593.10938,-0.389699728,0.3790397748375797,-0.005038608,-0.246301368
1133.296,2007,1/1/2007,10,31.476614,-81.270912,0.095016617,2.3016607761383057,0.9410191774368286,0.2857142857142857,315.2513122558594,50593.10938,-0.448214257,0.3847909300145725,-0.052465031,-0.269315064
706.124,2000,1/1/2000,10,31.476614,-81.270912,0.086484332,2.3016607761383057,0.9410191774368286,0.2857142857142857,337.4842529296875,50593.10938,-0.402976201,0.3676962204508158,-0.00551489,-0.360958904
440.416,2004,1/1/2004,10,31.476614,-81.270912,0.061957461,2.3016607761383057,0.9410191774368286,0.2857142857142857,320.01348876953125,50593.10938,-0.377006816,0.2723446804065254,-0.014671409,-0.147397265
487.084,2005,1/1/2005,10,31.476614,-81.270912,0.1123827424101718,2.3016607761383057,0.9410191774368286,0.2857142857142857,330.7314147949219,50593.10938,-0.507841334,0.4554799073873774,0.04358063,0.3586301207542419
194.244,2008,1/1/2008,10,31.476614,-81.270912,0.087774417,2.3016607761383057,0.9410191774368286,0.2857142857142857,327.9345703,50593.10938,-0.458125688,0.3675792157338845,-0.015334452,-0.181506857
599.408,2001,1/1/2001,10,31.476614,-81.270912,0.087087012,2.3016607761383057,0.9410191774368286,0.2857142857142857,343.0688171386719,50593.10938,-0.477397247,0.3655540407816242,-0.050418011,-0.234794512
721.8679999999999,2013,1/1/2013,10,31.476614,-81.270911,0.1403182671557727,2.3016607761383057,0.9410191774368286,0.2857142857142857,334.1460876464844,50593.10938,-0.483540243,0.4296050843767565,-0.041076025,0.1226027384400367
421.156,2014,1/1/2014,10,31.476614,-81.270911,0.1086123852288034,2.3016607761383057,0.9410191774368286,0.2857142857142857,337.7575988769531,50593.10938,-0.342773437,0.3243148616913753,-0.004066543,0.049041096
1108.476,2015,1/1/2015,10,31.476614,-81.270911,0.1028010250110371,2.3016607761383057,0.9410191774368286,0.2857142857142857,310.17413330078125,50593.10938,-0.432289518,0.4045176579771631,0.003995641,0.005205478
604.792,2016,1/1/2016,10,31.476614,-81.270911,0.1096859660292879,2.3016607761383057,0.9410191774368286,0.2857142857142857,333.7518615722656,50593.10938,-0.395325439,0.3843396022684845,-0.01804758,-0.369726002
731.876,2017,1/1/2017,10,31.476614,-81.270911,0.1042747257170992,2.3016607761383057,0.9410191774368286,0.2857142857142857,329.4046630859375,50593.10938,-0.388767986,0.3857545358681114,-0.008102832,-0.163013697
638.296,2018,1/1/2018,10,31.476614,-81.270911,0.084253105,2.3016607761383057,0.9410191774368286,0.2857142857142857,331.2064208984375,50593.10938,-0.381783313,0.3457436775992746,-0.00953277,0.059315067
852.2280000000001,2019,1/1/2019,10,31.476614,-81.270911,0.088842194,2.3016607761383057,0.9410191774368286,0.2857142857142857,321.93487548828125,50593.10938,-0.425171312,0.3542965185784683,-0.02371145,-0.334084511
1131.928,2020,1/1/2020,10,31.476614,-81.270911,0.1070795024409997,2.3016607761383057,0.9410191774368286,0.2857142857142857,306.84771728515625,50593.10938,-0.401755506,0.3596033269817772,-0.015100725,-0.118999995
732.048,2021,1/1/2021,10,31.476614,-81.270911,0.093292276,2.3016607761383057,0.9410191774368286,0.2857142857142857,330.1796875,50593.10938,-0.368405589,0.3490857321768612,-0.004473727,0.1102739721536636
577.792,2022,1/1/2022,10,31.476614,-81.270911,0.098771629,2.3016607761383057,0.9410191774368286,0.2857142857142857,339.5375977,50593.10938,-0.386931448,0.3599377397870356,0.000682467,-0.246301368
518.584,2000,1/1/2000,10,31.47673,-81.270722,0.086484332,1.794880509376526,0.6602845788002014,0.2857142857142857,337.4818420410156,50593.10938,-0.402976201,0.3676962204508158,-0.00551489,-0.360958904
626.612,2001,1/1/2001,10,31.47673,-81.270722,0.087087012,1.794880509376526,0.6602845788002014,0.2857142857142857,343.0917358398437,50593.10938,-0.477397247,0.3655540407816242,-0.050418011,-0.234794512
371.66,2004,1/1/2004,10,31.47673,-81.270722,0.061957461,1.794880509376526,0.6602845788002014,0.2857142857142857,319.9862976074219,50593.10938,-0.377006816,0.2723446804065254,-0.014671409,-0.147397265
1072.036,2005,1/1/2005,10,31.47673,-81.270722,0.1123827424101718,1.794880509376526,0.6602845788002014,0.2857142857142857,330.9638061523437,50593.10938,-0.507841334,0.4554799073873774,0.04358063,0.3586301207542419
298.376,2007,1/1/2007,10,31.47673,-81.270722,0.095016617,1.794880509376526,0.6602845788002014,0.2857142857142857,315.49346923828125,50593.10938,-0.448214257,0.3847909300145725,-0.052465031,-0.269315064
377.224,2008,1/1/2008,10,31.47673,-81.270722,0.087774417,1.794880509376526,0.6602845788002014,0.2857142857142857,328.1943359,50593.10938,-0.458125688,0.3675792157338845,-0.015334452,-0.181506857
417.82,2021,1/1/2021,10,31.476751,-81.270736,0.093292276,0.9348412156105042,0.6919049620628357,0.2857142857142857,330.583252,50593.10938,-0.368405589,0.3490857321768612,-0.004473727,0.1102739721536636
759.28,2013,1/1/2013,10,31.476751,-81.270736,0.1403182671557727,0.9348412156105042,0.6919049620628357,0.2857142857142857,335.2755432128906,50593.10938,-0.483540243,0.4296050843767565,-0.041076025,0.1226027384400367
1065.652,2015,1/1/2015,10,31.476751,-81.270736,0.1028010250110371,0.9348412156105042,0.6919049620628357,0.2857142857142857,309.5255432128906,50593.10938,-0.432289518,0.4045176579771631,0.003995641,0.005205478
435.932,2016,1/1/2016,10,31.476751,-81.270736,0.1096859660292879,0.9348412156105042,0.6919049620628357,0.2857142857142857,332.9486999511719,50593.10938,-0.395325439,0.3843396022684845,-0.01804758,-0.369726002
1309.044,2017,1/1/2017,10,31.476751,-81.270736,0.1042747257170992,0.9348412156105042,0.6919049620628357,0.2857142857142857,328.6724853515625,50593.10938,-0.388767986,0.3857545358681114,-0.008102832,-0.163013697
922.296,2018,1/1/2018,10,31.476751,-81.270736,0.084253105,0.9348412156105042,0.6919049620628357,0.2857142857142857,331.6895751953125,50593.10938,-0.381783313,0.3457436775992746,-0.00953277,0.059315067
779.256,2019,1/1/2019,10,31.476751,-81.270736,0.088842194,0.9348412156105042,0.6919049620628357,0.2857142857142857,321.2828369140625,50593.10938,-0.425171312,0.3542965185784683,-0.02371145,-0.334084511
1241.412,2020,1/1/2020,10,31.476751,-81.270736,0.1070795024409997,0.9348412156105042,0.6919049620628357,0.2857142857142857,307.1003112792969,50593.10938,-0.401755506,0.3596033269817772,-0.015100725,-0.118999995
678.152,2022,1/1/2022,10,31.476751,-81.270736,0.098771629,0.9348412156105042,0.6919049620628357,0.2857142857142857,339.9460754394531,50593.10938,-0.386931448,0.3599377397870356,0.000682467,-0.246301368
499.856,2014,1/1/2014,10,31.476751000000004,-81.270736,0.1086123852288034,0.9348412156105042,0.6919049620628357,0.2857142857142857,337.8082580566406,50593.10938,-0.342773437,0.3243148616913753,-0.004066543,0.049041096
664.5,2005,1/1/2005,10,31.476807999999995,-81.271625,0.1420239351671375,1.8413318395614624,0.5040020942687988,0.088888889,330.9638061523437,50593.10938,-0.492905968,0.5433030240238842,-0.023539002,0.3586301207542419
442.012,2014,1/1/2014,10,31.476807999999995,-81.271625,0.1365835241902964,1.8413318395614624,0.5040020942687988,0.088888889,337.8082580566406,50593.10938,-0.380079717,0.433588501,-0.017364156,0.049041096
782.124,2015,1/1/2015,10,31.476807999999995,-81.271625,0.1273905685160655,1.8413318395614624,0.5040020942687988,0.088888889,309.5255432128906,50593.10938,-0.459912783,0.4161338357372118,0.002225769,0.005205478
424.3,2016,1/1/2016,10,31.476807999999995,-81.271625,0.1197041358503388,1.8413318395614624,0.5040020942687988,0.088888889,332.9486999511719,50593.10938,-0.404892682,0.4078100962439052,0.020232986,-0.369726002
770.272,2018,1/1/2018,10,31.476807999999995,-81.271625,0.1183858814742848,1.8413318395614624,0.5040020942687988,0.088888889,331.6895751953125,50593.10938,-0.403155778,0.4334012298574613,-0.002833923,0.059315067
715.648,2020,1/1/2020,10,31.476807999999995,-81.271625,0.1407494618979726,1.8413318395614624,0.5040020942687988,0.088888889,307.1003112792969,50593.10938,-0.424655427,0.435148699,0.002403452,-0.118999995
273.844,2021,1/1/2021,10,31.476807999999995,-81.271625,0.1164985325986872,1.8413318395614624,0.5040020942687988,0.088888889,330.583252,50593.10938,-0.381741216,0.3896344729045737,-0.015878407,0.1102739721536636
577.616,2000,1/1/2000,10,31.476808,-81.271625,0.099306104,1.8413318395614624,0.5040020942687988,0.088888889,337.4818420410156,50593.10938,-0.416862183,0.4243818760618207,-0.022492367,-0.360958904
812.316,2001,1/1/2001,10,31.476808,-81.271625,0.122192513,1.8413318395614624,0.5040020942687988,0.088888889,343.0917358398437,50593.10938,-0.489348909,0.4783670185465196,-0.070174571,-0.234794512
321.05600000000004,2002,1/1/2002,10,31.476808,-81.271625,0.1013703304857886,1.8413318395614624,0.5040020942687988,0.088888889,305.7662048339844,50593.10938,-0.422252431,0.4199136588912809,0.019929881,0.1228767111897468
379.94,2004,1/1/2004,10,31.476808,-81.271625,0.1233589877841559,1.8413318395614624,0.5040020942687988,0.088888889,319.9862976074219,50593.10938,-0.467137572,0.4634333454831587,-0.063617245,-0.147397265
346.308,2006,1/1/2006,10,31.476808,-81.271625,0.084061318,1.8413318395614624,0.5040020942687988,0.088888889,350.3236999511719,50593.10938,-0.376660981,0.3656879398204323,0.029546339,-0.310958892
1133.544,2007,1/1/2007,10,31.476808,-81.271625,0.1228341983799158,1.8413318395614624,0.5040020942687988,0.088888889,315.49346923828125,50593.10938,-0.514854446,0.4333810555520477,-0.076498444,-0.269315064
397.628,2008,1/1/2008,10,31.476808,-81.271625,0.1020498033532817,1.8413318395614624,0.5040020942687988,0.088888889,328.1943359,50593.10938,-0.426042175,0.4177257373100867,-0.055667469,-0.181506857
916.54,2010,1/1/2010,10,31.476808,-81.271625,0.1008878283691773,1.8413318395614624,0.5040020942687988,0.088888889,338.1866455078125,50593.10938,-0.426426472,0.4109251740319264,0.025077109,-0.623013675
421.876,2011,1/1/2011,10,31.476808,-81.271625,0.1202349494696708,1.8413318395614624,0.5040020942687988,0.088888889,346.85552978515625,50593.10938,-0.425898405,0.3654567644532843,0.0458948,-0.334109575
556.616,2012,1/1/2012,10,31.476808,-81.271625,0.1002400241388776,1.8413318395614624,0.5040020942687988,0.088888889,318.861084,50593.10938,-0.460593339,0.3565323035536078,-0.030547397,-0.281643838
1015.032,2013,1/1/2013,10,31.476808,-81.271625,0.164933071,1.8413318395614624,0.5040020942687988,0.088888889,335.2755432128906,50593.10938,-0.485147084,0.5135305531398442,-0.05363709,0.1226027384400367
369.24,2017,1/1/2017,10,31.476808,-81.271625,0.108557715,1.8413318395614624,0.5040020942687988,0.088888889,328.6724853515625,50593.10938,-0.414439248,0.407841094,-0.01510036,-0.163013697
540.756,2019,1/1/2019,10,31.476808,-81.271625,0.1001233524799106,1.8413318395614624,0.5040020942687988,0.088888889,321.2828369140625,50593.10938,-0.404205381,0.4043110268670146,-0.028610887,-0.334084511
369.908,2022,1/1/2022,10,31.476808,-81.271625,0.1134370025673419,1.8413318395614624,0.5040020942687988,0.088888889,339.9460754394531,50593.10938,-0.385455948,0.4377569808103642,-0.017399941,-0.246301368
322.152,2001,1/1/2001,10,31.476845,-81.270656,0.085912712,1.907478094100952,1.0881378650665283,0.067757009,343.0917358398437,50593.10938,-0.293435165,0.2232076464543039,0.011542704,-0.234794512
749.176,2002,1/1/2002,10,31.476845,-81.270656,0.037122873,1.907478094100952,1.0881378650665283,0.067757009,305.7662048339844,50593.10938,-0.221517241,0.2208997748265237,0.063480115,0.1228767111897468
452.192,2004,1/1/2004,10,31.476845,-81.270656,0.084344452,1.907478094100952,1.0881378650665283,0.067757009,319.9862976074219,50593.10938,-0.378953904,0.3861179050350009,-0.047227604,-0.147397265
577.132,2005,1/1/2005,10,31.476845,-81.270656,0.1281848224545376,1.907478094100952,1.0881378650665283,0.067757009,330.9638061523437,50593.10938,-0.421350498,0.4774890667339322,-0.017254656,0.3586301207542419
416.716,2010,1/1/2010,10,31.476845,-81.270656,0.1017903328222522,1.907478094100952,1.0881378650665283,0.067757009,338.1866455078125,50593.10938,-0.372760959,0.3940751111589737,0.035824832,-0.623013675
329.144,2015,1/1/2015,10,31.476845,-81.270656,0.1139280893361148,1.907478094100952,1.0881378650665283,0.067757009,309.5255432128906,50593.10938,-0.358773698,0.3214175712635987,0.040152177,0.005205478
582.272,2009,1/1/2009,10,31.476845000000004,-81.270656,0.094427874,1.907478094100952,1.0881378650665283,0.067757009,326.0732727050781,50593.10938,-0.450226007,0.3767741336346328,0,0.1283561587333679
263.34,2017,1/1/2017,10,31.476849999999995,-81.270664,0.1074144912810243,1.907478094100952,1.0881378650665283,0.067757009,328.6724853515625,50593.10938,-0.365025683,0.4156235296168828,0.004832333,-0.163013697
607.804,2013,1/1/2013,10,31.47685,-81.270664,0.1522459653885942,1.907478094100952,1.0881378650665283,0.067757009,335.2755432128906,50593.10938,-0.416995074,0.4536656220349002,-0.024243873,0.1226027384400367
59.428,2014,1/1/2014,10,31.47685,-81.270664,0.1075812959759127,1.907478094100952,1.0881378650665283,0.067757009,337.8082580566406,50593.10938,-0.321908319,0.3436063849858364,0.011701851,0.049041096
513.552,2016,1/1/2016,10,31.47685,-81.270664,0.1225232936107777,1.907478094100952,1.0881378650665283,0.067757009,332.9486999511719,50593.10938,-0.34046542,0.3624870584942739,0.035377234,-0.369726002
324.46,2018,1/1/2018,10,31.47685,-81.270664,0.1109506481692064,1.907478094100952,1.0881378650665283,0.067757009,331.6895751953125,50593.10938,-0.346987403,0.3845291199615572,-0.004214358,0.059315067
253.208,2019,1/1/2019,10,31.47685,-81.270664,0.093240991,1.907478094100952,1.0881378650665283,0.067757009,321.2828369140625,50593.10938,-0.344024241,0.350406911,0.00293725,-0.334084511
464.724,2020,1/1/2020,10,31.47685,-81.270664,0.1251662035185584,1.907478094100952,1.0881378650665283,0.067757009,307.1003112792969,50593.10938,-0.379121772,0.3959840142141194,-0.000659947,-0.118999995
231.068,2021,1/1/2021,10,31.47685,-81.270664,0.098943591,1.907478094100952,1.0881378650665283,0.067757009,330.583252,50593.10938,-0.346693488,0.3865904393975204,-0.005857787,0.1102739721536636
323.216,2022,1/1/2022,10,31.47685,-81.270664,0.1150152775391537,1.907478094100952,1.0881378650665283,0.067757009,339.9460754394531,50593.10938,-0.308010096,0.4051167709282219,0.006246824,-0.246301368
381.232,2005,1/1/2005,10,31.47691,-81.270869,0.1349013253228022,1.682487726211548,0.6769945025444031,0.071274298,330.9638061523437,50593.10938,-0.440603404,0.4868096028876224,-0.01558306,0.3586301207542419
200.416,2011,1/1/2011,10,31.47691,-81.270869,0.089416787,1.682487726211548,0.6769945025444031,0.071274298,346.85552978515625,50593.10938,-0.379885003,0.4028769638849215,0.021513023,-0.334109575
377.232,2013,1/1/2013,10,31.47691,-81.270869,0.1525456144763733,1.682487726211548,0.6769945025444031,0.071274298,335.2755432128906,50593.10938,-0.403531641,0.4635685253757335,-0.013799778,0.1226027384400367
473.616,2016,1/1/2016,10,31.47691,-81.270869,0.1168748331721386,1.682487726211548,0.6769945025444031,0.071274298,332.9486999511719,50593.10938,-0.345731174,0.3735212000559424,0.029238604,-0.369726002
306.288,2004,1/1/2004,10,31.47691,-81.270869,0.1213482797889732,1.682487726211548,0.6769945025444031,0.071274298,319.9862976074219,50593.10938,-0.424993725,0.4503462916961782,0.1019646303268045,-0.147397265
194.48,2007,1/1/2007,10,31.47691,-81.270869,0.1246831535588447,1.682487726211548,0.6769945025444031,0.071274298,315.49346923828125,50593.10938,-0.443434978,0.3995051891647408,-0.002288044,-0.269315064
253.328,2009,1/1/2009,10,31.47691,-81.270869,0.1057591928807647,1.682487726211548,0.6769945025444031,0.071274298,326.0732727050781,50593.10938,-0.455058815,0.3799574917224524,0.03343629,0.1283561587333679
432.8,2012,1/1/2012,10,31.47691,-81.270869,0.072289237,1.682487726211548,0.6769945025444031,0.071274298,318.861084,50593.10938,-0.4214355,0.3028476177246847,-0.012338876,-0.281643838
262.752,2014,1/1/2014,10,31.47691,-81.270869,0.1202953933868251,1.682487726211548,0.6769945025444031,0.071274298,337.8082580566406,50593.10938,-0.346425734,0.3695743919380265,0.001110475,0.049041096
387.12,2015,1/1/2015,10,31.47691,-81.270869,0.1142830747212602,1.682487726211548,0.6769945025444031,0.071274298,309.5255432128906,50593.10938,-0.386511766,0.3738736033944713,0.06580011,0.005205478
434.128,2017,1/1/2017,10,31.47691,-81.270869,0.1199635702019512,1.682487726211548,0.6769945025444031,0.071274298,328.6724853515625,50593.10938,-0.351353746,0.4203426770833047,-0.001463038,-0.163013697
1890.688,2018,1/1/2018,10,31.47691,-81.270869,0.095327731,1.682487726211548,0.6769945025444031,0.071274298,331.6895751953125,50593.10938,-0.355683573,0.380746677,0.007419899,0.059315067
663.68,2019,1/1/2019,10,31.47691,-81.270869,0.091283469,1.682487726211548,0.6769945025444031,0.071274298,321.2828369140625,50593.10938,-0.360286543,0.3701208455010769,-0.001364053,-0.334084511
368.192,2020,1/1/2020,10,31.47691,-81.270869,0.1198398912997801,1.682487726211548,0.6769945025444031,0.071274298,307.1003112792969,50593.10938,-0.367043482,0.4014191846417234,-0.003326501,-0.118999995
648.928,2021,1/1/2021,10,31.47691,-81.270869,0.1127179320795031,1.682487726211548,0.6769945025444031,0.071274298,330.583252,50593.10938,-0.337848364,0.4128593857810088,0.023678829,0.1102739721536636
78.768,2022,1/1/2022,10,31.47691,-81.270869,0.1105118689443981,1.682487726211548,0.6769945025444031,0.071274298,339.9460754394531,50593.10938,-0.308530145,0.3925825476561452,0.004844338,-0.246301368
420,2014,1/1/2014,10,31.476932999999995,-81.270774,0.1202953933868251,1.3716024160385132,1.1183271408081057,0.071274298,337.8082580566406,50593.10938,-0.346425734,0.3695743919380265,0.001110475,0.049041096
794.432,2005,1/1/2005,10,31.476933,-81.270774,0.1349013253228022,1.3716024160385132,1.1183271408081057,0.071274298,330.9638061523437,50593.10938,-0.440603404,0.4868096028876224,-0.01558306,0.3586301207542419
911.776,2007,1/1/2007,10,31.476933,-81.270774,0.1246831535588447,1.3716024160385132,1.1183271408081057,0.071274298,315.49346923828125,50593.10938,-0.443434978,0.3995051891647408,-0.002288044,-0.269315064
1245.104,2009,1/1/2009,10,31.476933,-81.270774,0.1057591928807647,1.3716024160385132,1.1183271408081057,0.071274298,326.0732727050781,50593.10938,-0.455058815,0.3799574917224524,0.03343629,0.1283561587333679
442.832,2011,1/1/2011,10,31.476933,-81.270774,0.089416787,1.3716024160385132,1.1183271408081057,0.071274298,346.85552978515625,50593.10938,-0.379885003,0.4028769638849215,0.021513023,-0.334109575
603.648,2012,1/1/2012,10,31.476933,-81.270774,0.072289237,1.3716024160385132,1.1183271408081057,0.071274298,318.861084,50593.10938,-0.4214355,0.3028476177246847,-0.012338876,-0.281643838
1390.544,2013,1/1/2013,10,31.476933,-81.270774,0.1525456144763733,1.3716024160385132,1.1183271408081057,0.071274298,335.2755432128906,50593.10938,-0.403531641,0.4635685253757335,-0.013799778,0.1226027384400367
478.944,2015,1/1/2015,10,31.476933,-81.270774,0.1142830747212602,1.3716024160385132,1.1183271408081057,0.071274298,309.5255432128906,50593.10938,-0.386511766,0.3738736033944713,0.06580011,0.005205478
359.344,2016,1/1/2016,10,31.476933,-81.270774,0.1168748331721386,1.3716024160385132,1.1183271408081057,0.071274298,332.9486999511719,50593.10938,-0.345731174,0.3735212000559424,0.029238604,-0.369726002
725.136,2017,1/1/2017,10,31.476933,-81.270774,0.1199635702019512,1.3716024160385132,1.1183271408081057,0.071274298,328.6724853515625,50593.10938,-0.351353746,0.4203426770833047,-0.001463038,-0.163013697
209.216,2019,1/1/2019,10,31.476933,-81.270774,0.091283469,1.3716024160385132,1.1183271408081057,0.071274298,321.2828369140625,50593.10938,-0.360286543,0.3701208455010769,-0.001364053,-0.334084511
538.944,2020,1/1/2020,10,31.476933,-81.270774,0.1198398912997801,1.3716024160385132,1.1183271408081057,0.071274298,307.1003112792969,50593.10938,-0.367043482,0.4014191846417234,-0.003326501,-0.118999995
255.472,2021,1/1/2021,10,31.476933,-81.270774,0.1127179320795031,1.3716024160385132,1.1183271408081057,0.071274298,330.583252,50593.10938,-0.337848364,0.4128593857810088,0.023678829,0.1102739721536636
400.24,2022,1/1/2022,10,31.476933,-81.270774,0.1105118689443981,1.3716024160385132,1.1183271408081057,0.071274298,339.9460754394531,50593.10938,-0.308530145,0.3925825476561452,0.004844338,-0.246301368
553.728,2004,1/1/2004,10,31.476954,-81.271005,0.1213482797889732,1.7707562446594238,0.7628582715988159,0.071274298,319.9862976074219,50593.10938,-0.424993725,0.4503462916961782,0.1019646303268045,-0.147397265
735.7760000000001,2005,1/1/2005,10,31.476954,-81.271005,0.1349013253228022,1.7707562446594238,0.7628582715988159,0.071274298,330.9638061523437,50593.10938,-0.440603404,0.4868096028876224,-0.01558306,0.3586301207542419
372.048,2007,1/1/2007,10,31.476954,-81.271005,0.1246831535588447,1.7707562446594238,0.7628582715988159,0.071274298,315.49346923828125,50593.10938,-0.443434978,0.3995051891647408,-0.002288044,-0.269315064
362.016,2009,1/1/2009,10,31.476954,-81.271005,0.1057591928807647,1.7707562446594238,0.7628582715988159,0.071274298,326.0732727050781,50593.10938,-0.455058815,0.3799574917224524,0.03343629,0.1283561587333679
481.584,2011,1/1/2011,10,31.476954,-81.271005,0.089416787,1.7707562446594238,0.7628582715988159,0.071274298,346.85552978515625,50593.10938,-0.379885003,0.4028769638849215,0.021513023,-0.334109575
554.048,2012,1/1/2012,10,31.476954,-81.271005,0.072289237,1.7707562446594238,0.7628582715988159,0.071274298,318.861084,50593.10938,-0.4214355,0.3028476177246847,-0.012338876,-0.281643838
939.76,2013,1/1/2013,10,31.476954,-81.271005,0.1525456144763733,1.7707562446594238,0.7628582715988159,0.071274298,335.2755432128906,50593.10938,-0.403531641,0.4635685253757335,-0.013799778,0.1226027384400367
382.176,2015,1/1/2015,10,31.476954,-81.271005,0.1142830747212602,1.7707562446594238,0.7628582715988159,0.071274298,309.5255432128906,50593.10938,-0.386511766,0.3738736033944713,0.06580011,0.005205478
390.688,2017,1/1/2017,10,31.476954,-81.271005,0.1199635702019512,1.7707562446594238,0.7628582715988159,0.071274298,328.6724853515625,50593.10938,-0.351353746,0.4203426770833047,-0.001463038,-0.163013697
1216.464,2018,1/1/2018,10,31.476954,-81.271005,0.095327731,1.7707562446594238,0.7628582715988159,0.071274298,331.6895751953125,50593.10938,-0.355683573,0.380746677,0.007419899,0.059315067
588.272,2019,1/1/2019,10,31.476954,-81.271005,0.091283469,1.7707562446594238,0.7628582715988159,0.071274298,321.2828369140625,50593.10938,-0.360286543,0.3701208455010769,-0.001364053,-0.334084511
1014.208,2020,1/1/2020,10,31.476954,-81.271005,0.1198398912997801,1.7707562446594238,0.7628582715988159,0.071274298,307.1003112792969,50593.10938,-0.367043482,0.4014191846417234,-0.003326501,-0.118999995
675.792,2022,1/1/2022,10,31.476954,-81.271005,0.1105118689443981,1.7707562446594238,0.7628582715988159,0.071274298,339.9460754394531,50593.10938,-0.308530145,0.3925825476561452,0.004844338,-0.246301368
275.424,2014,1/1/2014,10,31.476954,-81.271005,0.1202953933868251,1.7707562446594238,0.7628582715988159,0.071274298,337.8082580566406,50593.10938,-0.346425734,0.3695743919380265,0.001110475,0.049041096
436.016,2016,1/1/2016,10,31.476954,-81.271005,0.1168748331721386,1.7707562446594238,0.7628582715988159,0.071274298,332.9486999511719,50593.10938,-0.345731174,0.3735212000559424,0.029238604,-0.369726002
625.104,2021,1/1/2021,10,31.476954,-81.271005,0.1127179320795031,1.7707562446594238,0.7628582715988159,0.071274298,330.583252,50593.10938,-0.337848364,0.4128593857810088,0.023678829,0.1102739721536636
627.024,2021,1/1/2021,10,31.476954,-81.270713,0.098943591,1.3716024160385132,1.1183271408081057,0.067757009,330.583252,50593.10938,-0.346693488,0.3865904393975204,-0.005857787,0.1102739721536636
407.872,2005,1/1/2005,10,31.476954,-81.270713,0.1281848224545376,1.3716024160385132,1.1183271408081057,0.067757009,330.9638061523437,50593.10938,-0.421350498,0.4774890667339322,-0.017254656,0.3586301207542419
1012.496,2010,1/1/2010,10,31.476954,-81.270713,0.1017903328222522,1.3716024160385132,1.1183271408081057,0.067757009,338.1866455078125,50593.10938,-0.372760959,0.3940751111589737,0.035824832,-0.623013675
1517.088,2013,1/1/2013,10,31.476954,-81.270713,0.1522459653885942,1.3716024160385132,1.1183271408081057,0.067757009,335.2755432128906,50593.10938,-0.416995074,0.4536656220349002,-0.024243873,0.1226027384400367
848.432,2014,1/1/2014,10,31.476954,-81.270713,0.1075812959759127,1.3716024160385132,1.1183271408081057,0.067757009,337.8082580566406,50593.10938,-0.321908319,0.3436063849858364,0.011701851,0.049041096
860.816,2015,1/1/2015,10,31.476954,-81.270713,0.1139280893361148,1.3716024160385132,1.1183271408081057,0.067757009,309.5255432128906,50593.10938,-0.358773698,0.3214175712635987,0.040152177,0.005205478
551.328,2016,1/1/2016,10,31.476954,-81.270713,0.1225232936107777,1.3716024160385132,1.1183271408081057,0.067757009,332.9486999511719,50593.10938,-0.34046542,0.3624870584942739,0.035377234,-0.369726002
387.552,2019,1/1/2019,10,31.476954,-81.270713,0.093240991,1.3716024160385132,1.1183271408081057,0.067757009,321.2828369140625,50593.10938,-0.344024241,0.350406911,0.00293725,-0.334084511
1314.064,2020,1/1/2020,10,31.476954,-81.270713,0.1251662035185584,1.3716024160385132,1.1183271408081057,0.067757009,307.1003112792969,50593.10938,-0.379121772,0.3959840142141194,-0.000659947,-0.118999995
447.552,2022,1/1/2022,10,31.476954,-81.270713,0.1150152775391537,1.3716024160385132,1.1183271408081057,0.067757009,339.9460754394531,50593.10938,-0.308010096,0.4051167709282219,0.006246824,-0.246301368
684.1279999999999,2017,1/1/2017,10,31.476954,-81.270713,0.1074144912810243,1.3716024160385132,1.1183271408081057,0.067757009,328.6724853515625,50593.10938,-0.365025683,0.4156235296168828,0.004832333,-0.163013697
580.256,2009,1/1/2009,10,31.476954000000003,-81.270713,0.094427874,1.3716024160385132,1.1183271408081057,0.067757009,326.0732727050781,50593.10938,-0.450226007,0.3767741336346328,0,0.1283561587333679
290.896,2000,1/1/2000,10,31.476972,-81.271155,0.1059777000816509,0.8652114868164062,0.645288885,0.1320754716981132,337.4818420410156,50593.10938,-0.421508697,0.4036823647294598,-0.002879732,-0.360958904
540.56,2001,1/1/2001,10,31.476972,-81.271155,0.1112148685146506,0.8652114868164062,0.645288885,0.1320754716981132,343.0917358398437,50593.10938,-0.380544136,0.2971411176651555,-0.010763011,-0.234794512
124.544,2002,1/1/2002,10,31.476972,-81.271155,0.1013703304857886,0.8652114868164062,0.645288885,0.1320754716981132,305.7662048339844,50593.10938,-0.399564044,0.4061517936884993,0.03087486,0.1228767111897468
103.216,2004,1/1/2004,10,31.476972,-81.271155,0.1241492936687852,0.8652114868164062,0.645288885,0.1320754716981132,319.9862976074219,50593.10938,-0.460292576,0.4517742122932473,0.037455361,-0.147397265
772.448,2005,1/1/2005,10,31.476972,-81.271155,0.1469654750736284,0.8652114868164062,0.645288885,0.1320754716981132,330.9638061523437,50593.10938,-0.477993347,0.5125650029235602,-0.053209155,0.3586301207542419
383.456,2006,1/1/2006,10,31.476972,-81.271155,0.101640782,0.8652114868164062,0.645288885,0.1320754716981132,350.3236999511719,50593.10938,-0.4321538,0.4342399899782345,-0.033527869,-0.310958892
563.744,2007,1/1/2007,10,31.476972,-81.271155,0.1224997586266112,0.8652114868164062,0.645288885,0.1320754716981132,315.49346923828125,50593.10938,-0.525637361,0.458540191,-0.065579445,-0.269315064
365.392,2008,1/1/2008,10,31.476972,-81.271155,0.108877032,0.8652114868164062,0.645288885,0.1320754716981132,328.1943359,50593.10938,-0.440757731,0.4499925295084414,-0.077208463,-0.181506857
2.336,2009,1/1/2009,10,31.476972,-81.271155,0.1010732813590134,0.8652114868164062,0.645288885,0.1320754716981132,326.0732727050781,50593.10938,-0.410416109,0.4217967454130148,-0.002861941,0.1283561587333679
170.52800000000002,2010,1/1/2010,10,31.476972,-81.271155,0.092811242,0.8652114868164062,0.645288885,0.1320754716981132,338.1866455078125,50593.10938,-0.447030515,0.3755234110787263,0.019452501,-0.623013675
173.232,2011,1/1/2011,10,31.476972,-81.271155,0.1136156260190329,0.8652114868164062,0.645288885,0.1320754716981132,346.85552978515625,50593.10938,-0.422182825,0.416558054,0.060299056,-0.334109575
413.776,2013,1/1/2013,10,31.476972,-81.271155,0.1531420181669711,0.8652114868164062,0.645288885,0.1320754716981132,335.2755432128906,50593.10938,-0.459493102,0.4719001102068074,-0.026589316,0.1226027384400367
374.624,2014,1/1/2014,10,31.476972,-81.271155,0.1167840704198538,0.8652114868164062,0.645288885,0.1320754716981132,337.8082580566406,50593.10938,-0.354866363,0.3839411940659777,-0.004906502,0.049041096
333.584,2016,1/1/2016,10,31.476972,-81.271155,0.1096841917338629,0.8652114868164062,0.645288885,0.1320754716981132,332.9486999511719,50593.10938,-0.372142546,0.3808069718214724,-0.011327389,-0.369726002
670.7520000000001,2017,1/1/2017,10,31.476972,-81.271155,0.09322518,0.8652114868164062,0.645288885,0.1320754716981132,328.6724853515625,50593.10938,-0.387446504,0.3856460567682918,-0.010888445,-0.163013697
1307.328,2018,1/1/2018,10,31.476972,-81.271155,0.098378585,0.8652114868164062,0.645288885,0.1320754716981132,331.6895751953125,50593.10938,-0.392040627,0.3715100601545602,0.008578484,0.059315067
282.496,2019,1/1/2019,10,31.476972,-81.271155,0.081016959,0.8652114868164062,0.645288885,0.1320754716981132,321.2828369140625,50593.10938,-0.405292805,0.3612682515085016,-0.026784318,-0.334084511
202.24,2020,1/1/2020,10,31.476972,-81.271155,0.1164792684222804,0.8652114868164062,0.645288885,0.1320754716981132,307.1003112792969,50593.10938,-0.399893026,0.3841398450215066,-0.018794599,-0.118999995
517.952,2021,1/1/2021,10,31.476972,-81.271155,0.1072692950329437,0.8652114868164062,0.645288885,0.1320754716981132,330.583252,50593.10938,-0.368143055,0.3688681062377932,-0.002497987,0.1102739721536636
172.56,2022,1/1/2022,10,31.476972,-81.271155,0.098937814,0.8652114868164062,0.645288885,0.1320754716981132,339.9460754394531,50593.10938,-0.362528406,0.3762146591094879,0.007998753,-0.246301368
1394.096,2005,1/1/2005,10,31.476979,-81.270794,0.1349013253228022,1.6922297477722168,0.9978951811790466,0.071274298,330.9638061523437,50593.10938,-0.440603404,0.4868096028876224,-0.01558306,0.3586301207542419
730.176,2007,1/1/2007,10,31.476979,-81.270794,0.1246831535588447,1.6922297477722168,0.9978951811790466,0.071274298,315.49346923828125,50593.10938,-0.443434978,0.3995051891647408,-0.002288044,-0.269315064
1034.544,2009,1/1/2009,10,31.476979,-81.270794,0.1057591928807647,1.6922297477722168,0.9978951811790466,0.071274298,326.0732727050781,50593.10938,-0.455058815,0.3799574917224524,0.03343629,0.1283561587333679
422.88,2011,1/1/2011,10,31.476979,-81.270794,0.089416787,1.6922297477722168,0.9978951811790466,0.071274298,346.85552978515625,50593.10938,-0.379885003,0.4028769638849215,0.021513023,-0.334109575
756.624,2013,1/1/2013,10,31.476979,-81.270794,0.1525456144763733,1.6922297477722168,0.9978951811790466,0.071274298,335.2755432128906,50593.10938,-0.403531641,0.4635685253757335,-0.013799778,0.1226027384400367
241.952,2014,1/1/2014,10,31.476979,-81.270794,0.1202953933868251,1.6922297477722168,0.9978951811790466,0.071274298,337.8082580566406,50593.10938,-0.346425734,0.3695743919380265,0.001110475,0.049041096
938.416,2015,1/1/2015,10,31.476979,-81.270794,0.1142830747212602,1.6922297477722168,0.9978951811790466,0.071274298,309.5255432128906,50593.10938,-0.386511766,0.3738736033944713,0.06580011,0.005205478
294.944,2016,1/1/2016,10,31.476979,-81.270794,0.1168748331721386,1.6922297477722168,0.9978951811790466,0.071274298,332.9486999511719,50593.10938,-0.345731174,0.3735212000559424,0.029238604,-0.369726002
1407.44,2020,1/1/2020,10,31.476979,-81.270794,0.1198398912997801,1.6922297477722168,0.9978951811790466,0.071274298,307.1003112792969,50593.10938,-0.367043482,0.4014191846417234,-0.003326501,-0.118999995
615.568,2021,1/1/2021,10,31.476979,-81.270794,0.1127179320795031,1.6922297477722168,0.9978951811790466,0.071274298,330.583252,50593.10938,-0.337848364,0.4128593857810088,0.023678829,0.1102739721536636
323.536,2022,1/1/2022,10,31.476979,-81.270794,0.1105118689443981,1.6922297477722168,0.9978951811790466,0.071274298,339.9460754394531,50593.10938,-0.308530145,0.3925825476561452,0.004844338,-0.246301368
955.968,2012,1/1/2012,10,31.476979000000004,-81.270794,0.072289237,1.6922297477722168,0.9978951811790466,0.071274298,318.861084,50593.10938,-0.4214355,0.3028476177246847,-0.012338876,-0.281643838
321.136,2017,1/1/2017,10,31.476979000000004,-81.270794,0.1199635702019512,1.6922297477722168,0.9978951811790466,0.071274298,328.6724853515625,50593.10938,-0.351353746,0.4203426770833047,-0.001463038,-0.163013697
326.864,2019,1/1/2019,10,31.476979000000004,-81.270794,0.091283469,1.6922297477722168,0.9978951811790466,0.071274298,321.2828369140625,50593.10938,-0.360286543,0.3701208455010769,-0.001364053,-0.334084511
295.392,2001,1/1/2001,10,31.476985,-81.271449,0.122192513,1.5127067565917969,0.7630189657211304,0.088888889,343.0917358398437,50593.10938,-0.489348909,0.4783670185465196,-0.070174571,-0.234794512
750.528,2002,1/1/2002,10,31.476985,-81.271449,0.1013703304857886,1.5127067565917969,0.7630189657211304,0.088888889,305.7662048339844,50593.10938,-0.422252431,0.4199136588912809,0.019929881,0.1228767111897468
419.76,2004,1/1/2004,10,31.476985,-81.271449,0.1233589877841559,1.5127067565917969,0.7630189657211304,0.088888889,319.9862976074219,50593.10938,-0.467137572,0.4634333454831587,-0.063617245,-0.147397265
935.936,2005,1/1/2005,10,31.476985,-81.271449,0.1420239351671375,1.5127067565917969,0.7630189657211304,0.088888889,330.9638061523437,50593.10938,-0.492905968,0.5433030240238842,-0.023539002,0.3586301207542419
342.896,2006,1/1/2006,10,31.476985,-81.271449,0.084061318,1.5127067565917969,0.7630189657211304,0.088888889,350.3236999511719,50593.10938,-0.376660981,0.3656879398204323,0.029546339,-0.310958892
605.008,2007,1/1/2007,10,31.476985,-81.271449,0.1228341983799158,1.5127067565917969,0.7630189657211304,0.088888889,315.49346923828125,50593.10938,-0.514854446,0.4333810555520477,-0.076498444,-0.269315064
407.584,2010,1/1/2010,10,31.476985,-81.271449,0.1008878283691773,1.5127067565917969,0.7630189657211304,0.088888889,338.1866455078125,50593.10938,-0.426426472,0.4109251740319264,0.025077109,-0.623013675
309.312,2011,1/1/2011,10,31.476985,-81.271449,0.1202349494696708,1.5127067565917969,0.7630189657211304,0.088888889,346.85552978515625,50593.10938,-0.425898405,0.3654567644532843,0.0458948,-0.334109575
689.7280000000001,2012,1/1/2012,10,31.476985,-81.271449,0.1002400241388776,1.5127067565917969,0.7630189657211304,0.088888889,318.861084,50593.10938,-0.460593339,0.3565323035536078,-0.030547397,-0.281643838
574.944,2013,1/1/2013,10,31.476985,-81.271449,0.164933071,1.5127067565917969,0.7630189657211304,0.088888889,335.2755432128906,50593.10938,-0.485147084,0.5135305531398442,-0.05363709,0.1226027384400367
86.54400000000001,2014,1/1/2014,10,31.476985,-81.271449,0.1365835241902964,1.5127067565917969,0.7630189657211304,0.088888889,337.8082580566406,50593.10938,-0.380079717,0.433588501,-0.017364156,0.049041096
520.24,2015,1/1/2015,10,31.476985,-81.271449,0.1273905685160655,1.5127067565917969,0.7630189657211304,0.088888889,309.5255432128906,50593.10938,-0.459912783,0.4161338357372118,0.002225769,0.005205478
556.976,2017,1/1/2017,10,31.476985,-81.271449,0.108557715,1.5127067565917969,0.7630189657211304,0.088888889,328.6724853515625,50593.10938,-0.414439248,0.407841094,-0.01510036,-0.163013697
965.728,2018,1/1/2018,10,31.476985,-81.271449,0.1183858814742848,1.5127067565917969,0.7630189657211304,0.088888889,331.6895751953125,50593.10938,-0.403155778,0.4334012298574613,-0.002833923,0.059315067
530.288,2019,1/1/2019,10,31.476985,-81.271449,0.1001233524799106,1.5127067565917969,0.7630189657211304,0.088888889,321.2828369140625,50593.10938,-0.404205381,0.4043110268670146,-0.028610887,-0.334084511
192.304,2020,1/1/2020,10,31.476985,-81.271449,0.1407494618979726,1.5127067565917969,0.7630189657211304,0.088888889,307.1003112792969,50593.10938,-0.424655427,0.435148699,0.002403452,-0.118999995
327.008,2021,1/1/2021,10,31.476985,-81.271449,0.1164985325986872,1.5127067565917969,0.7630189657211304,0.088888889,330.583252,50593.10938,-0.381741216,0.3896344729045737,-0.015878407,0.1102739721536636
342.496,2022,1/1/2022,10,31.476985,-81.271449,0.1134370025673419,1.5127067565917969,0.7630189657211304,0.088888889,339.9460754394531,50593.10938,-0.385455948,0.4377569808103642,-0.017399941,-0.246301368
381.392,2000,1/1/2000,10,31.476985000000003,-81.271449,0.099306104,1.5127067565917969,0.7630189657211304,0.088888889,337.4818420410156,50593.10938,-0.416862183,0.4243818760618207,-0.022492367,-0.360958904
437.584,2008,1/1/2008,10,31.476985000000003,-81.271449,0.1020498033532817,1.5127067565917969,0.7630189657211304,0.088888889,328.1943359,50593.10938,-0.426042175,0.4177257373100867,-0.055667469,-0.181506857
306.944,2016,1/1/2016,10,31.476985000000003,-81.271449,0.1197041358503388,1.5127067565917969,0.7630189657211304,0.088888889,332.9486999511719,50593.10938,-0.404892682,0.4078100962439052,0.020232986,-0.369726002
63.2,2000,1/1/2000,10,31.476992,-81.271288,0.1059777000816509,0.8886691331863403,0.672978401,0.1320754716981132,337.4818420410156,50593.10938,-0.421508697,0.4036823647294598,-0.002879732,-0.360958904
118.96,2001,1/1/2001,10,31.476992,-81.271288,0.1112148685146506,0.8886691331863403,0.672978401,0.1320754716981132,343.0917358398437,50593.10938,-0.380544136,0.2971411176651555,-0.010763011,-0.234794512
902.784,2002,1/1/2002,10,31.476992,-81.271288,0.1013703304857886,0.8886691331863403,0.672978401,0.1320754716981132,305.7662048339844,50593.10938,-0.399564044,0.4061517936884993,0.03087486,0.1228767111897468
479.456,2005,1/1/2005,10,31.476992,-81.271288,0.1469654750736284,0.8886691331863403,0.672978401,0.1320754716981132,330.9638061523437,50593.10938,-0.477993347,0.5125650029235602,-0.053209155,0.3586301207542419
594.16,2009,1/1/2009,10,31.476992,-81.271288,0.1010732813590134,0.8886691331863403,0.672978401,0.1320754716981132,326.0732727050781,50593.10938,-0.410416109,0.4217967454130148,-0.002861941,0.1283561587333679
121.36,2010,1/1/2010,10,31.476992,-81.271288,0.092811242,0.8886691331863403,0.672978401,0.1320754716981132,338.1866455078125,50593.10938,-0.447030515,0.3755234110787263,0.019452501,-0.623013675
71.12,2014,1/1/2014,10,31.476992,-81.271288,0.1167840704198538,0.8886691331863403,0.672978401,0.1320754716981132,337.8082580566406,50593.10938,-0.354866363,0.3839411940659777,-0.004906502,0.049041096
169.648,2016,1/1/2016,10,31.476992,-81.271288,0.1096841917338629,0.8886691331863403,0.672978401,0.1320754716981132,332.9486999511719,50593.10938,-0.372142546,0.3808069718214724,-0.011327389,-0.369726002
473.904,2018,1/1/2018,10,31.476992,-81.271288,0.098378585,0.8886691331863403,0.672978401,0.1320754716981132,331.6895751953125,50593.10938,-0.392040627,0.3715100601545602,0.008578484,0.059315067
149.47199999999998,2019,1/1/2019,10,31.476992,-81.271288,0.081016959,0.8886691331863403,0.672978401,0.1320754716981132,321.2828369140625,50593.10938,-0.405292805,0.3612682515085016,-0.026784318,-0.334084511
481.072,2021,1/1/2021,10,31.476992,-81.271288,0.1072692950329437,0.8886691331863403,0.672978401,0.1320754716981132,330.583252,50593.10938,-0.368143055,0.3688681062377932,-0.002497987,0.1102739721536636
166.208,2004,1/1/2004,10,31.476992000000003,-81.271288,0.1241492936687852,0.8886691331863403,0.672978401,0.1320754716981132,319.9862976074219,50593.10938,-0.460292576,0.4517742122932473,0.037455361,-0.147397265
384.592,2006,1/1/2006,10,31.476992000000003,-81.271288,0.101640782,0.8886691331863403,0.672978401,0.1320754716981132,350.3236999511719,50593.10938,-0.4321538,0.4342399899782345,-0.033527869,-0.310958892
233.68,2007,1/1/2007,10,31.476992000000003,-81.271288,0.1224997586266112,0.8886691331863403,0.672978401,0.1320754716981132,315.49346923828125,50593.10938,-0.525637361,0.458540191,-0.065579445,-0.269315064
136.352,2008,1/1/2008,10,31.476992000000003,-81.271288,0.108877032,0.8886691331863403,0.672978401,0.1320754716981132,328.1943359,50593.10938,-0.440757731,0.4499925295084414,-0.077208463,-0.181506857
348.48,2011,1/1/2011,10,31.476992000000003,-81.271288,0.1136156260190329,0.8886691331863403,0.672978401,0.1320754716981132,346.85552978515625,50593.10938,-0.422182825,0.416558054,0.060299056,-0.334109575
430.928,2013,1/1/2013,10,31.476992000000003,-81.271288,0.1531420181669711,0.8886691331863403,0.672978401,0.1320754716981132,335.2755432128906,50593.10938,-0.459493102,0.4719001102068074,-0.026589316,0.1226027384400367
655.328,2017,1/1/2017,10,31.476992000000003,-81.271288,0.09322518,0.8886691331863403,0.672978401,0.1320754716981132,328.6724853515625,50593.10938,-0.387446504,0.3856460567682918,-0.010888445,-0.163013697
606.336,2020,1/1/2020,10,31.476992000000003,-81.271288,0.1164792684222804,0.8886691331863403,0.672978401,0.1320754716981132,307.1003112792969,50593.10938,-0.399893026,0.3841398450215066,-0.018794599,-0.118999995
286.08,2022,1/1/2022,10,31.476992000000003,-81.271288,0.098937814,0.8886691331863403,0.672978401,0.1320754716981132,339.9460754394531,50593.10938,-0.362528406,0.3762146591094879,0.007998753,-0.246301368
1658.128,2005,1/1/2005,10,31.476993,-81.270655,0.1281848224545376,0.444767028,1.201499581336975,0.067757009,330.9638061523437,50593.10938,-0.421350498,0.4774890667339322,-0.017254656,0.3586301207542419
787.04,2009,1/1/2009,10,31.476993,-81.270655,0.094427874,0.444767028,1.201499581336975,0.067757009,326.0732727050781,50593.10938,-0.450226007,0.3767741336346328,0,0.1283561587333679
631.648,2013,1/1/2013,10,31.476993,-81.270655,0.1522459653885942,0.444767028,1.201499581336975,0.067757009,335.2755432128906,50593.10938,-0.416995074,0.4536656220349002,-0.024243873,0.1226027384400367
416.944,2014,1/1/2014,10,31.476993,-81.270655,0.1075812959759127,0.444767028,1.201499581336975,0.067757009,337.8082580566406,50593.10938,-0.321908319,0.3436063849858364,0.011701851,0.049041096
503.088,2015,1/1/2015,10,31.476993,-81.270655,0.1139280893361148,0.444767028,1.201499581336975,0.067757009,309.5255432128906,50593.10938,-0.358773698,0.3214175712635987,0.040152177,0.005205478
359.216,2016,1/1/2016,10,31.476993,-81.270655,0.1225232936107777,0.444767028,1.201499581336975,0.067757009,332.9486999511719,50593.10938,-0.34046542,0.3624870584942739,0.035377234,-0.369726002
455.536,2017,1/1/2017,10,31.476993,-81.270655,0.1074144912810243,0.444767028,1.201499581336975,0.067757009,328.6724853515625,50593.10938,-0.365025683,0.4156235296168828,0.004832333,-0.163013697
380.256,2019,1/1/2019,10,31.476993,-81.270655,0.093240991,0.444767028,1.201499581336975,0.067757009,321.2828369140625,50593.10938,-0.344024241,0.350406911,0.00293725,-0.334084511
587.2,2020,1/1/2020,10,31.476993,-81.270655,0.1251662035185584,0.444767028,1.201499581336975,0.067757009,307.1003112792969,50593.10938,-0.379121772,0.3959840142141194,-0.000659947,-0.118999995
446.128,2010,1/1/2010,10,31.476993000000004,-81.270655,0.1017903328222522,0.444767028,1.201499581336975,0.067757009,338.1866455078125,50593.10938,-0.372760959,0.3940751111589737,0.035824832,-0.623013675
527.6320000000001,2021,1/1/2021,10,31.476993000000004,-81.270655,0.098943591,0.444767028,1.201499581336975,0.067757009,330.583252,50593.10938,-0.346693488,0.3865904393975204,-0.005857787,0.1102739721536636
473.984,2022,1/1/2022,10,31.476993000000004,-81.270655,0.1150152775391537,0.444767028,1.201499581336975,0.067757009,339.9460754394531,50593.10938,-0.308010096,0.4051167709282219,0.006246824,-0.246301368
155.24,2002,1/1/2002,10,31.476997,-81.270459,0.037122873,4.449438095092773,0.9938350915908812,0.067757009,305.7662048339844,50593.10938,-0.221517241,0.2208997748265237,0.063480115,0.1228767111897468
237.96,2004,1/1/2004,10,31.476997,-81.270459,0.084344452,4.449438095092773,0.9938350915908812,0.067757009,319.9862976074219,50593.10938,-0.378953904,0.3861179050350009,-0.047227604,-0.147397265
723.78,2005,1/1/2005,10,31.476997,-81.270459,0.1281848224545376,4.449438095092773,0.9938350915908812,0.067757009,330.9638061523437,50593.10938,-0.421350498,0.4774890667339322,-0.017254656,0.3586301207542419
463.196,2009,1/1/2009,10,31.476997,-81.270459,0.094427874,4.449438095092773,0.9938350915908812,0.067757009,326.0732727050781,50593.10938,-0.450226007,0.3767741336346328,0,0.1283561587333679
787.632,2013,1/1/2013,10,31.476997,-81.270459,0.1522459653885942,4.449438095092773,0.9938350915908812,0.067757009,335.2755432128906,50593.10938,-0.416995074,0.4536656220349002,-0.024243873,0.1226027384400367
317.364,2014,1/1/2014,10,31.476997,-81.270459,0.1075812959759127,4.449438095092773,0.9938350915908812,0.067757009,337.8082580566406,50593.10938,-0.321908319,0.3436063849858364,0.011701851,0.049041096
783.4639999999999,2015,1/1/2015,10,31.476997,-81.270459,0.1139280893361148,4.449438095092773,0.9938350915908812,0.067757009,309.5255432128906,50593.10938,-0.358773698,0.3214175712635987,0.040152177,0.005205478
183.284,2016,1/1/2016,10,31.476997,-81.270459,0.1225232936107777,4.449438095092773,0.9938350915908812,0.067757009,332.9486999511719,50593.10938,-0.34046542,0.3624870584942739,0.035377234,-0.369726002
497.528,2017,1/1/2017,10,31.476997,-81.270459,0.1074144912810243,4.449438095092773,0.9938350915908812,0.067757009,328.6724853515625,50593.10938,-0.365025683,0.4156235296168828,0.004832333,-0.163013697
231.884,2018,1/1/2018,10,31.476997,-81.270459,0.1109506481692064,4.449438095092773,0.9938350915908812,0.067757009,331.6895751953125,50593.10938,-0.346987403,0.3845291199615572,-0.004214358,0.059315067
547.5600000000001,2019,1/1/2019,10,31.476997,-81.270459,0.093240991,4.449438095092773,0.9938350915908812,0.067757009,321.2828369140625,50593.10938,-0.344024241,0.350406911,0.00293725,-0.334084511
522.9680000000001,2020,1/1/2020,10,31.476997,-81.270459,0.1251662035185584,4.449438095092773,0.9938350915908812,0.067757009,307.1003112792969,50593.10938,-0.379121772,0.3959840142141194,-0.000659947,-0.118999995
522.16,2021,1/1/2021,10,31.476997,-81.270459,0.098943591,4.449438095092773,0.9938350915908812,0.067757009,330.583252,50593.10938,-0.346693488,0.3865904393975204,-0.005857787,0.1102739721536636
609.164,2022,1/1/2022,10,31.476997,-81.270459,0.1150152775391537,4.449438095092773,0.9938350915908812,0.067757009,339.9460754394531,50593.10938,-0.308010096,0.4051167709282219,0.006246824,-0.246301368
633.532,2001,1/1/2001,10,31.476997000000004,-81.270459,0.085912712,4.449438095092773,0.9938350915908812,0.067757009,343.0917358398437,50593.10938,-0.293435165,0.2232076464543039,0.011542704,-0.234794512
610.644,2010,1/1/2010,10,31.476997000000004,-81.270459,0.1017903328222522,4.449438095092773,0.9938350915908812,0.067757009,338.1866455078125,50593.10938,-0.372760959,0.3940751111589737,0.035824832,-0.623013675
8.256,2002,1/1/2002,10,31.477007,-81.271566,0.1013703304857886,2.225118637084961,0.8606942892074585,0.088888889,305.7662048339844,50593.10938,-0.422252431,0.4199136588912809,0.019929881,0.1228767111897468
178.832,2004,1/1/2004,10,31.477007,-81.271566,0.1233589877841559,2.225118637084961,0.8606942892074585,0.088888889,319.9862976074219,50593.10938,-0.467137572,0.4634333454831587,-0.063617245,-0.147397265
1241.248,2005,1/1/2005,10,31.477007,-81.271566,0.1420239351671375,2.225118637084961,0.8606942892074585,0.088888889,330.9638061523437,50593.10938,-0.492905968,0.5433030240238842,-0.023539002,0.3586301207542419
1244.688,2007,1/1/2007,10,31.477007,-81.271566,0.1228341983799158,2.225118637084961,0.8606942892074585,0.088888889,315.49346923828125,50593.10938,-0.514854446,0.4333810555520477,-0.076498444,-0.269315064
149.568,2008,1/1/2008,10,31.477007,-81.271566,0.1020498033532817,2.225118637084961,0.8606942892074585,0.088888889,328.1943359,50593.10938,-0.426042175,0.4177257373100867,-0.055667469,-0.181506857
245.552,2010,1/1/2010,10,31.477007,-81.271566,0.1008878283691773,2.225118637084961,0.8606942892074585,0.088888889,338.1866455078125,50593.10938,-0.426426472,0.4109251740319264,0.025077109,-0.623013675
392.048,2011,1/1/2011,10,31.477007,-81.271566,0.1202349494696708,2.225118637084961,0.8606942892074585,0.088888889,346.85552978515625,50593.10938,-0.425898405,0.3654567644532843,0.0458948,-0.334109575
631.008,2012,1/1/2012,10,31.477007,-81.271566,0.1002400241388776,2.225118637084961,0.8606942892074585,0.088888889,318.861084,50593.10938,-0.460593339,0.3565323035536078,-0.030547397,-0.281643838
657.568,2014,1/1/2014,10,31.477007,-81.271566,0.1365835241902964,2.225118637084961,0.8606942892074585,0.088888889,337.8082580566406,50593.10938,-0.380079717,0.433588501,-0.017364156,0.049041096
895.184,2015,1/1/2015,10,31.477007,-81.271566,0.1273905685160655,2.225118637084961,0.8606942892074585,0.088888889,309.5255432128906,50593.10938,-0.459912783,0.4161338357372118,0.002225769,0.005205478
1122.304,2017,1/1/2017,10,31.477007,-81.271566,0.108557715,2.225118637084961,0.8606942892074585,0.088888889,328.6724853515625,50593.10938,-0.414439248,0.407841094,-0.01510036,-0.163013697
2061.584,2018,1/1/2018,10,31.477007,-81.271566,0.1183858814742848,2.225118637084961,0.8606942892074585,0.088888889,331.6895751953125,50593.10938,-0.403155778,0.4334012298574613,-0.002833923,0.059315067
239.376,2021,1/1/2021,10,31.477007,-81.271566,0.1164985325986872,2.225118637084961,0.8606942892074585,0.088888889,330.583252,50593.10938,-0.381741216,0.3896344729045737,-0.015878407,0.1102739721536636
552.208,2006,1/1/2006,10,31.477007,-81.271566,0.084061318,2.225118637084961,0.8606942892074585,0.088888889,350.3236999511719,50593.10938,-0.376660981,0.3656879398204323,0.029546339,-0.310958892
733.136,2019,1/1/2019,10,31.477007,-81.271566,0.1001233524799106,2.225118637084961,0.8606942892074585,0.088888889,321.2828369140625,50593.10938,-0.404205381,0.4043110268670146,-0.028610887,-0.334084511
594.16,2000,1/1/2000,10,31.477007000000004,-81.271566,0.099306104,2.225118637084961,0.8606942892074585,0.088888889,337.4818420410156,50593.10938,-0.416862183,0.4243818760618207,-0.022492367,-0.360958904
653.008,2001,1/1/2001,10,31.477007000000004,-81.271566,0.122192513,2.225118637084961,0.8606942892074585,0.088888889,343.0917358398437,50593.10938,-0.489348909,0.4783670185465196,-0.070174571,-0.234794512
1255.824,2013,1/1/2013,10,31.477007000000004,-81.271566,0.164933071,2.225118637084961,0.8606942892074585,0.088888889,335.2755432128906,50593.10938,-0.485147084,0.5135305531398442,-0.05363709,0.1226027384400367
573.84,2016,1/1/2016,10,31.477007000000004,-81.271566,0.1197041358503388,2.225118637084961,0.8606942892074585,0.088888889,332.9486999511719,50593.10938,-0.404892682,0.4078100962439052,0.020232986,-0.369726002
815.984,2020,1/1/2020,10,31.477007000000004,-81.271566,0.1407494618979726,2.225118637084961,0.8606942892074585,0.088888889,307.1003112792969,50593.10938,-0.424655427,0.435148699,0.002403452,-0.118999995
545.232,2022,1/1/2022,10,31.477007000000004,-81.271566,0.1134370025673419,2.225118637084961,0.8606942892074585,0.088888889,339.9460754394531,50593.10938,-0.385455948,0.4377569808103642,-0.017399941,-0.246301368
1435.088,2005,1/1/2005,10,31.477034,-81.270622,0.1281848224545376,0.9521268606185912,1.2399367094039917,0.067757009,330.9638061523437,50593.10938,-0.421350498,0.4774890667339322,-0.017254656,0.3586301207542419
604.416,2009,1/1/2009,10,31.477034,-81.270622,0.094427874,0.9521268606185912,1.2399367094039917,0.067757009,326.0732727050781,50593.10938,-0.450226007,0.3767741336346328,0,0.1283561587333679
654.976,2010,1/1/2010,10,31.477034,-81.270622,0.1017903328222522,0.9521268606185912,1.2399367094039917,0.067757009,338.1866455078125,50593.10938,-0.372760959,0.3940751111589737,0.035824832,-0.623013675
960.96,2013,1/1/2013,10,31.477034,-81.270622,0.1522459653885942,0.9521268606185912,1.2399367094039917,0.067757009,335.2755432128906,50593.10938,-0.416995074,0.4536656220349002,-0.024243873,0.1226027384400367
486.512,2014,1/1/2014,10,31.477034,-81.270622,0.1075812959759127,0.9521268606185912,1.2399367094039917,0.067757009,337.8082580566406,50593.10938,-0.321908319,0.3436063849858364,0.011701851,0.049041096
840.56,2015,1/1/2015,10,31.477034,-81.270622,0.1139280893361148,0.9521268606185912,1.2399367094039917,0.067757009,309.5255432128906,50593.10938,-0.358773698,0.3214175712635987,0.040152177,0.005205478
501.6,2016,1/1/2016,10,31.477034,-81.270622,0.1225232936107777,0.9521268606185912,1.2399367094039917,0.067757009,332.9486999511719,50593.10938,-0.34046542,0.3624870584942739,0.035377234,-0.369726002
672.016,2017,1/1/2017,10,31.477034,-81.270622,0.1074144912810243,0.9521268606185912,1.2399367094039917,0.067757009,328.6724853515625,50593.10938,-0.365025683,0.4156235296168828,0.004832333,-0.163013697
403.408,2019,1/1/2019,10,31.477034,-81.270622,0.093240991,0.9521268606185912,1.2399367094039917,0.067757009,321.2828369140625,50593.10938,-0.344024241,0.350406911,0.00293725,-0.334084511
532.352,2020,1/1/2020,10,31.477034,-81.270622,0.1251662035185584,0.9521268606185912,1.2399367094039917,0.067757009,307.1003112792969,50593.10938,-0.379121772,0.3959840142141194,-0.000659947,-0.118999995
675.52,2021,1/1/2021,10,31.477034,-81.270622,0.098943591,0.9521268606185912,1.2399367094039917,0.067757009,330.583252,50593.10938,-0.346693488,0.3865904393975204,-0.005857787,0.1102739721536636
755.296,2022,1/1/2022,10,31.477034,-81.270622,0.1150152775391537,0.9521268606185912,1.2399367094039917,0.067757009,339.9460754394531,50593.10938,-0.308010096,0.4051167709282219,0.006246824,-0.246301368
1803.776,2018,1/1/2018,10,31.477098,-81.270523,0.1407494195239384,2.3272018432617188,1.0116194486618042,0.023474178,331.6895751953125,50593.10938,-0.342662477,0.4177143697647806,0.015175634,0.059315067
223.584,2000,1/1/2000,10,31.477098,-81.270523,0.071151553,2.3272018432617188,1.0116194486618042,0.023474178,337.4818420410156,50593.10938,-0.420591745,0.2941658194962167,-0.020053712,-0.360958904
1009.696,2002,1/1/2002,10,31.477098,-81.270523,0.096111894,2.3272018432617188,1.0116194486618042,0.023474178,305.7662048339844,50593.10938,-0.343630266,0.3602846279953957,0.032192706,0.1228767111897468
311.776,2004,1/1/2004,10,31.477098,-81.270523,0.1226871107384784,2.3272018432617188,1.0116194486618042,0.023474178,319.9862976074219,50593.10938,-0.441702559,0.4590799181113815,0.022356461,-0.147397265
518.464,2005,1/1/2005,10,31.477098,-81.270523,0.1448780610606313,2.3272018432617188,1.0116194486618042,0.023474178,330.9638061523437,50593.10938,-0.443832725,0.5053056444980578,-0.026514268,0.3586301207542419
305.12,2009,1/1/2009,10,31.477098,-81.270523,0.1051153438544574,2.3272018432617188,1.0116194486618042,0.023474178,326.0732727050781,50593.10938,-0.483250601,0.4700815155325547,0.004688166,0.1283561587333679
105.504,2010,1/1/2010,10,31.477098,-81.270523,0.1160280668006664,2.3272018432617188,1.0116194486618042,0.023474178,338.1866455078125,50593.10938,-0.392779575,0.481908825,-0.057862411,-0.623013675
286.096,2011,1/1/2011,10,31.477098,-81.270523,0.1004487688731322,2.3272018432617188,1.0116194486618042,0.023474178,346.85552978515625,50593.10938,-0.419649995,0.3931714535165697,0.053249046,-0.334109575
475.344,2013,1/1/2013,10,31.477098,-81.270523,0.1764101972961387,2.3272018432617188,1.0116194486618042,0.023474178,335.2755432128906,50593.10938,-0.416085568,0.5139506411527779,0.001312597,0.1226027384400367
446.432,2014,1/1/2014,10,31.477098,-81.270523,0.1384058811028035,2.3272018432617188,1.0116194486618042,0.023474178,337.8082580566406,50593.10938,-0.350436808,0.4194317677711112,0.005498408,0.049041096
608.6080000000001,2015,1/1/2015,10,31.477098,-81.270523,0.1321991853363394,2.3272018432617188,1.0116194486618042,0.023474178,309.5255432128906,50593.10938,-0.368556521,0.4206752332447541,0.028332666,0.005205478
382.064,2017,1/1/2017,10,31.477098,-81.270523,0.1240200484065615,2.3272018432617188,1.0116194486618042,0.023474178,328.6724853515625,50593.10938,-0.34086811,0.4354602563645585,0.012625711,-0.163013697
462.096,2019,1/1/2019,10,31.477098,-81.270523,0.1025590928417863,2.3272018432617188,1.0116194486618042,0.023474178,321.2828369140625,50593.10938,-0.320204211,0.3972411781028538,0.012984969,-0.334084511
634.784,2020,1/1/2020,10,31.477098,-81.270523,0.1450940862534996,2.3272018432617188,1.0116194486618042,0.023474178,307.1003112792969,50593.10938,-0.350970603,0.4427450808735462,-0.005430609,-0.118999995
444.736,2022,1/1/2022,10,31.477098,-81.270523,0.1228589880287356,2.3272018432617188,1.0116194486618042,0.023474178,339.9460754394531,50593.10938,-0.277087027,0.4298369488943021,0.02572646,-0.246301368
313.664,2016,1/1/2016,10,31.477098000000005,-81.270523,0.1375618674875193,2.3272018432617188,1.0116194486618042,0.023474178,332.9486999511719,50593.10938,-0.336511369,0.4116626123718269,0.029238604,-0.369726002
451.072,2021,1/1/2021,10,31.477098000000005,-81.270523,0.129908928,2.3272018432617188,1.0116194486618042,0.023474178,330.583252,50593.10938,-0.333986089,0.4349883903507504,0.026509179,0.1102739721536636
208,2000,1/1/2000,10,31.477262,-81.270532,0.071151553,1.9301248788833616,1.0717566013336182,0.023474178,337.4818420410156,50593.10938,-0.420591745,0.2941658194962167,-0.020053712,-0.360958904
475.552,2002,1/1/2002,10,31.477262,-81.270532,0.096111894,1.9301248788833616,1.0717566013336182,0.023474178,305.7662048339844,50593.10938,-0.343630266,0.3602846279953957,0.032192706,0.1228767111897468
380.048,2004,1/1/2004,10,31.477262,-81.270532,0.1226871107384784,1.9301248788833616,1.0717566013336182,0.023474178,319.9862976074219,50593.10938,-0.441702559,0.4590799181113815,0.022356461,-0.147397265
389.904,2009,1/1/2009,10,31.477262,-81.270532,0.1051153438544574,1.9301248788833616,1.0717566013336182,0.023474178,326.0732727050781,50593.10938,-0.483250601,0.4700815155325547,0.004688166,0.1283561587333679
314.352,2010,1/1/2010,10,31.477262,-81.270532,0.1160280668006664,1.9301248788833616,1.0717566013336182,0.023474178,338.1866455078125,50593.10938,-0.392779575,0.481908825,-0.057862411,-0.623013675
151.36,2011,1/1/2011,10,31.477262,-81.270532,0.1004487688731322,1.9301248788833616,1.0717566013336182,0.023474178,346.85552978515625,50593.10938,-0.419649995,0.3931714535165697,0.053249046,-0.334109575
347.472,2013,1/1/2013,10,31.477262,-81.270532,0.1764101972961387,1.9301248788833616,1.0717566013336182,0.023474178,335.2755432128906,50593.10938,-0.416085568,0.5139506411527779,0.001312597,0.1226027384400367
377.136,2014,1/1/2014,10,31.477262,-81.270532,0.1384058811028035,1.9301248788833616,1.0717566013336182,0.023474178,337.8082580566406,50593.10938,-0.350436808,0.4194317677711112,0.005498408,0.049041096
1384.768,2018,1/1/2018,10,31.477262,-81.270532,0.1407494195239384,1.9301248788833616,1.0717566013336182,0.023474178,331.6895751953125,50593.10938,-0.342662477,0.4177143697647806,0.015175634,0.059315067
340.192,2021,1/1/2021,10,31.477262,-81.270532,0.129908928,1.9301248788833616,1.0717566013336182,0.023474178,330.583252,50593.10938,-0.333986089,0.4349883903507504,0.026509179,0.1102739721536636
131.904,2005,1/1/2005,10,31.477262000000003,-81.270532,0.1448780610606313,1.9301248788833616,1.0717566013336182,0.023474178,330.9638061523437,50593.10938,-0.443832725,0.5053056444980578,-0.026514268,0.3586301207542419
555.04,2015,1/1/2015,10,31.477262000000003,-81.270532,0.1321991853363394,1.9301248788833616,1.0717566013336182,0.023474178,309.5255432128906,50593.10938,-0.368556521,0.4206752332447541,0.028332666,0.005205478
535.184,2016,1/1/2016,10,31.477262000000003,-81.270532,0.1375618674875193,1.9301248788833616,1.0717566013336182,0.023474178,332.9486999511719,50593.10938,-0.336511369,0.4116626123718269,0.029238604,-0.369726002
549.888,2017,1/1/2017,10,31.477262000000003,-81.270532,0.1240200484065615,1.9301248788833616,1.0717566013336182,0.023474178,328.6724853515625,50593.10938,-0.34086811,0.4354602563645585,0.012625711,-0.163013697
311.728,2019,1/1/2019,10,31.477262000000003,-81.270532,0.1025590928417863,1.9301248788833616,1.0717566013336182,0.023474178,321.2828369140625,50593.10938,-0.320204211,0.3972411781028538,0.012984969,-0.334084511
645.0400000000001,2020,1/1/2020,10,31.477262000000003,-81.270532,0.1450940862534996,1.9301248788833616,1.0717566013336182,0.023474178,307.1003112792969,50593.10938,-0.350970603,0.4427450808735462,-0.005430609,-0.118999995
383.152,2022,1/1/2022,10,31.477262000000003,-81.270532,0.1228589880287356,1.9301248788833616,1.0717566013336182,0.023474178,339.9460754394531,50593.10938,-0.277087027,0.4298369488943021,0.02572646,-0.246301368
1194.864,2005,1/1/2005,10,31.47735,-81.270636,0.1606820969750343,1.749748706817627,1.4079084396362305,0.034261242,330.9638061523437,50593.10938,-0.499632968,0.5306744421167662,0.025741833,0.3586301207542419
914.56,2006,1/1/2006,10,31.47735,-81.270636,0.1380801631553706,1.749748706817627,1.4079084396362305,0.034261242,350.3236999511719,50593.10938,-0.416694394,0.4534034702049147,0.02793527,-0.310958892
489.312,2007,1/1/2007,10,31.47735,-81.270636,0.1330118227734077,1.749748706817627,1.4079084396362305,0.034261242,315.49346923828125,50593.10938,-0.427960662,0.4347402443081903,0.024712931,-0.269315064
378.416,2009,1/1/2009,10,31.47735,-81.270636,0.1406571054606254,1.749748706817627,1.4079084396362305,0.034261242,326.0732727050781,50593.10938,-0.46960573,0.4692685444524185,0.024206802,0.1283561587333679
414.624,2010,1/1/2010,10,31.47735,-81.270636,0.1311697637776289,1.749748706817627,1.4079084396362305,0.034261242,338.1866455078125,50593.10938,-0.426357582,0.4578101627051964,0.020569572,-0.623013675
476.096,2011,1/1/2011,10,31.47735,-81.270636,0.1080135650125981,1.749748706817627,1.4079084396362305,0.034261242,346.85552978515625,50593.10938,-0.437848913,0.4300227978640396,0.054697994,-0.334109575
525.552,2013,1/1/2013,10,31.47735,-81.270636,0.1592464421389488,1.749748706817627,1.4079084396362305,0.034261242,335.2755432128906,50593.10938,-0.395884343,0.5050101558147582,0.001798006,0.1226027384400367
603.088,2014,1/1/2014,10,31.47735,-81.270636,0.1342711672944629,1.749748706817627,1.4079084396362305,0.034261242,337.8082580566406,50593.10938,-0.378218351,0.4173822098894291,-0.004359601,0.049041096
300.928,2015,1/1/2015,10,31.47735,-81.270636,0.11664312,1.749748706817627,1.4079084396362305,0.034261242,309.5255432128906,50593.10938,-0.384885901,0.3732281917618911,0.021052356,0.005205478
363.76,2016,1/1/2016,10,31.47735,-81.270636,0.1298288277297161,1.749748706817627,1.4079084396362305,0.034261242,332.9486999511719,50593.10938,-0.37815547,0.4017249473008962,0.031849547,-0.369726002
404.896,2017,1/1/2017,10,31.47735,-81.270636,0.1235276843415399,1.749748706817627,1.4079084396362305,0.034261242,328.6724853515625,50593.10938,-0.350605148,0.4441961862139426,0.014076367,-0.163013697
806.448,2019,1/1/2019,10,31.47735,-81.270636,0.1015138277309391,1.749748706817627,1.4079084396362305,0.034261242,321.2828369140625,50593.10938,-0.309751134,0.3928144877431005,0.005580687,-0.334084511
803.392,2020,1/1/2020,10,31.47735,-81.270636,0.1406087414612061,1.749748706817627,1.4079084396362305,0.034261242,307.1003112792969,50593.10938,-0.364754653,0.4807978016260943,0.006018969,-0.118999995
550.4639999999999,2021,1/1/2021,10,31.47735,-81.270636,0.1206565305803644,1.749748706817627,1.4079084396362305,0.034261242,330.583252,50593.10938,-0.354391796,0.4285853704805915,0.009953509,0.1102739721536636
793.392,2022,1/1/2022,10,31.47735,-81.270636,0.1150437509524155,1.749748706817627,1.4079084396362305,0.034261242,339.9460754394531,50593.10938,-0.3042421,0.4115301404102194,0.048066419,-0.246301368
1505.696,2005,1/1/2005,10,31.477543,-81.27068,0.1606820969750343,1.6327383518218994,1.1291522979736328,0.034261242,330.9638061523437,50593.10938,-0.499632968,0.5306744421167662,0.025741833,0.3586301207542419
934.144,2006,1/1/2006,10,31.477543,-81.27068,0.1380801631553706,1.6327383518218994,1.1291522979736328,0.034261242,350.3236999511719,50593.10938,-0.416694394,0.4534034702049147,0.02793527,-0.310958892
550.352,2007,1/1/2007,10,31.477543,-81.27068,0.1330118227734077,1.6327383518218994,1.1291522979736328,0.034261242,315.49346923828125,50593.10938,-0.427960662,0.4347402443081903,0.024712931,-0.269315064
683.472,2010,1/1/2010,10,31.477543,-81.27068,0.1311697637776289,1.6327383518218994,1.1291522979736328,0.034261242,338.1866455078125,50593.10938,-0.426357582,0.4578101627051964,0.020569572,-0.623013675
742.592,2011,1/1/2011,10,31.477543,-81.27068,0.1080135650125981,1.6327383518218994,1.1291522979736328,0.034261242,346.85552978515625,50593.10938,-0.437848913,0.4300227978640396,0.054697994,-0.334109575
1274.48,2013,1/1/2013,10,31.477543,-81.27068,0.1592464421389488,1.6327383518218994,1.1291522979736328,0.034261242,335.2755432128906,50593.10938,-0.395884343,0.5050101558147582,0.001798006,0.1226027384400367
286.912,2014,1/1/2014,10,31.477543,-81.27068,0.1342711672944629,1.6327383518218994,1.1291522979736328,0.034261242,337.8082580566406,50593.10938,-0.378218351,0.4173822098894291,-0.004359601,0.049041096
389.088,2015,1/1/2015,10,31.477543,-81.27068,0.11664312,1.6327383518218994,1.1291522979736328,0.034261242,309.5255432128906,50593.10938,-0.384885901,0.3732281917618911,0.021052356,0.005205478
217.152,2017,1/1/2017,10,31.477543,-81.27068,0.1235276843415399,1.6327383518218994,1.1291522979736328,0.034261242,328.6724853515625,50593.10938,-0.350605148,0.4441961862139426,0.014076367,-0.163013697
89.60000000000001,2019,1/1/2019,10,31.477543,-81.27068,0.1015138277309391,1.6327383518218994,1.1291522979736328,0.034261242,321.2828369140625,50593.10938,-0.309751134,0.3928144877431005,0.005580687,-0.334084511
340.30400000000003,2020,1/1/2020,10,31.477543,-81.27068,0.1406087414612061,1.6327383518218994,1.1291522979736328,0.034261242,307.1003112792969,50593.10938,-0.364754653,0.4807978016260943,0.006018969,-0.118999995
285.92,2022,1/1/2022,10,31.477543,-81.27068,0.1150437509524155,1.6327383518218994,1.1291522979736328,0.034261242,339.9460754394531,50593.10938,-0.3042421,0.4115301404102194,0.048066419,-0.246301368
510.24,2009,1/1/2009,10,31.477543000000004,-81.27068,0.1406571054606254,1.6327383518218994,1.1291522979736328,0.034261242,326.0732727050781,50593.10938,-0.46960573,0.4692685444524185,0.024206802,0.1283561587333679
298.752,2016,1/1/2016,10,31.477543000000004,-81.27068,0.1298288277297161,1.6327383518218994,1.1291522979736328,0.034261242,332.9486999511719,50593.10938,-0.37815547,0.4017249473008962,0.031849547,-0.369726002
87.66400000000002,2021,1/1/2021,10,31.477543000000004,-81.27068,0.1206565305803644,1.6327383518218994,1.1291522979736328,0.034261242,330.583252,50593.10938,-0.354391796,0.4285853704805915,0.009953509,0.1102739721536636
536.064,2009,1/1/2009,10,31.477636,-81.270693,0.1556304378683514,1.894414663,1.0776174068450928,0.041118421,326.0732727050781,50593.10938,-0.500009843,0.4841368676497281,0.007774401,0.1283561587333679
1230.592,2006,1/1/2006,10,31.477636,-81.270693,0.1333307714354796,1.894414663,1.0776174068450928,0.041118421,350.3236999511719,50593.10938,-0.486762739,0.5083483410152324,0.018254795,-0.310958892
862.656,2007,1/1/2007,10,31.477636,-81.270693,0.1762760165534489,1.894414663,1.0776174068450928,0.041118421,315.49346923828125,50593.10938,-0.504481456,0.5756973276416583,0.024080971,-0.269315064
1002.016,2013,1/1/2013,10,31.477636,-81.270693,0.1763345058007037,1.894414663,1.0776174068450928,0.041118421,335.2755432128906,50593.10938,-0.497643365,0.5241723093161003,0.045839121,0.1226027384400367
520.496,2014,1/1/2014,10,31.477636,-81.270693,0.1433094612314961,1.894414663,1.0776174068450928,0.041118421,337.8082580566406,50593.10938,-0.459141662,0.4548845742064442,0.044125619,0.049041096
447.936,2015,1/1/2015,10,31.477636,-81.270693,0.1370290961601779,1.894414663,1.0776174068450928,0.041118421,309.5255432128906,50593.10938,-0.4786708,0.4195705882830653,0.000907741,0.005205478
813.04,2016,1/1/2016,10,31.477636,-81.270693,0.146375824,1.894414663,1.0776174068450928,0.041118421,332.9486999511719,50593.10938,-0.46592551,0.44677151,0.031849547,-0.369726002
448.528,2019,1/1/2019,10,31.477636,-81.270693,0.1336320271053455,1.894414663,1.0776174068450928,0.041118421,321.2828369140625,50593.10938,-0.404890667,0.4204265558001327,0.01056947,-0.334084511
1038.256,2020,1/1/2020,10,31.477636,-81.270693,0.1594678734423542,1.894414663,1.0776174068450928,0.041118421,307.1003112792969,50593.10938,-0.455981693,0.5163179865034336,0.009007581,-0.118999995
959.408,2005,1/1/2005,10,31.477636000000004,-81.270693,0.1684039515769143,1.894414663,1.0776174068450928,0.041118421,330.9638061523437,50593.10938,-0.560396178,0.5166268347884739,-0.014341591,0.3586301207542419
777.344,2008,1/1/2008,10,31.477636000000004,-81.270693,0.1180875462654228,1.894414663,1.0776174068450928,0.041118421,328.1943359,50593.10938,-0.594942456,0.4891001288092489,-0.065911462,-0.181506857
573.168,2010,1/1/2010,10,31.477636000000004,-81.270693,0.146700451,1.894414663,1.0776174068450928,0.041118421,338.1866455078125,50593.10938,-0.512311736,0.4913908491836378,0.043707705,-0.623013675
583.12,2011,1/1/2011,10,31.477636000000004,-81.270693,0.1386553608656479,1.894414663,1.0776174068450928,0.041118421,346.85552978515625,50593.10938,-0.510899974,0.4619482462426122,0.044520459,-0.334109575
682.704,2017,1/1/2017,10,31.477636000000004,-81.270693,0.136279783,1.894414663,1.0776174068450928,0.041118421,328.6724853515625,50593.10938,-0.460655158,0.4264644986344889,0.020358045,-0.163013697
806.768,2021,1/1/2021,10,31.477636000000004,-81.270693,0.1389525000067354,1.894414663,1.0776174068450928,0.041118421,330.583252,50593.10938,-0.414446872,0.4344101853587901,-0.002917411,0.1102739721536636
941.664,2022,1/1/2022,10,31.477636000000004,-81.270693,0.1540069232885785,1.894414663,1.0776174068450928,0.041118421,339.9460754394531,50593.10938,-0.418177169,0.4742793493626021,-0.009455286,-0.246301368
942.72,2000,1/1/2000,3,31.518161,-81.229238,0.1108184140066874,3.0053188800811768,1.104395031929016,0.1818181818181818,337.3777160644531,50610.12891,-0.46970694,0.3507537986149631,-0.022515059,-0.348219186
1320.588,2004,1/1/2004,3,31.518161,-81.229238,0.1111839850525301,3.0053188800811768,1.104395031929016,0.1818181818181818,319.4154357910156,50610.12891,-0.46148306,0.4013871773559981,0.003509826,-0.09931507
545.788,2005,1/1/2005,3,31.518161,-81.229238,0.1397898103243318,3.0053188800811768,1.104395031929016,0.1818181818181818,330.8974914550781,50610.12891,-0.584383747,0.4744232490063654,-0.026625456,0.3782191872596741
596.26,2007,1/1/2007,3,31.518161,-81.229238,0.1069523222151449,3.0053188800811768,1.104395031929016,0.1818181818181818,316.85577392578125,50610.12891,-0.519941498,0.3913946113673729,-0.044836656,-0.301369876
213.256,2010,1/1/2010,3,31.518161,-81.229238,0.1073953404290847,3.0053188800811768,1.104395031929016,0.1818181818181818,337.8800048828125,50610.12891,-0.448594837,0.4648901355773716,0.011385961,-0.61054796
940.636,2013,1/1/2013,3,31.518161,-81.229238,0.1175148178252519,3.0053188800811768,1.104395031929016,0.1818181818181818,332.9473876953125,50610.12891,-0.478441446,0.4118890208168697,-0.035636084,0.1134246587753295
962.704,2014,1/1/2014,3,31.518161,-81.229238,0.122212538,3.0053188800811768,1.104395031929016,0.1818181818181818,336.2303161621094,50610.12891,-0.468460544,0.4003973752162745,-0.019290031,0.060000002
695.896,2015,1/1/2015,3,31.518161,-81.229238,0.1132121232222184,3.0053188800811768,1.104395031929016,0.1818181818181818,312.1328125,50610.12891,-0.461758785,0.361986066,-0.012139165,0.03657534
306.612,2017,1/1/2017,3,31.518161,-81.229238,0.1146079387181419,3.0053188800811768,1.104395031929016,0.1818181818181818,328.8197937011719,50610.12891,-0.436182713,0.3897089429572988,-0.001800164,-0.163972601
900.16,2018,1/1/2018,3,31.518161,-81.229238,0.1112471634480769,3.0053188800811768,1.104395031929016,0.1818181818181818,330.98260498046875,50610.12891,-0.473526341,0.4155092030569838,0.000374834,0.1087671220302581
710.94,2019,1/1/2019,3,31.518161,-81.229238,0.094375444,3.0053188800811768,1.104395031929016,0.1818181818181818,323.5923767089844,50610.12891,-0.466070307,0.3459051131988425,-0.022248924,-0.299154907
877.248,2020,1/1/2020,3,31.518161,-81.229238,0.1326648788514234,3.0053188800811768,1.104395031929016,0.1818181818181818,306.5635986328125,50610.12891,-0.524085251,0.4871553113481862,-0.041309705,-0.079857133
419.652,2021,1/1/2021,3,31.518161,-81.229238,0.109849979,3.0053188800811768,1.104395031929016,0.1818181818181818,328.6517333984375,50610.12891,-0.396850352,0.3863745021331486,-0.004011043,0.123424657
364.108,2022,1/1/2022,3,31.518161,-81.229238,0.130098245,3.0053188800811768,1.104395031929016,0.1818181818181818,338.1392517089844,50610.12891,-0.468724401,0.4470086121289463,0.003027384,-0.183150679
650.2719999999999,2001,1/1/2001,3,31.518161000000003,-81.229238,0.1323887185986489,3.0053188800811768,1.104395031929016,0.1818181818181818,344.29913330078125,50610.12891,-0.525699991,0.4083642303770749,-0.054703922,-0.19520548
444.852,2008,1/1/2008,3,31.518161000000003,-81.229238,0.1059833157832448,3.0053188800811768,1.104395031929016,0.1818181818181818,327.9032592773437,50610.12891,-0.446044,0.3826057797487198,-0.010544303,-0.165753424
733.572,2009,1/1/2009,3,31.518161000000003,-81.229238,0.1153161653116198,3.0053188800811768,1.104395031929016,0.1818181818181818,324.7769470214844,50610.12891,-0.416928956,0.3814636116071548,-0.006212549,0.149315059
75.156,2016,1/1/2016,3,31.518161000000003,-81.229238,0.1286392935982339,3.0053188800811768,1.104395031929016,0.1818181818181818,332.0195617675781,50610.12891,-0.481479684,0.4128858531761952,-0.024093453,-0.406438351
523.008,2001,1/1/2001,3,31.518198,-81.229197,0.1323887185986489,4.379272461,0.5665794610977173,0.1818181818181818,344.29913330078125,50610.12891,-0.525699991,0.4083642303770749,-0.054703922,-0.19520548
640.792,2009,1/1/2009,3,31.518198,-81.229197,0.1153161653116198,4.379272461,0.5665794610977173,0.1818181818181818,324.7769470214844,50610.12891,-0.416928956,0.3814636116071548,-0.006212549,0.149315059
613.792,2000,1/1/2000,3,31.518198,-81.229197,0.1108184140066874,4.379272461,0.5665794610977173,0.1818181818181818,337.3777160644531,50610.12891,-0.46970694,0.3507537986149631,-0.022515059,-0.348219186
328.38,2004,1/1/2004,3,31.518198,-81.229197,0.1111839850525301,4.379272461,0.5665794610977173,0.1818181818181818,319.4154357910156,50610.12891,-0.46148306,0.4013871773559981,0.003509826,-0.09931507
711.9399999999999,2005,1/1/2005,3,31.518198,-81.229197,0.1397898103243318,4.379272461,0.5665794610977173,0.1818181818181818,330.8974914550781,50610.12891,-0.584383747,0.4744232490063654,-0.026625456,0.3782191872596741
623.248,2007,1/1/2007,3,31.518198,-81.229197,0.1069523222151449,4.379272461,0.5665794610977173,0.1818181818181818,316.85577392578125,50610.12891,-0.519941498,0.3913946113673729,-0.044836656,-0.301369876
514.544,2008,1/1/2008,3,31.518198,-81.229197,0.1059833157832448,4.379272461,0.5665794610977173,0.1818181818181818,327.9032592773437,50610.12891,-0.446044,0.3826057797487198,-0.010544303,-0.165753424
199.272,2010,1/1/2010,3,31.518198,-81.229197,0.1073953404290847,4.379272461,0.5665794610977173,0.1818181818181818,337.8800048828125,50610.12891,-0.448594837,0.4648901355773716,0.011385961,-0.61054796
1150.26,2013,1/1/2013,3,31.518198,-81.229197,0.1175148178252519,4.379272461,0.5665794610977173,0.1818181818181818,332.9473876953125,50610.12891,-0.478441446,0.4118890208168697,-0.035636084,0.1134246587753295
56.832,2014,1/1/2014,3,31.518198,-81.229197,0.122212538,4.379272461,0.5665794610977173,0.1818181818181818,336.2303161621094,50610.12891,-0.468460544,0.4003973752162745,-0.019290031,0.060000002
910.5,2015,1/1/2015,3,31.518198,-81.229197,0.1132121232222184,4.379272461,0.5665794610977173,0.1818181818181818,312.1328125,50610.12891,-0.461758785,0.361986066,-0.012139165,0.03657534
358.744,2016,1/1/2016,3,31.518198,-81.229197,0.1286392935982339,4.379272461,0.5665794610977173,0.1818181818181818,332.0195617675781,50610.12891,-0.481479684,0.4128858531761952,-0.024093453,-0.406438351
2131.428,2020,1/1/2020,3,31.518198,-81.229197,0.1326648788514234,4.379272461,0.5665794610977173,0.1818181818181818,306.5635986328125,50610.12891,-0.524085251,0.4871553113481862,-0.041309705,-0.079857133
310.54,2021,1/1/2021,3,31.518198,-81.229197,0.109849979,4.379272461,0.5665794610977173,0.1818181818181818,328.6517333984375,50610.12891,-0.396850352,0.3863745021331486,-0.004011043,0.123424657
960.04,2022,1/1/2022,3,31.518198,-81.229197,0.130098245,4.379272461,0.5665794610977173,0.1818181818181818,338.1392517089844,50610.12891,-0.468724401,0.4470086121289463,0.003027384,-0.183150679
709.5319999999999,2017,1/1/2017,3,31.518198000000005,-81.229197,0.1146079387181419,4.379272461,0.5665794610977173,0.1818181818181818,328.8197937011719,50610.12891,-0.436182713,0.3897089429572988,-0.001800164,-0.163972601
1513.372,2018,1/1/2018,3,31.518198000000005,-81.229197,0.1112471634480769,4.379272461,0.5665794610977173,0.1818181818181818,330.98260498046875,50610.12891,-0.473526341,0.4155092030569838,0.000374834,0.1087671220302581
644.116,2019,1/1/2019,3,31.518198000000005,-81.229197,0.094375444,4.379272461,0.5665794610977173,0.1818181818181818,323.5923767089844,50610.12891,-0.466070307,0.3459051131988425,-0.022248924,-0.299154907
884.584,2005,1/1/2005,3,31.518307,-81.229103,0.1825612091029551,4.182973384857178,0.6425799131393433,0.2614259597806215,330.8974914550781,50610.12891,-0.590746057,0.4838255711273947,0.017792852,0.3782191872596741
353.196,2008,1/1/2008,3,31.518307,-81.229103,0.1159521851819408,4.182973384857178,0.6425799131393433,0.2614259597806215,327.9032592773437,50610.12891,-0.491720661,0.3924036516027344,-0.019199467,-0.165753424
505.028,2009,1/1/2009,3,31.518307,-81.229103,0.1071364266028535,4.182973384857178,0.6425799131393433,0.2614259597806215,324.7769470214844,50610.12891,-0.441782071,0.3473151929331697,-0.02229142,0.149315059
1575.824,2013,1/1/2013,3,31.518307,-81.229103,0.1332915531716745,4.182973384857178,0.6425799131393433,0.2614259597806215,332.9473876953125,50610.12891,-0.466755804,0.398080087,-0.010943789,0.1134246587753295
790.888,2014,1/1/2014,3,31.518307,-81.229103,0.1092719327466516,4.182973384857178,0.6425799131393433,0.2614259597806215,336.2303161621094,50610.12891,-0.471800137,0.3957711133371722,-0.05053232,0.060000002
341.116,2015,1/1/2015,3,31.518307,-81.229103,0.1383885800919659,4.182973384857178,0.6425799131393433,0.2614259597806215,312.1328125,50610.12891,-0.469865832,0.3781993261257041,-0.014545245,0.03657534
821.116,2016,1/1/2016,3,31.518307,-81.229103,0.1680095370920671,4.182973384857178,0.6425799131393433,0.2614259597806215,332.0195617675781,50610.12891,-0.505983339,0.4506989214894574,-0.031884058,-0.406438351
363.89200000000005,2017,1/1/2017,3,31.518307,-81.229103,0.1246936690022403,4.182973384857178,0.6425799131393433,0.2614259597806215,328.8197937011719,50610.12891,-0.448008737,0.4000817984152762,-0.009379796,-0.163972601
461.22,2018,1/1/2018,3,31.518307,-81.229103,0.1557233320375672,4.182973384857178,0.6425799131393433,0.2614259597806215,330.98260498046875,50610.12891,-0.482255389,0.4421480003900756,-0.001743541,0.1087671220302581
710.216,2020,1/1/2020,3,31.518307,-81.229103,0.1645207326524311,4.182973384857178,0.6425799131393433,0.2614259597806215,306.5635986328125,50610.12891,-0.555522596,0.4776043463376055,-0.039910689,-0.079857133
1123.712,2021,1/1/2021,3,31.518307,-81.229103,0.1332709122662475,4.182973384857178,0.6425799131393433,0.2614259597806215,328.6517333984375,50610.12891,-0.415298568,0.4060606731031279,-0.009441742,0.123424657
1058.52,2022,1/1/2022,3,31.518307,-81.229103,0.1540909222525607,4.182973384857178,0.6425799131393433,0.2614259597806215,338.1392517089844,50610.12891,-0.514819306,0.5000225939090418,-0.034280477,-0.183150679
106.064,2001,1/1/2001,3,31.518307000000004,-81.229103,0.080340333,4.182973384857178,0.6425799131393433,0.2614259597806215,344.29913330078125,50610.12891,-0.517263907,0.3052434928880601,-0.009446755,-0.19520548
366.62,2004,1/1/2004,3,31.518307000000004,-81.229103,0.1110604398036516,4.182973384857178,0.6425799131393433,0.2614259597806215,319.4154357910156,50610.12891,-0.456980547,0.3637818524857077,-0.037248523,-0.09931507
32.896,2006,1/1/2006,3,31.518307000000004,-81.229103,0.068533414,4.182973384857178,0.6425799131393433,0.2614259597806215,349.6590270996094,50610.12891,-0.407209362,0.292477776,-0.029594015,-0.325068504
497.776,2007,1/1/2007,3,31.518307000000004,-81.229103,0.121044019,4.182973384857178,0.6425799131393433,0.2614259597806215,316.85577392578125,50610.12891,-0.609243638,0.4359638100025136,-0.105054332,-0.301369876
268.96000000000004,2010,1/1/2010,3,31.518307000000004,-81.229103,0.1097047588762286,4.182973384857178,0.6425799131393433,0.2614259597806215,337.8800048828125,50610.12891,-0.470374386,0.4456325301204819,-0.002405423,-0.61054796
327.508,2019,1/1/2019,3,31.518307000000004,-81.229103,0.088224174,4.182973384857178,0.6425799131393433,0.2614259597806215,323.5923767089844,50610.12891,-0.480435438,0.3520438498644809,-0.02380725,-0.299154907
369.86,2001,1/1/2001,3,31.518422,-81.229055,0.080340333,3.587728739,1.0750055313110352,0.2614259597806215,344.29913330078125,50610.12891,-0.517263907,0.3052434928880601,-0.009446755,-0.19520548
157.52,2004,1/1/2004,3,31.518422,-81.229055,0.1110604398036516,3.587728739,1.0750055313110352,0.2614259597806215,319.4154357910156,50610.12891,-0.456980547,0.3637818524857077,-0.037248523,-0.09931507
660.8199999999999,2005,1/1/2005,3,31.518422,-81.229055,0.1825612091029551,3.587728739,1.0750055313110352,0.2614259597806215,330.8974914550781,50610.12891,-0.590746057,0.4838255711273947,0.017792852,0.3782191872596741
103.468,2006,1/1/2006,3,31.518422,-81.229055,0.068533414,3.587728739,1.0750055313110352,0.2614259597806215,349.6590270996094,50610.12891,-0.407209362,0.292477776,-0.029594015,-0.325068504
473.56,2007,1/1/2007,3,31.518422,-81.229055,0.121044019,3.587728739,1.0750055313110352,0.2614259597806215,316.85577392578125,50610.12891,-0.609243638,0.4359638100025136,-0.105054332,-0.301369876
231.528,2008,1/1/2008,3,31.518422,-81.229055,0.1159521851819408,3.587728739,1.0750055313110352,0.2614259597806215,327.9032592773437,50610.12891,-0.491720661,0.3924036516027344,-0.019199467,-0.165753424
276.004,2010,1/1/2010,3,31.518422,-81.229055,0.1097047588762286,3.587728739,1.0750055313110352,0.2614259597806215,337.8800048828125,50610.12891,-0.470374386,0.4456325301204819,-0.002405423,-0.61054796
2145.98,2013,1/1/2013,3,31.518422,-81.229055,0.1332915531716745,3.587728739,1.0750055313110352,0.2614259597806215,332.9473876953125,50610.12891,-0.466755804,0.398080087,-0.010943789,0.1134246587753295
1445.2,2014,1/1/2014,3,31.518422,-81.229055,0.1092719327466516,3.587728739,1.0750055313110352,0.2614259597806215,336.2303161621094,50610.12891,-0.471800137,0.3957711133371722,-0.05053232,0.060000002
809.36,2015,1/1/2015,3,31.518422,-81.229055,0.1383885800919659,3.587728739,1.0750055313110352,0.2614259597806215,312.1328125,50610.12891,-0.469865832,0.3781993261257041,-0.014545245,0.03657534
578.552,2016,1/1/2016,3,31.518422,-81.229055,0.1680095370920671,3.587728739,1.0750055313110352,0.2614259597806215,332.0195617675781,50610.12891,-0.505983339,0.4506989214894574,-0.031884058,-0.406438351
373.048,2017,1/1/2017,3,31.518422,-81.229055,0.1246936690022403,3.587728739,1.0750055313110352,0.2614259597806215,328.8197937011719,50610.12891,-0.448008737,0.4000817984152762,-0.009379796,-0.163972601
445.368,2018,1/1/2018,3,31.518422,-81.229055,0.1557233320375672,3.587728739,1.0750055313110352,0.2614259597806215,330.98260498046875,50610.12891,-0.482255389,0.4421480003900756,-0.001743541,0.1087671220302581
114.42,2019,1/1/2019,3,31.518422,-81.229055,0.088224174,3.587728739,1.0750055313110352,0.2614259597806215,323.5923767089844,50610.12891,-0.480435438,0.3520438498644809,-0.02380725,-0.299154907
598.296,2020,1/1/2020,3,31.518422,-81.229055,0.1645207326524311,3.587728739,1.0750055313110352,0.2614259597806215,306.5635986328125,50610.12891,-0.555522596,0.4776043463376055,-0.039910689,-0.079857133
1102.7,2021,1/1/2021,3,31.518422,-81.229055,0.1332709122662475,3.587728739,1.0750055313110352,0.2614259597806215,328.6517333984375,50610.12891,-0.415298568,0.4060606731031279,-0.009441742,0.123424657
1050.992,2009,1/1/2009,3,31.518422000000005,-81.229055,0.1071364266028535,3.587728739,1.0750055313110352,0.2614259597806215,324.7769470214844,50610.12891,-0.441782071,0.3473151929331697,-0.02229142,0.149315059
804.36,2022,1/1/2022,3,31.518422000000005,-81.229055,0.1540909222525607,3.587728739,1.0750055313110352,0.2614259597806215,338.1392517089844,50610.12891,-0.514819306,0.5000225939090418,-0.034280477,-0.183150679
58.5,2001,1/1/2001,3,31.518546,-81.229033,0.080340333,0.6896405220031738,1.103505253791809,0.2614259597806215,344.29913330078125,50610.12891,-0.517263907,0.3052434928880601,-0.009446755,-0.19520548
401.572,2004,1/1/2004,3,31.518546,-81.229033,0.1110604398036516,0.6896405220031738,1.103505253791809,0.2614259597806215,319.4154357910156,50610.12891,-0.456980547,0.3637818524857077,-0.037248523,-0.09931507
749.016,2005,1/1/2005,3,31.518546,-81.229033,0.1825612091029551,0.6896405220031738,1.103505253791809,0.2614259597806215,330.8974914550781,50610.12891,-0.590746057,0.4838255711273947,0.017792852,0.3782191872596741
227.7,2006,1/1/2006,3,31.518546,-81.229033,0.068533414,0.6896405220031738,1.103505253791809,0.2614259597806215,349.6590270996094,50610.12891,-0.407209362,0.292477776,-0.029594015,-0.325068504
401.484,2009,1/1/2009,3,31.518546,-81.229033,0.1071364266028535,0.6896405220031738,1.103505253791809,0.2614259597806215,324.7769470214844,50610.12891,-0.441782071,0.3473151929331697,-0.02229142,0.149315059
1516.876,2013,1/1/2013,3,31.518546,-81.229033,0.1332915531716745,0.6896405220031738,1.103505253791809,0.2614259597806215,332.9473876953125,50610.12891,-0.466755804,0.398080087,-0.010943789,0.1134246587753295
906.228,2014,1/1/2014,3,31.518546,-81.229033,0.1092719327466516,0.6896405220031738,1.103505253791809,0.2614259597806215,336.2303161621094,50610.12891,-0.471800137,0.3957711133371722,-0.05053232,0.060000002
442.94,2016,1/1/2016,3,31.518546,-81.229033,0.1680095370920671,0.6896405220031738,1.103505253791809,0.2614259597806215,332.0195617675781,50610.12891,-0.505983339,0.4506989214894574,-0.031884058,-0.406438351
740.484,2017,1/1/2017,3,31.518546,-81.229033,0.1246936690022403,0.6896405220031738,1.103505253791809,0.2614259597806215,328.8197937011719,50610.12891,-0.448008737,0.4000817984152762,-0.009379796,-0.163972601
425.416,2018,1/1/2018,3,31.518546,-81.229033,0.1557233320375672,0.6896405220031738,1.103505253791809,0.2614259597806215,330.98260498046875,50610.12891,-0.482255389,0.4421480003900756,-0.001743541,0.1087671220302581
307.224,2019,1/1/2019,3,31.518546,-81.229033,0.088224174,0.6896405220031738,1.103505253791809,0.2614259597806215,323.5923767089844,50610.12891,-0.480435438,0.3520438498644809,-0.02380725,-0.299154907
909.78,2020,1/1/2020,3,31.518546,-81.229033,0.1645207326524311,0.6896405220031738,1.103505253791809,0.2614259597806215,306.5635986328125,50610.12891,-0.555522596,0.4776043463376055,-0.039910689,-0.079857133
991.82,2022,1/1/2022,3,31.518546,-81.229033,0.1540909222525607,0.6896405220031738,1.103505253791809,0.2614259597806215,338.1392517089844,50610.12891,-0.514819306,0.5000225939090418,-0.034280477,-0.183150679
495.788,2007,1/1/2007,3,31.518546000000004,-81.229033,0.121044019,0.6896405220031738,1.103505253791809,0.2614259597806215,316.85577392578125,50610.12891,-0.609243638,0.4359638100025136,-0.105054332,-0.301369876
233.74,2008,1/1/2008,3,31.518546000000004,-81.229033,0.1159521851819408,0.6896405220031738,1.103505253791809,0.2614259597806215,327.9032592773437,50610.12891,-0.491720661,0.3924036516027344,-0.019199467,-0.165753424
215.08,2010,1/1/2010,3,31.518546000000004,-81.229033,0.1097047588762286,0.6896405220031738,1.103505253791809,0.2614259597806215,337.8800048828125,50610.12891,-0.470374386,0.4456325301204819,-0.002405423,-0.61054796
842.556,2015,1/1/2015,3,31.518546000000004,-81.229033,0.1383885800919659,0.6896405220031738,1.103505253791809,0.2614259597806215,312.1328125,50610.12891,-0.469865832,0.3781993261257041,-0.014545245,0.03657534
96.268,2021,1/1/2021,3,31.518546000000004,-81.229033,0.1332709122662475,0.6896405220031738,1.103505253791809,0.2614259597806215,328.6517333984375,50610.12891,-0.415298568,0.4060606731031279,-0.009441742,0.123424657
194.736,2000,1/1/2000,3,31.518635,-81.229451,0.08467644,0.4907055795192718,0.8953677415847778,0.2328767123287671,337.3777160644531,50610.12891,-0.467930431,0.316941989,0.019944298,-0.348219186
85.888,2001,1/1/2001,3,31.518635,-81.229451,0.094060277,0.4907055795192718,0.8953677415847778,0.2328767123287671,344.29913330078125,50610.12891,-0.466287703,0.3320014101775422,0.029618763,-0.19520548
650.944,2002,1/1/2002,3,31.518635,-81.229451,0.103460788,0.4907055795192718,0.8953677415847778,0.2328767123287671,305.7474060058594,50610.12891,-0.491496585,0.3458471796634043,0.079528305,0.1219178065657615
331.76,2004,1/1/2004,3,31.518635,-81.229451,0.1323419746243883,0.4907055795192718,0.8953677415847778,0.2328767123287671,319.4154357910156,50610.12891,-0.499599461,0.3924780509050978,0.036328725,-0.09931507
381.84,2005,1/1/2005,3,31.518635,-81.229451,0.1123223762249347,0.4907055795192718,0.8953677415847778,0.2328767123287671,330.8974914550781,50610.12891,-0.531629563,0.4025893137687074,0.011789448,0.3782191872596741
253.264,2006,1/1/2006,3,31.518635,-81.229451,0.096459301,0.4907055795192718,0.8953677415847778,0.2328767123287671,349.6590270996094,50610.12891,-0.463640257,0.3611549229452344,0.042218321,-0.325068504
284.56,2007,1/1/2007,3,31.518635,-81.229451,0.1053447935380089,0.4907055795192718,0.8953677415847778,0.2328767123287671,316.85577392578125,50610.12891,-0.521319723,0.3655977757990071,0.029707732,-0.301369876
151.744,2008,1/1/2008,3,31.518635,-81.229451,0.084907345,0.4907055795192718,0.8953677415847778,0.2328767123287671,327.9032592773437,50610.12891,-0.453394769,0.3318307057534955,0.024216765,-0.165753424
216.48,2010,1/1/2010,3,31.518635,-81.229451,0.087613938,0.4907055795192718,0.8953677415847778,0.2328767123287671,337.8800048828125,50610.12891,-0.608823342,0.5631639364661237,0.039204123,-0.61054796
246.576,2011,1/1/2011,3,31.518635,-81.229451,0.070838291,0.4907055795192718,0.8953677415847778,0.2328767123287671,344.5704345703125,50610.12891,-0.53230008,0.3187851903184749,-0.0074444,-0.316575348
167.72799999999998,2012,1/1/2012,3,31.518635,-81.229451,0.070748823,0.4907055795192718,0.8953677415847778,0.2328767123287671,318.0824890136719,50610.12891,-0.412329241,0.2992614026855147,0.060714837,-0.282191783
139.888,2013,1/1/2013,3,31.518635,-81.229451,0.091054549,0.4907055795192718,0.8953677415847778,0.2328767123287671,332.9473876953125,50610.12891,-0.440146374,0.3201931323100576,0.021314652,0.1134246587753295
374.704,2015,1/1/2015,3,31.518635,-81.229451,0.084655038,0.4907055795192718,0.8953677415847778,0.2328767123287671,312.1328125,50610.12891,-0.313709078,0.3536141521061408,0.036969564,0.03657534
657.552,2016,1/1/2016,3,31.518635,-81.229451,0.083453945,0.4907055795192718,0.8953677415847778,0.2328767123287671,332.0195617675781,50610.12891,-0.413165423,0.3130856023376968,0.036092759,-0.406438351
528.624,2017,1/1/2017,3,31.518635,-81.229451,0.1099750881304171,0.4907055795192718,0.8953677415847778,0.2328767123287671,328.8197937011719,50610.12891,-0.485007999,0.3911153711524359,0.012259263,-0.163972601
260.432,2018,1/1/2018,3,31.518635,-81.229451,0.1081618784239857,0.4907055795192718,0.8953677415847778,0.2328767123287671,330.98260498046875,50610.12891,-0.458176107,0.3760988762595305,0.013837014,0.1087671220302581
403.28,2019,1/1/2019,3,31.518635,-81.229451,0.087077879,0.4907055795192718,0.8953677415847778,0.2328767123287671,323.5923767089844,50610.12891,-0.466986846,0.3255826923548581,0.003979123,-0.299154907
469.936,2020,1/1/2020,3,31.518635,-81.229451,0.1096510585778484,0.4907055795192718,0.8953677415847778,0.2328767123287671,306.5635986328125,50610.12891,-0.47474008,0.4021749183045457,0.033971871,-0.079857133
306.064,2021,1/1/2021,3,31.518635,-81.229451,0.1176888503835873,0.4907055795192718,0.8953677415847778,0.2328767123287671,328.6517333984375,50610.12891,-0.44129672,0.3993749988423087,0.000196096,0.123424657
291.024,2022,1/1/2022,3,31.518635,-81.229451,0.1307058239792042,0.4907055795192718,0.8953677415847778,0.2328767123287671,338.1392517089844,50610.12891,-0.440569572,0.4141276106293023,0.010436716,-0.183150679
366.56,2014,1/1/2014,3,31.518635000000003,-81.229451,0.088428528,0.4907055795192718,0.8953677415847778,0.2328767123287671,336.2303161621094,50610.12891,-0.427706894,0.3177149724641779,0.01469144,0.060000002
97.228,2001,1/1/2001,3,31.518678,-81.228997,0.1104082591113309,3.751325845718384,1.0786328315734863,0.1208981001727115,344.29913330078125,50610.12891,-0.516854881,0.3915312616321765,0.018431725,-0.19520548
3462.224,2002,1/1/2002,3,31.518678,-81.228997,0.1045130832217982,3.751325845718384,1.0786328315734863,0.1208981001727115,305.7474060058594,50610.12891,-0.512296627,0.3619795354675716,-0.003400835,0.1219178065657615
59.024,2004,1/1/2004,3,31.518678,-81.228997,0.118479596,3.751325845718384,1.0786328315734863,0.1208981001727115,319.4154357910156,50610.12891,-0.46579383,0.3969439184426631,0.034579113,-0.09931507
1180.992,2005,1/1/2005,3,31.518678,-81.228997,0.2069615066578167,3.751325845718384,1.0786328315734863,0.1208981001727115,330.8974914550781,50610.12891,-0.575004136,0.5172953596294825,-0.021595728,0.3782191872596741
646.568,2007,1/1/2007,3,31.518678,-81.228997,0.1380336097383593,3.751325845718384,1.0786328315734863,0.1208981001727115,316.85577392578125,50610.12891,-0.551213859,0.4489497299800994,-0.025554652,-0.301369876
318.42400000000004,2008,1/1/2008,3,31.518678,-81.228997,0.153793025,3.751325845718384,1.0786328315734863,0.1208981001727115,327.9032592773437,50610.12891,-0.490399842,0.4499345301254317,0.034701891,-0.165753424
150.252,2011,1/1/2011,3,31.518678,-81.228997,0.093000656,3.751325845718384,1.0786328315734863,0.1208981001727115,344.5704345703125,50610.12891,-0.42673357,0.3322338443748789,0.016660262,-0.316575348
411.176,2012,1/1/2012,3,31.518678,-81.228997,0.1001295352654403,3.751325845718384,1.0786328315734863,0.1208981001727115,318.0824890136719,50610.12891,-0.528749252,0.409229269,-0.020615506,-0.282191783
1498.192,2013,1/1/2013,3,31.518678,-81.228997,0.1436264475080505,3.751325845718384,1.0786328315734863,0.1208981001727115,332.9473876953125,50610.12891,-0.458524917,0.4358775958464534,-0.010475636,0.1134246587753295
957.98,2014,1/1/2014,3,31.518678,-81.228997,0.1389003891694957,3.751325845718384,1.0786328315734863,0.1208981001727115,336.2303161621094,50610.12891,-0.484593313,0.4443454548561854,-0.031644395,0.060000002
612.328,2015,1/1/2015,3,31.518678,-81.228997,0.1519675531666343,3.751325845718384,1.0786328315734863,0.1208981001727115,312.1328125,50610.12891,-0.464956215,0.3934495907806627,0,0.03657534
623.108,2016,1/1/2016,3,31.518678,-81.228997,0.1704704147637479,3.751325845718384,1.0786328315734863,0.1208981001727115,332.0195617675781,50610.12891,-0.522127188,0.4914374693501659,0.013430448,-0.406438351
1185.68,2017,1/1/2017,3,31.518678,-81.228997,0.1466186704202959,3.751325845718384,1.0786328315734863,0.1208981001727115,328.8197937011719,50610.12891,-0.491858334,0.4678308667667682,0.002344643,-0.163972601
1009.196,2018,1/1/2018,3,31.518678,-81.228997,0.1874684059889519,3.751325845718384,1.0786328315734863,0.1208981001727115,330.98260498046875,50610.12891,-0.475304347,0.4874789496412626,-0.021956088,0.1087671220302581
266.98400000000004,2019,1/1/2019,3,31.518678,-81.228997,0.1191016786946742,3.751325845718384,1.0786328315734863,0.1208981001727115,323.5923767089844,50610.12891,-0.506521396,0.406233642,-0.028568131,-0.299154907
1172.116,2020,1/1/2020,3,31.518678,-81.228997,0.1483073453531857,3.751325845718384,1.0786328315734863,0.1208981001727115,306.5635986328125,50610.12891,-0.539532706,0.4942833447121351,-0.003565032,-0.079857133
602.02,2021,1/1/2021,3,31.518678,-81.228997,0.1357967725222838,3.751325845718384,1.0786328315734863,0.1208981001727115,328.6517333984375,50610.12891,-0.452236931,0.4475202106890976,-0.006412844,0.123424657
988.884,2000,1/1/2000,3,31.518678000000005,-81.228997,0.096142681,3.751325845718384,1.0786328315734863,0.1208981001727115,337.3777160644531,50610.12891,-0.485376207,0.3817099876081775,-0.048370115,-0.348219186
1146.8239999999998,2009,1/1/2009,3,31.518678000000005,-81.228997,0.1377331719423937,3.751325845718384,1.0786328315734863,0.1208981001727115,324.7769470214844,50610.12891,-0.545133072,0.4577972989164611,-0.006881021,0.149315059
145.024,2010,1/1/2010,3,31.518678000000005,-81.228997,0.111154571,3.751325845718384,1.0786328315734863,0.1208981001727115,337.8800048828125,50610.12891,-0.44441394,0.4341471418438724,0.024183825,-0.61054796
65.04,2022,1/1/2022,3,31.518678000000005,-81.228997,0.1564762716773351,3.751325845718384,1.0786328315734863,0.1208981001727115,338.1392517089844,50610.12891,-0.492165366,0.5247260995528159,0.036345719,-0.183150679
203.504,2000,1/1/2000,3,31.518753,-81.229391,0.1104028070156507,0.3281077146530151,0.886945903,0.1128526645768025,337.3777160644531,50610.12891,-0.486009699,0.39575529,0.016382049,-0.348219186
211.024,2001,1/1/2001,3,31.518753,-81.229391,0.1450640693860537,0.3281077146530151,0.886945903,0.1128526645768025,344.29913330078125,50610.12891,-0.505112124,0.4241818905148041,0.00583407,-0.19520548
148.256,2002,1/1/2002,3,31.518753,-81.229391,0.1357960785623368,0.3281077146530151,0.886945903,0.1128526645768025,305.7474060058594,50610.12891,-0.533103154,0.4034241161534518,0.042547824,0.1219178065657615
176.528,2004,1/1/2004,3,31.518753,-81.229391,0.17422993,0.3281077146530151,0.886945903,0.1128526645768025,319.4154357910156,50610.12891,-0.573702016,0.4775228848212616,0.046203219,-0.09931507
356.96,2005,1/1/2005,3,31.518753,-81.229391,0.1531517624140846,0.3281077146530151,0.886945903,0.1128526645768025,330.8974914550781,50610.12891,-0.556522482,0.4677737386994716,0.01263847,0.3782191872596741
304.784,2006,1/1/2006,3,31.518753,-81.229391,0.1052980311768819,0.3281077146530151,0.886945903,0.1128526645768025,349.6590270996094,50610.12891,-0.437024857,0.4247615522453457,-0.005842837,-0.325068504
374.656,2007,1/1/2007,3,31.518753,-81.229391,0.1268475790570875,0.3281077146530151,0.886945903,0.1128526645768025,316.85577392578125,50610.12891,-0.551012941,0.4335024236275511,-0.048922198,-0.301369876
252.432,2008,1/1/2008,3,31.518753,-81.229391,0.1196504106858463,0.3281077146530151,0.886945903,0.1128526645768025,327.9032592773437,50610.12891,-0.507087696,0.3977790940264589,-0.00708746,-0.165753424
340.624,2009,1/1/2009,3,31.518753,-81.229391,0.1272410224802015,0.3281077146530151,0.886945903,0.1128526645768025,324.7769470214844,50610.12891,-0.481958863,0.4295615728349558,-0.002269549,0.149315059
295.936,2010,1/1/2010,3,31.518753,-81.229391,0.098581451,0.3281077146530151,0.886945903,0.1128526645768025,337.8800048828125,50610.12891,-0.465920903,0.4445960814308992,0.052525139,-0.61054796
73.024,2011,1/1/2011,3,31.518753,-81.229391,0.090254317,0.3281077146530151,0.886945903,0.1128526645768025,344.5704345703125,50610.12891,-0.425976649,0.3225491075758748,0.038655198,-0.316575348
392.96,2012,1/1/2012,3,31.518753,-81.229391,0.092738879,0.3281077146530151,0.886945903,0.1128526645768025,318.0824890136719,50610.12891,-0.491854044,0.3778097077146549,0.010407292,-0.282191783
487.44,2013,1/1/2013,3,31.518753,-81.229391,0.094750525,0.3281077146530151,0.886945903,0.1128526645768025,332.9473876953125,50610.12891,-0.446867111,0.3598580119045328,0.009971815,0.1134246587753295
488.048,2014,1/1/2014,3,31.518753,-81.229391,0.088990931,0.3281077146530151,0.886945903,0.1128526645768025,336.2303161621094,50610.12891,-0.43976671,0.3542461124683282,0.022613803,0.060000002
369.28,2015,1/1/2015,3,31.518753,-81.229391,0.1034658765437971,0.3281077146530151,0.886945903,0.1128526645768025,312.1328125,50610.12891,-0.411688304,0.3675533018027042,0.001358528,0.03657534
270.288,2016,1/1/2016,3,31.518753,-81.229391,0.1295078062009821,0.3281077146530151,0.886945903,0.1128526645768025,332.0195617675781,50610.12891,-0.447570228,0.3893978162650452,0.008438714,-0.406438351
534.16,2017,1/1/2017,3,31.518753,-81.229391,0.1239630650237526,0.3281077146530151,0.886945903,0.1128526645768025,328.8197937011719,50610.12891,-0.481469076,0.4154682856795821,0.040806489,-0.163972601
160.672,2018,1/1/2018,3,31.518753,-81.229391,0.1261182338459571,0.3281077146530151,0.886945903,0.1128526645768025,330.98260498046875,50610.12891,-0.461832139,0.4275835916056362,0.00648432,0.1087671220302581
265.6,2019,1/1/2019,3,31.518753,-81.229391,0.098836228,0.3281077146530151,0.886945903,0.1128526645768025,323.5923767089844,50610.12891,-0.493079468,0.3445710547639734,0.01017335,-0.299154907
507.44,2020,1/1/2020,3,31.518753,-81.229391,0.1106972675329899,0.3281077146530151,0.886945903,0.1128526645768025,306.5635986328125,50610.12891,-0.481831837,0.4012493116328545,-0.010992672,-0.079857133
573.84,2021,1/1/2021,3,31.518753,-81.229391,0.1191828586813059,0.3281077146530151,0.886945903,0.1128526645768025,328.6517333984375,50610.12891,-0.456969943,0.4192221515244045,-0.001940035,0.123424657
192.24,2022,1/1/2022,3,31.518753,-81.229391,0.1629497563014424,0.3281077146530151,0.886945903,0.1128526645768025,338.1392517089844,50610.12891,-0.474211191,0.4569315635521664,0.003449237,-0.183150679
244.924,2008,1/1/2008,3,31.518775999999995,-81.228978,0.153793025,1.6931757926940918,0.300532728,0.1208981001727115,327.9032592773437,50610.12891,-0.490399842,0.4499345301254317,0.034701891,-0.165753424
255.12,2010,1/1/2010,3,31.518775999999995,-81.228978,0.111154571,1.6931757926940918,0.300532728,0.1208981001727115,337.8800048828125,50610.12891,-0.44441394,0.4341471418438724,0.024183825,-0.61054796
276.22,2011,1/1/2011,3,31.518775999999995,-81.228978,0.093000656,1.6931757926940918,0.300532728,0.1208981001727115,344.5704345703125,50610.12891,-0.42673357,0.3322338443748789,0.016660262,-0.316575348
431.876,2012,1/1/2012,3,31.518775999999995,-81.228978,0.1001295352654403,1.6931757926940918,0.300532728,0.1208981001727115,318.0824890136719,50610.12891,-0.528749252,0.409229269,-0.020615506,-0.282191783
547.972,2022,1/1/2022,3,31.518775999999995,-81.228978,0.1564762716773351,1.6931757926940918,0.300532728,0.1208981001727115,338.1392517089844,50610.12891,-0.492165366,0.5247260995528159,0.036345719,-0.183150679
765.312,2000,1/1/2000,3,31.518776,-81.228978,0.096142681,1.6931757926940918,0.300532728,0.1208981001727115,337.3777160644531,50610.12891,-0.485376207,0.3817099876081775,-0.048370115,-0.348219186
0,2001,1/1/2001,3,31.518776,-81.228978,0.1104082591113309,1.6931757926940918,0.300532728,0.1208981001727115,344.29913330078125,50610.12891,-0.516854881,0.3915312616321765,0.018431725,-0.19520548
1177.92,2002,1/1/2002,3,31.518776,-81.228978,0.1045130832217982,1.6931757926940918,0.300532728,0.1208981001727115,305.7474060058594,50610.12891,-0.512296627,0.3619795354675716,-0.003400835,0.1219178065657615
415.14,2004,1/1/2004,3,31.518776,-81.228978,0.118479596,1.6931757926940918,0.300532728,0.1208981001727115,319.4154357910156,50610.12891,-0.46579383,0.3969439184426631,0.034579113,-0.09931507
1544.832,2005,1/1/2005,3,31.518776,-81.228978,0.2069615066578167,1.6931757926940918,0.300532728,0.1208981001727115,330.8974914550781,50610.12891,-0.575004136,0.5172953596294825,-0.021595728,0.3782191872596741
770.912,2007,1/1/2007,3,31.518776,-81.228978,0.1380336097383593,1.6931757926940918,0.300532728,0.1208981001727115,316.85577392578125,50610.12891,-0.551213859,0.4489497299800994,-0.025554652,-0.301369876
831.784,2009,1/1/2009,3,31.518776,-81.228978,0.1377331719423937,1.6931757926940918,0.300532728,0.1208981001727115,324.7769470214844,50610.12891,-0.545133072,0.4577972989164611,-0.006881021,0.149315059
601.3,2013,1/1/2013,3,31.518776,-81.228978,0.1436264475080505,1.6931757926940918,0.300532728,0.1208981001727115,332.9473876953125,50610.12891,-0.458524917,0.4358775958464534,-0.010475636,0.1134246587753295
441.74,2014,1/1/2014,3,31.518776,-81.228978,0.1389003891694957,1.6931757926940918,0.300532728,0.1208981001727115,336.2303161621094,50610.12891,-0.484593313,0.4443454548561854,-0.031644395,0.060000002
938.428,2015,1/1/2015,3,31.518776,-81.228978,0.1519675531666343,1.6931757926940918,0.300532728,0.1208981001727115,312.1328125,50610.12891,-0.464956215,0.3934495907806627,0,0.03657534
318.14,2016,1/1/2016,3,31.518776,-81.228978,0.1704704147637479,1.6931757926940918,0.300532728,0.1208981001727115,332.0195617675781,50610.12891,-0.522127188,0.4914374693501659,0.013430448,-0.406438351
778.596,2017,1/1/2017,3,31.518776,-81.228978,0.1466186704202959,1.6931757926940918,0.300532728,0.1208981001727115,328.8197937011719,50610.12891,-0.491858334,0.4678308667667682,0.002344643,-0.163972601
592.04,2018,1/1/2018,3,31.518776,-81.228978,0.1874684059889519,1.6931757926940918,0.300532728,0.1208981001727115,330.98260498046875,50610.12891,-0.475304347,0.4874789496412626,-0.021956088,0.1087671220302581
180.352,2019,1/1/2019,3,31.518776,-81.228978,0.1191016786946742,1.6931757926940918,0.300532728,0.1208981001727115,323.5923767089844,50610.12891,-0.506521396,0.406233642,-0.028568131,-0.299154907
975.092,2020,1/1/2020,3,31.518776,-81.228978,0.1483073453531857,1.6931757926940918,0.300532728,0.1208981001727115,306.5635986328125,50610.12891,-0.539532706,0.4942833447121351,-0.003565032,-0.079857133
274.112,2021,1/1/2021,3,31.518776,-81.228978,0.1357967725222838,1.6931757926940918,0.300532728,0.1208981001727115,328.6517333984375,50610.12891,-0.452236931,0.4475202106890976,-0.006412844,0.123424657
357.248,2000,1/1/2000,3,31.518865,-81.229364,0.093595398,0.3629729449748993,0.9020092487335204,0.1299852289512555,337.3777160644531,50610.12891,-0.490519365,0.3520059772108596,0.05920754,-0.348219186
295.536,2001,1/1/2001,3,31.518865,-81.229364,0.1236622893904377,0.3629729449748993,0.9020092487335204,0.1299852289512555,344.29913330078125,50610.12891,-0.48988901,0.4044254316113663,0.023492041,-0.19520548
514.5600000000001,2002,1/1/2002,3,31.518865,-81.229364,0.1224389487733043,0.3629729449748993,0.9020092487335204,0.1299852289512555,305.7474060058594,50610.12891,-0.546947864,0.3898263188607786,0.021642016,0.1219178065657615
540.592,2004,1/1/2004,3,31.518865,-81.229364,0.1633906321978752,0.3629729449748993,0.9020092487335204,0.1299852289512555,319.4154357910156,50610.12891,-0.55662696,0.4788951106707722,0.014119804,-0.09931507
268.656,2005,1/1/2005,3,31.518865,-81.229364,0.137725666,0.3629729449748993,0.9020092487335204,0.1299852289512555,330.8974914550781,50610.12891,-0.553087365,0.4346771118071831,0.026079786,0.3782191872596741
269.392,2006,1/1/2006,3,31.518865,-81.229364,0.094194991,0.3629729449748993,0.9020092487335204,0.1299852289512555,349.6590270996094,50610.12891,-0.450354674,0.3573129982213275,0.039478503,-0.325068504
489.856,2007,1/1/2007,3,31.518865,-81.229364,0.099056814,0.3629729449748993,0.9020092487335204,0.1299852289512555,316.85577392578125,50610.12891,-0.531271494,0.399457736,0.1086688886887056,-0.301369876
187.44,2008,1/1/2008,3,31.518865,-81.229364,0.1171822148873376,0.3629729449748993,0.9020092487335204,0.1299852289512555,327.9032592773437,50610.12891,-0.486184387,0.3897615767545516,0.050122135,-0.165753424
120.496,2009,1/1/2009,3,31.518865,-81.229364,0.101252589,0.3629729449748993,0.9020092487335204,0.1299852289512555,324.7769470214844,50610.12891,-0.502508905,0.3636645520088115,0.002284528,0.149315059
139.872,2010,1/1/2010,3,31.518865,-81.229364,0.096069691,0.3629729449748993,0.9020092487335204,0.1299852289512555,337.8800048828125,50610.12891,-0.496951079,0.4141903642581622,0.091540761,-0.61054796
94.768,2011,1/1/2011,3,31.518865,-81.229364,0.091854893,0.3629729449748993,0.9020092487335204,0.1299852289512555,344.5704345703125,50610.12891,-0.459798065,0.33111111,0.038377797,-0.316575348
150.128,2012,1/1/2012,3,31.518865,-81.229364,0.087744919,0.3629729449748993,0.9020092487335204,0.1299852289512555,318.0824890136719,50610.12891,-0.45387085,0.3462932976932273,0.022230296,-0.282191783
66.816,2013,1/1/2013,3,31.518865,-81.229364,0.094874125,0.3629729449748993,0.9020092487335204,0.1299852289512555,332.9473876953125,50610.12891,-0.451650179,0.3372237461686351,0.037061606,0.1134246587753295
115.728,2014,1/1/2014,3,31.518865,-81.229364,0.1004186746186002,0.3629729449748993,0.9020092487335204,0.1299852289512555,336.2303161621094,50610.12891,-0.463317133,0.3612114926407642,0.030966915,0.060000002
218.096,2015,1/1/2015,3,31.518865,-81.229364,0.098647117,0.3629729449748993,0.9020092487335204,0.1299852289512555,312.1328125,50610.12891,-0.416360906,0.3594646234068705,0.012356434,0.03657534
234.608,2016,1/1/2016,3,31.518865,-81.229364,0.1259140431164105,0.3629729449748993,0.9020092487335204,0.1299852289512555,332.0195617675781,50610.12891,-0.457691968,0.3839855633088538,0.026786602,-0.406438351
375.424,2017,1/1/2017,3,31.518865,-81.229364,0.1292590694120719,0.3629729449748993,0.9020092487335204,0.1299852289512555,328.8197937011719,50610.12891,-0.48652635,0.417616809,0.067383127,-0.163972601
381.136,2018,1/1/2018,3,31.518865,-81.229364,0.127793074,0.3629729449748993,0.9020092487335204,0.1299852289512555,330.98260498046875,50610.12891,-0.489064859,0.4167601376715742,0.0395991,0.1087671220302581
200.112,2019,1/1/2019,3,31.518865,-81.229364,0.097531734,0.3629729449748993,0.9020092487335204,0.1299852289512555,323.5923767089844,50610.12891,-0.497558865,0.3468960131483708,0.031835095,-0.299154907
94.512,2020,1/1/2020,3,31.518865,-81.229364,0.108421438,0.3629729449748993,0.9020092487335204,0.1299852289512555,306.5635986328125,50610.12891,-0.494816154,0.4079230440835612,0.007517916,-0.079857133
391.216,2021,1/1/2021,3,31.518865,-81.229364,0.1450619708862291,0.3629729449748993,0.9020092487335204,0.1299852289512555,328.6517333984375,50610.12891,-0.479538941,0.4536272298096383,0.009480498,0.123424657
159.68,2022,1/1/2022,3,31.518865,-81.229364,0.1628848937430096,0.3629729449748993,0.9020092487335204,0.1299852289512555,338.1392517089844,50610.12891,-0.498962922,0.4590409,0.036216702,-0.183150679
1671.384,2002,1/1/2002,3,31.51892,-81.228956,0.098685126,3.825093507766724,1.1061642169952393,0.1017857142857142,305.7474060058594,50610.12891,-0.555201496,0.3646132095498158,-0.038808591,0.1219178065657615
1429.8,2021,1/1/2021,3,31.51892,-81.228956,0.1259297031449731,3.825093507766724,1.1061642169952393,0.1017857142857142,328.6517333984375,50610.12891,-0.466953592,0.4641512623294698,0.002513755,0.123424657
1237.564,2022,1/1/2022,3,31.51892,-81.228956,0.1404739446752664,3.825093507766724,1.1061642169952393,0.1017857142857142,338.1392517089844,50610.12891,-0.49319646,0.4902561012349761,-0.012769429,-0.183150679
710.396,2000,1/1/2000,3,31.51892,-81.228956,0.09816144,3.825093507766724,1.1061642169952393,0.1017857142857142,337.3777160644531,50610.12891,-0.476149258,0.3910215221506373,-0.001120688,-0.348219186
37.072,2001,1/1/2001,3,31.51892,-81.228956,0.1041895600388208,3.825093507766724,1.1061642169952393,0.1017857142857142,344.29913330078125,50610.12891,-0.462890538,0.3803816614922218,0.022742936,-0.19520548
326.6,2004,1/1/2004,3,31.51892,-81.228956,0.1173699196720608,3.825093507766724,1.1061642169952393,0.1017857142857142,319.4154357910156,50610.12891,-0.510815851,0.403351472,-0.031054702,-0.09931507
939.48,2005,1/1/2005,3,31.51892,-81.228956,0.1769383668223725,3.825093507766724,1.1061642169952393,0.1017857142857142,330.8974914550781,50610.12891,-0.563318639,0.4825808917047334,-0.007024945,0.3782191872596741
550.5,2006,1/1/2006,3,31.51892,-81.228956,0.099195026,3.825093507766724,1.1061642169952393,0.1017857142857142,349.6590270996094,50610.12891,-0.412674641,0.4077382295003091,-0.014586304,-0.325068504
1174.672,2007,1/1/2007,3,31.51892,-81.228956,0.1233377501852606,3.825093507766724,1.1061642169952393,0.1017857142857142,316.85577392578125,50610.12891,-0.525128673,0.3994783149957614,-0.010200507,-0.301369876
112.928,2008,1/1/2008,3,31.51892,-81.228956,0.1117553169200529,3.825093507766724,1.1061642169952393,0.1017857142857142,327.9032592773437,50610.12891,-0.420977146,0.3868438408191146,-0.009059384,-0.165753424
531.444,2009,1/1/2009,3,31.51892,-81.228956,0.1157787323923561,3.825093507766724,1.1061642169952393,0.1017857142857142,324.7769470214844,50610.12891,-0.479871447,0.4590861634191753,-0.010739877,0.149315059
138.89600000000002,2010,1/1/2010,3,31.51892,-81.228956,0.08298474,3.825093507766724,1.1061642169952393,0.1017857142857142,337.8800048828125,50610.12891,-0.528595004,0.5757929558279852,0.05127793,-0.61054796
130.084,2011,1/1/2011,3,31.51892,-81.228956,0.075085246,3.825093507766724,1.1061642169952393,0.1017857142857142,344.5704345703125,50610.12891,-0.430625252,0.3269820511804578,0.05341331,-0.316575348
830.5360000000001,2012,1/1/2012,3,31.51892,-81.228956,0.087899741,3.825093507766724,1.1061642169952393,0.1017857142857142,318.0824890136719,50610.12891,-0.49172741,0.3856891823093725,-0.017622187,-0.282191783
1017.128,2013,1/1/2013,3,31.51892,-81.228956,0.1106463149827562,3.825093507766724,1.1061642169952393,0.1017857142857142,332.9473876953125,50610.12891,-0.456545722,0.4127853952956047,0.018691328,0.1134246587753295
745.028,2014,1/1/2014,3,31.51892,-81.228956,0.1489492775015703,3.825093507766724,1.1061642169952393,0.1017857142857142,336.2303161621094,50610.12891,-0.494019215,0.4425577174590061,-0.020337963,0.060000002
346.728,2015,1/1/2015,3,31.51892,-81.228956,0.1165782495142294,3.825093507766724,1.1061642169952393,0.1017857142857142,312.1328125,50610.12891,-0.438744112,0.3636836176426106,-0.00579795,0.03657534
398.44,2016,1/1/2016,3,31.51892,-81.228956,0.1326518846747759,3.825093507766724,1.1061642169952393,0.1017857142857142,332.0195617675781,50610.12891,-0.490094705,0.441889751,0.021796872,-0.406438351
1653.164,2017,1/1/2017,3,31.51892,-81.228956,0.1471567771688028,3.825093507766724,1.1061642169952393,0.1017857142857142,328.8197937011719,50610.12891,-0.494816003,0.4678149602868109,0.012567397,-0.163972601
1285.16,2018,1/1/2018,3,31.51892,-81.228956,0.1326518706254717,3.825093507766724,1.1061642169952393,0.1017857142857142,330.98260498046875,50610.12891,-0.462246947,0.4500766875355821,0.010899065,0.1087671220302581
283.472,2019,1/1/2019,3,31.51892,-81.228956,0.1156442083277846,3.825093507766724,1.1061642169952393,0.1017857142857142,323.5923767089844,50610.12891,-0.482582368,0.3972010596833939,-0.006484858,-0.299154907
1424.464,2020,1/1/2020,3,31.51892,-81.228956,0.1279131678465591,3.825093507766724,1.1061642169952393,0.1017857142857142,306.5635986328125,50610.12891,-0.50707882,0.44938843,0.000203023,-0.079857133
140.416,2004,1/1/2004,3,31.518991,-81.229355,0.1633906321978752,0.5973749756813049,0.9046634435653688,0.1299852289512555,319.4154357910156,50610.12891,-0.55662696,0.4788951106707722,0.014119804,-0.09931507
61.536,2007,1/1/2007,3,31.518991,-81.229355,0.099056814,0.5973749756813049,0.9046634435653688,0.1299852289512555,316.85577392578125,50610.12891,-0.531271494,0.399457736,0.1086688886887056,-0.301369876
303.76,2015,1/1/2015,3,31.518991,-81.229355,0.098647117,0.5973749756813049,0.9046634435653688,0.1299852289512555,312.1328125,50610.12891,-0.416360906,0.3594646234068705,0.012356434,0.03657534
397.184,2020,1/1/2020,3,31.518991,-81.229355,0.108421438,0.5973749756813049,0.9046634435653688,0.1299852289512555,306.5635986328125,50610.12891,-0.494816154,0.4079230440835612,0.007517916,-0.079857133
136.4,2000,1/1/2000,3,31.518991,-81.229355,0.093595398,0.5973749756813049,0.9046634435653688,0.1299852289512555,337.3777160644531,50610.12891,-0.490519365,0.3520059772108596,0.05920754,-0.348219186
85.648,2001,1/1/2001,3,31.518991,-81.229355,0.1236622893904377,0.5973749756813049,0.9046634435653688,0.1299852289512555,344.29913330078125,50610.12891,-0.48988901,0.4044254316113663,0.023492041,-0.19520548
341.98400000000004,2002,1/1/2002,3,31.518991,-81.229355,0.1224389487733043,0.5973749756813049,0.9046634435653688,0.1299852289512555,305.7474060058594,50610.12891,-0.546947864,0.3898263188607786,0.021642016,0.1219178065657615
153.504,2005,1/1/2005,3,31.518991,-81.229355,0.137725666,0.5973749756813049,0.9046634435653688,0.1299852289512555,330.8974914550781,50610.12891,-0.553087365,0.4346771118071831,0.026079786,0.3782191872596741
38.912,2006,1/1/2006,3,31.518991,-81.229355,0.094194991,0.5973749756813049,0.9046634435653688,0.1299852289512555,349.6590270996094,50610.12891,-0.450354674,0.3573129982213275,0.039478503,-0.325068504
8.576,2008,1/1/2008,3,31.518991,-81.229355,0.1171822148873376,0.5973749756813049,0.9046634435653688,0.1299852289512555,327.9032592773437,50610.12891,-0.486184387,0.3897615767545516,0.050122135,-0.165753424
25.2,2009,1/1/2009,3,31.518991,-81.229355,0.101252589,0.5973749756813049,0.9046634435653688,0.1299852289512555,324.7769470214844,50610.12891,-0.502508905,0.3636645520088115,0.002284528,0.149315059
0,2010,1/1/2010,3,31.518991,-81.229355,0.096069691,0.5973749756813049,0.9046634435653688,0.1299852289512555,337.8800048828125,50610.12891,-0.496951079,0.4141903642581622,0.091540761,-0.61054796
204.704,2012,1/1/2012,3,31.518991,-81.229355,0.087744919,0.5973749756813049,0.9046634435653688,0.1299852289512555,318.0824890136719,50610.12891,-0.45387085,0.3462932976932273,0.022230296,-0.282191783
64.928,2013,1/1/2013,3,31.518991,-81.229355,0.094874125,0.5973749756813049,0.9046634435653688,0.1299852289512555,332.9473876953125,50610.12891,-0.451650179,0.3372237461686351,0.037061606,0.1134246587753295
313.184,2014,1/1/2014,3,31.518991,-81.229355,0.1004186746186002,0.5973749756813049,0.9046634435653688,0.1299852289512555,336.2303161621094,50610.12891,-0.463317133,0.3612114926407642,0.030966915,0.060000002
370.832,2016,1/1/2016,3,31.518991,-81.229355,0.1259140431164105,0.5973749756813049,0.9046634435653688,0.1299852289512555,332.0195617675781,50610.12891,-0.457691968,0.3839855633088538,0.026786602,-0.406438351
275.072,2017,1/1/2017,3,31.518991,-81.229355,0.1292590694120719,0.5973749756813049,0.9046634435653688,0.1299852289512555,328.8197937011719,50610.12891,-0.48652635,0.417616809,0.067383127,-0.163972601
211.696,2019,1/1/2019,3,31.518991,-81.229355,0.097531734,0.5973749756813049,0.9046634435653688,0.1299852289512555,323.5923767089844,50610.12891,-0.497558865,0.3468960131483708,0.031835095,-0.299154907
356.064,2021,1/1/2021,3,31.518991,-81.229355,0.1450619708862291,0.5973749756813049,0.9046634435653688,0.1299852289512555,328.6517333984375,50610.12891,-0.479538941,0.4536272298096383,0.009480498,0.123424657
237.456,2022,1/1/2022,3,31.518991,-81.229355,0.1628848937430096,0.5973749756813049,0.9046634435653688,0.1299852289512555,338.1392517089844,50610.12891,-0.498962922,0.4590409,0.036216702,-0.183150679
67.712,2011,1/1/2011,3,31.518991000000003,-81.229355,0.091854893,0.5973749756813049,0.9046634435653688,0.1299852289512555,344.5704345703125,50610.12891,-0.459798065,0.33111111,0.038377797,-0.316575348
147.776,2018,1/1/2018,3,31.518991000000003,-81.229355,0.127793074,0.5973749756813049,0.9046634435653688,0.1299852289512555,330.98260498046875,50610.12891,-0.489064859,0.4167601376715742,0.0395991,0.1087671220302581
358.976,2000,1/1/2000,3,31.519177,-81.229288,0.09781241,0.1228377446532249,0.9131839871406556,0.1203319502074688,337.3777160644531,50610.12891,-0.495803986,0.3658597684563903,0.037928252,-0.348219186
1071.584,2002,1/1/2002,3,31.519177,-81.229288,0.134830671,0.1228377446532249,0.9131839871406556,0.1203319502074688,305.7474060058594,50610.12891,-0.525705148,0.3904722049431041,0.051116848,0.1219178065657615
544.192,2004,1/1/2004,3,31.519177,-81.229288,0.1552085647885111,0.1228377446532249,0.9131839871406556,0.1203319502074688,319.4154357910156,50610.12891,-0.556114939,0.4616236829922897,0.045322078,-0.09931507
488.752,2005,1/1/2005,3,31.519177,-81.229288,0.1312443780706304,0.1228377446532249,0.9131839871406556,0.1203319502074688,330.8974914550781,50610.12891,-0.549369598,0.4313614505877744,0.006604227,0.3782191872596741
399.68,2006,1/1/2006,3,31.519177,-81.229288,0.1153874546653873,0.1228377446532249,0.9131839871406556,0.1203319502074688,349.6590270996094,50610.12891,-0.480241569,0.3840652872604576,0.047938548,-0.325068504
320.4,2007,1/1/2007,3,31.519177,-81.229288,0.121808276,0.1228377446532249,0.9131839871406556,0.1203319502074688,316.85577392578125,50610.12891,-0.525876453,0.4128373711016893,0.004143126,-0.301369876
295.79200000000003,2008,1/1/2008,3,31.519177,-81.229288,0.1036980298212459,0.1228377446532249,0.9131839871406556,0.1203319502074688,327.9032592773437,50610.12891,-0.520317586,0.3705784540320042,0.067469102,-0.165753424
329.808,2009,1/1/2009,3,31.519177,-81.229288,0.088918748,0.1228377446532249,0.9131839871406556,0.1203319502074688,324.7769470214844,50610.12891,-0.424313866,0.3314364580528119,0.019069057,0.149315059
307.552,2010,1/1/2010,3,31.519177,-81.229288,0.101274364,0.1228377446532249,0.9131839871406556,0.1203319502074688,337.8800048828125,50610.12891,-0.479205858,0.4379906699813455,0.091809811,-0.61054796
291.376,2011,1/1/2011,3,31.519177,-81.229288,0.09572156,0.1228377446532249,0.9131839871406556,0.1203319502074688,344.5704345703125,50610.12891,-0.487811474,0.3355493328685133,0.079660763,-0.316575348
127.424,2013,1/1/2013,3,31.519177,-81.229288,0.098427505,0.1228377446532249,0.9131839871406556,0.1203319502074688,332.9473876953125,50610.12891,-0.458252078,0.3488561859853156,0.028131964,0.1134246587753295
343.776,2014,1/1/2014,3,31.519177,-81.229288,0.1100295323131261,0.1228377446532249,0.9131839871406556,0.1203319502074688,336.2303161621094,50610.12891,-0.489518615,0.3888937621328473,0.022288177,0.060000002
420.832,2015,1/1/2015,3,31.519177,-81.229288,0.1077729296507985,0.1228377446532249,0.9131839871406556,0.1203319502074688,312.1328125,50610.12891,-0.427456808,0.3880762409641339,0.033997702,0.03657534
475.888,2016,1/1/2016,3,31.519177,-81.229288,0.1257201472932924,0.1228377446532249,0.9131839871406556,0.1203319502074688,332.0195617675781,50610.12891,-0.460342269,0.3865075092078264,0.045554583,-0.406438351
660.032,2017,1/1/2017,3,31.519177,-81.229288,0.147609645,0.1228377446532249,0.9131839871406556,0.1203319502074688,328.8197937011719,50610.12891,-0.500622689,0.4585567955733503,0.022230676,-0.163972601
572.272,2018,1/1/2018,3,31.519177,-81.229288,0.1321526757490764,0.1228377446532249,0.9131839871406556,0.1203319502074688,330.98260498046875,50610.12891,-0.48987054,0.4309058724261563,0.046018927,0.1087671220302581
422.464,2020,1/1/2020,3,31.519177,-81.229288,0.1363519839720458,0.1228377446532249,0.9131839871406556,0.1203319502074688,306.5635986328125,50610.12891,-0.517469712,0.4519430757282524,0.04313473,-0.079857133
401.376,2021,1/1/2021,3,31.519177,-81.229288,0.164146448,0.1228377446532249,0.9131839871406556,0.1203319502074688,328.6517333984375,50610.12891,-0.486447434,0.4927090049564018,0.016989377,0.123424657
332.416,2001,1/1/2001,3,31.519177000000003,-81.229288,0.1204886835718844,0.1228377446532249,0.9131839871406556,0.1203319502074688,344.29913330078125,50610.12891,-0.465981762,0.4295107477721803,0.022935109,-0.19520548
304.16,2012,1/1/2012,3,31.519177000000003,-81.229288,0.087491227,0.1228377446532249,0.9131839871406556,0.1203319502074688,318.0824890136719,50610.12891,-0.454146027,0.3449748832714495,0.032123675,-0.282191783
212.064,2019,1/1/2019,3,31.519177000000003,-81.229288,0.1039972849193682,0.1228377446532249,0.9131839871406556,0.1203319502074688,323.5923767089844,50610.12891,-0.499008166,0.3685452289663858,0.020227623,-0.299154907
349.184,2022,1/1/2022,3,31.519177000000003,-81.229288,0.1523106757447197,0.1228377446532249,0.9131839871406556,0.1203319502074688,338.1392517089844,50610.12891,-0.494141998,0.4485612924539382,0.026187914,-0.183150679
425.152,2000,1/1/2000,3,31.519345999999995,-81.229109,0.096950488,0.4461609125137329,1.0728063583374023,0.131175468,337.3777160644531,50610.12891,-0.485744334,0.3907781979226095,-0.002780001,-0.348219186
326.8,2001,1/1/2001,3,31.519345999999995,-81.229109,0.08348907,0.4461609125137329,1.0728063583374023,0.131175468,344.29913330078125,50610.12891,-0.476848895,0.3626096063823834,-0.000862677,-0.19520548
418.432,2016,1/1/2016,3,31.519345999999995,-81.229109,0.1145432185208126,0.4461609125137329,1.0728063583374023,0.131175468,332.0195617675781,50610.12891,-0.452819233,0.3821324150894672,0.003987112,-0.406438351
284.304,2019,1/1/2019,3,31.519345999999995,-81.229109,0.096102802,0.4461609125137329,1.0728063583374023,0.131175468,323.5923767089844,50610.12891,-0.469469402,0.3696342875944106,0.022652476,-0.299154907
439.536,2021,1/1/2021,3,31.519345999999995,-81.229109,0.1380943384954216,0.4461609125137329,1.0728063583374023,0.131175468,328.6517333984375,50610.12891,-0.461772873,0.4502107836300434,0.037368275,0.123424657
1342.24,2002,1/1/2002,3,31.519346,-81.229109,0.1091386804811243,0.4461609125137329,1.0728063583374023,0.131175468,305.7474060058594,50610.12891,-0.542196513,0.3740969372149001,0.030652866,0.1219178065657615
525.376,2004,1/1/2004,3,31.519346,-81.229109,0.1184925038366191,0.4461609125137329,1.0728063583374023,0.131175468,319.4154357910156,50610.12891,-0.530634664,0.3928514264214032,0.021177118,-0.09931507
755.232,2005,1/1/2005,3,31.519346,-81.229109,0.1561303711633766,0.4461609125137329,1.0728063583374023,0.131175468,330.8974914550781,50610.12891,-0.536509742,0.4478121269940461,0.017792852,0.3782191872596741
508.112,2006,1/1/2006,3,31.519346,-81.229109,0.1015753088066243,0.4461609125137329,1.0728063583374023,0.131175468,349.6590270996094,50610.12891,-0.41523736,0.4062146728890701,0.00512745,-0.325068504
416.896,2007,1/1/2007,3,31.519346,-81.229109,0.1148396880700881,0.4461609125137329,1.0728063583374023,0.131175468,316.85577392578125,50610.12891,-0.520187319,0.3854470390678826,-0.010200507,-0.301369876
447.552,2008,1/1/2008,3,31.519346,-81.229109,0.1015394110145525,0.4461609125137329,1.0728063583374023,0.131175468,327.9032592773437,50610.12891,-0.42536765,0.3850196882747058,-0.015310576,-0.165753424
471.6,2009,1/1/2009,3,31.519346,-81.229109,0.109048403,0.4461609125137329,1.0728063583374023,0.131175468,324.7769470214844,50610.12891,-0.485154343,0.4316468669278026,0.015240574,0.149315059
374.128,2010,1/1/2010,3,31.519346,-81.229109,0.090522763,0.4461609125137329,1.0728063583374023,0.131175468,337.8800048828125,50610.12891,-0.459434644,0.5813028929254938,0.049879158,-0.61054796
426.208,2011,1/1/2011,3,31.519346,-81.229109,0.074333404,0.4461609125137329,1.0728063583374023,0.131175468,344.5704345703125,50610.12891,-0.452261299,0.3232375460569854,0.1056712342127069,-0.316575348
374.608,2013,1/1/2013,3,31.519346,-81.229109,0.1150321286097423,0.4461609125137329,1.0728063583374023,0.131175468,332.9473876953125,50610.12891,-0.463896347,0.39370116,-0.007167291,0.1134246587753295
556.832,2014,1/1/2014,3,31.519346,-81.229109,0.123618627,0.4461609125137329,1.0728063583374023,0.131175468,336.2303161621094,50610.12891,-0.494312316,0.429015714,-0.017920548,0.060000002
481.488,2015,1/1/2015,3,31.519346,-81.229109,0.1111816025282336,0.4461609125137329,1.0728063583374023,0.131175468,312.1328125,50610.12891,-0.441214995,0.3990424960182572,0.030707428,0.03657534
621.808,2017,1/1/2017,3,31.519346,-81.229109,0.1327511228557247,0.4461609125137329,1.0728063583374023,0.131175468,328.8197937011719,50610.12891,-0.500227021,0.4476521530088128,0.001735153,-0.163972601
618.384,2020,1/1/2020,3,31.519346,-81.229109,0.1309196118689881,0.4461609125137329,1.0728063583374023,0.131175468,306.5635986328125,50610.12891,-0.515001268,0.4560515550144732,0.024352129,-0.079857133
199.712,2022,1/1/2022,3,31.519346,-81.229109,0.1720818850281499,0.4461609125137329,1.0728063583374023,0.131175468,338.1392517089844,50610.12891,-0.486632216,0.4814365812136859,0.018905341,-0.183150679
331.232,2018,1/1/2018,3,31.519346,-81.229109,0.1249963778165062,0.4461609125137329,1.0728063583374023,0.131175468,330.98260498046875,50610.12891,-0.479931831,0.4565047687461948,-0.004774415,0.1087671220302581
376.512,2000,1/1/2000,3,31.519461,-81.229065,0.1003874280412608,0.097414024,1.0500175952911377,0.094551282,337.3777160644531,50610.12891,-0.489526856,0.3877032645465698,-0.00260612,-0.348219186
289.088,2001,1/1/2001,3,31.519461,-81.229065,0.1059010999549985,0.097414024,1.0500175952911377,0.094551282,344.29913330078125,50610.12891,-0.408401289,0.3820459667610382,-0.000862677,-0.19520548
460.832,2004,1/1/2004,3,31.519461,-81.229065,0.1544171811754343,0.097414024,1.0500175952911377,0.094551282,319.4154357910156,50610.12891,-0.535865171,0.4726591364427761,0.031477627,-0.09931507
583.488,2005,1/1/2005,3,31.519461,-81.229065,0.1650090911883492,0.097414024,1.0500175952911377,0.094551282,330.8974914550781,50610.12891,-0.558422208,0.4684676940328236,0.00812888,0.3782191872596741
368.528,2008,1/1/2008,3,31.519461,-81.229065,0.1107252984491589,0.097414024,1.0500175952911377,0.094551282,327.9032592773437,50610.12891,-0.425181872,0.3736902020700332,0.009237783,-0.165753424
423.04,2009,1/1/2009,3,31.519461,-81.229065,0.1208854979755823,0.097414024,1.0500175952911377,0.094551282,324.7769470214844,50610.12891,-0.45304427,0.4314582956078429,0.021587564,0.149315059
220.288,2010,1/1/2010,3,31.519461,-81.229065,0.098621832,0.097414024,1.0500175952911377,0.094551282,337.8800048828125,50610.12891,-0.44791196,0.6393217437783721,1.3444444444444443,-0.61054796
487.728,2011,1/1/2011,3,31.519461,-81.229065,0.091534291,0.097414024,1.0500175952911377,0.094551282,344.5704345703125,50610.12891,-0.452570757,0.3443419094239681,0.060784865,-0.316575348
423.712,2012,1/1/2012,3,31.519461,-81.229065,0.088096575,0.097414024,1.0500175952911377,0.094551282,318.0824890136719,50610.12891,-0.451750448,0.3536963842818036,0.008109014,-0.282191783
315.376,2013,1/1/2013,3,31.519461,-81.229065,0.1376678467818776,0.097414024,1.0500175952911377,0.094551282,332.9473876953125,50610.12891,-0.444912206,0.4115679951362073,-0.002702924,0.1134246587753295
589.408,2014,1/1/2014,3,31.519461,-81.229065,0.1181043410161395,0.097414024,1.0500175952911377,0.094551282,336.2303161621094,50610.12891,-0.494250112,0.4063029143145309,0.059221077,0.060000002
489.84,2015,1/1/2015,3,31.519461,-81.229065,0.1173065578148701,0.097414024,1.0500175952911377,0.094551282,312.1328125,50610.12891,-0.464397431,0.4424282773972885,0.010247265,0.03657534
377.328,2016,1/1/2016,3,31.519461,-81.229065,0.1410902650590337,0.097414024,1.0500175952911377,0.094551282,332.0195617675781,50610.12891,-0.456739824,0.4078754568925418,0.020595651,-0.406438351
567.088,2017,1/1/2017,3,31.519461,-81.229065,0.1360719047667515,0.097414024,1.0500175952911377,0.094551282,328.8197937011719,50610.12891,-0.485215868,0.4526227234706512,0.018211426,-0.163972601
423.92,2018,1/1/2018,3,31.519461,-81.229065,0.146669135,0.097414024,1.0500175952911377,0.094551282,330.98260498046875,50610.12891,-0.47725595,0.4691643170838117,-0.003637566,0.1087671220302581
241.664,2019,1/1/2019,3,31.519461,-81.229065,0.1125033004132563,0.097414024,1.0500175952911377,0.094551282,323.5923767089844,50610.12891,-0.482376135,0.3943333716080661,-0.003171552,-0.299154907
546.688,2020,1/1/2020,3,31.519461,-81.229065,0.1450911152532586,0.097414024,1.0500175952911377,0.094551282,306.5635986328125,50610.12891,-0.525210165,0.489803862,0.027437586,-0.079857133
541.216,2021,1/1/2021,3,31.519461,-81.229065,0.1555684729856871,0.097414024,1.0500175952911377,0.094551282,328.6517333984375,50610.12891,-0.47045294,0.4938279178646084,0.008453013,0.123424657
478.336,2002,1/1/2002,3,31.519461000000003,-81.229065,0.1397899295111098,0.097414024,1.0500175952911377,0.094551282,305.7474060058594,50610.12891,-0.528174426,0.4097922731878747,0.033799587,0.1219178065657615
438.992,2006,1/1/2006,3,31.519461000000003,-81.229065,0.1003003139325472,0.097414024,1.0500175952911377,0.094551282,349.6590270996094,50610.12891,-0.476863481,0.3885846148924254,0.031563471,-0.325068504
390.736,2007,1/1/2007,3,31.519461000000003,-81.229065,0.1255131671830655,0.097414024,1.0500175952911377,0.094551282,316.85577392578125,50610.12891,-0.509767497,0.4102640841868096,-0.008908052,-0.301369876
243.68,2022,1/1/2022,3,31.519461000000003,-81.229065,0.1759301685853764,0.097414024,1.0500175952911377,0.094551282,338.1392517089844,50610.12891,-0.483900936,0.4915704097056551,0.023409075,-0.183150679
302,2000,1/1/2000,3,31.519592,-81.229011,0.1003874280412608,0.1088896244764328,1.008368730545044,0.094551282,337.3777160644531,50610.12891,-0.489526856,0.3877032645465698,-0.00260612,-0.348219186
333.664,2001,1/1/2001,3,31.519592,-81.229011,0.1059010999549985,0.1088896244764328,1.008368730545044,0.094551282,344.29913330078125,50610.12891,-0.408401289,0.3820459667610382,-0.000862677,-0.19520548
888.992,2002,1/1/2002,3,31.519592,-81.229011,0.1397899295111098,0.1088896244764328,1.008368730545044,0.094551282,305.7474060058594,50610.12891,-0.528174426,0.4097922731878747,0.033799587,0.1219178065657615
652.496,2005,1/1/2005,3,31.519592,-81.229011,0.1650090911883492,0.1088896244764328,1.008368730545044,0.094551282,330.8974914550781,50610.12891,-0.558422208,0.4684676940328236,0.00812888,0.3782191872596741
335.248,2006,1/1/2006,3,31.519592,-81.229011,0.1003003139325472,0.1088896244764328,1.008368730545044,0.094551282,349.6590270996094,50610.12891,-0.476863481,0.3885846148924254,0.031563471,-0.325068504
473.808,2007,1/1/2007,3,31.519592,-81.229011,0.1255131671830655,0.1088896244764328,1.008368730545044,0.094551282,316.85577392578125,50610.12891,-0.509767497,0.4102640841868096,-0.008908052,-0.301369876
430.048,2008,1/1/2008,3,31.519592,-81.229011,0.1107252984491589,0.1088896244764328,1.008368730545044,0.094551282,327.9032592773437,50610.12891,-0.425181872,0.3736902020700332,0.009237783,-0.165753424
583.168,2009,1/1/2009,3,31.519592,-81.229011,0.1208854979755823,0.1088896244764328,1.008368730545044,0.094551282,324.7769470214844,50610.12891,-0.45304427,0.4314582956078429,0.021587564,0.149315059
392.656,2010,1/1/2010,3,31.519592,-81.229011,0.098621832,0.1088896244764328,1.008368730545044,0.094551282,337.8800048828125,50610.12891,-0.44791196,0.6393217437783721,1.3444444444444443,-0.61054796
664.256,2011,1/1/2011,3,31.519592,-81.229011,0.091534291,0.1088896244764328,1.008368730545044,0.094551282,344.5704345703125,50610.12891,-0.452570757,0.3443419094239681,0.060784865,-0.316575348
359.424,2013,1/1/2013,3,31.519592,-81.229011,0.1376678467818776,0.1088896244764328,1.008368730545044,0.094551282,332.9473876953125,50610.12891,-0.444912206,0.4115679951362073,-0.002702924,0.1134246587753295
468.24,2014,1/1/2014,3,31.519592,-81.229011,0.1181043410161395,0.1088896244764328,1.008368730545044,0.094551282,336.2303161621094,50610.12891,-0.494250112,0.4063029143145309,0.059221077,0.060000002
515.568,2015,1/1/2015,3,31.519592,-81.229011,0.1173065578148701,0.1088896244764328,1.008368730545044,0.094551282,312.1328125,50610.12891,-0.464397431,0.4424282773972885,0.010247265,0.03657534
516.992,2016,1/1/2016,3,31.519592,-81.229011,0.1410902650590337,0.1088896244764328,1.008368730545044,0.094551282,332.0195617675781,50610.12891,-0.456739824,0.4078754568925418,0.020595651,-0.406438351
567.84,2017,1/1/2017,3,31.519592,-81.229011,0.1360719047667515,0.1088896244764328,1.008368730545044,0.094551282,328.8197937011719,50610.12891,-0.485215868,0.4526227234706512,0.018211426,-0.163972601
598.784,2018,1/1/2018,3,31.519592,-81.229011,0.146669135,0.1088896244764328,1.008368730545044,0.094551282,330.98260498046875,50610.12891,-0.47725595,0.4691643170838117,-0.003637566,0.1087671220302581
198.816,2019,1/1/2019,3,31.519592,-81.229011,0.1125033004132563,0.1088896244764328,1.008368730545044,0.094551282,323.5923767089844,50610.12891,-0.482376135,0.3943333716080661,-0.003171552,-0.299154907
477.536,2020,1/1/2020,3,31.519592,-81.229011,0.1450911152532586,0.1088896244764328,1.008368730545044,0.094551282,306.5635986328125,50610.12891,-0.525210165,0.489803862,0.027437586,-0.079857133
667.424,2021,1/1/2021,3,31.519592,-81.229011,0.1555684729856871,0.1088896244764328,1.008368730545044,0.094551282,328.6517333984375,50610.12891,-0.47045294,0.4938279178646084,0.008453013,0.123424657
679.168,2004,1/1/2004,3,31.519592000000003,-81.229011,0.1544171811754343,0.1088896244764328,1.008368730545044,0.094551282,319.4154357910156,50610.12891,-0.535865171,0.4726591364427761,0.031477627,-0.09931507
337.168,2012,1/1/2012,3,31.519592000000003,-81.229011,0.088096575,0.1088896244764328,1.008368730545044,0.094551282,318.0824890136719,50610.12891,-0.451750448,0.3536963842818036,0.008109014,-0.282191783
271.856,2022,1/1/2022,3,31.519592000000003,-81.229011,0.1759301685853764,0.1088896244764328,1.008368730545044,0.094551282,338.1392517089844,50610.12891,-0.483900936,0.4915704097056551,0.023409075,-0.183150679
2060.76,2014,1/1/2014,2,31.535647999999995,-81.2951,0.2306129983949947,2.926846027374268,5.2007687303793576e-17,0.065719361,336.2303161621094,50610.12891,-0.516040691,0.5532155884721657,-0.027107571,0.060000002
1745.664,2012,1/1/2012,2,31.535648,-81.2951,0.1283552419487263,2.926846027374268,5.2007687303793576e-17,0.065719361,318.0824890136719,50610.12891,-0.594019198,0.4854177137643973,-0.059096239,-0.282191783
1437.332,2013,1/1/2013,2,31.535648,-81.2951,0.203545603,2.926846027374268,5.2007687303793576e-17,0.065719361,332.9473876953125,50610.12891,-0.531792606,0.5526769294858479,-0.053131646,0.1134246587753295
1534.392,2015,1/1/2015,2,31.535648,-81.2951,0.2323557023850551,2.926846027374268,5.2007687303793576e-17,0.065719361,312.1328125,50610.12891,-0.491270526,0.4714477779000883,-0.004256966,0.03657534
433.98,2016,1/1/2016,2,31.535648,-81.2951,0.1950980587638635,2.926846027374268,5.2007687303793576e-17,0.065719361,332.0195617675781,50610.12891,-0.491446458,0.5086427352366675,-0.006662629,-0.406438351
549.868,2017,1/1/2017,2,31.535648,-81.2951,0.1865827557163121,2.926846027374268,5.2007687303793576e-17,0.065719361,328.8197937011719,50610.12891,-0.532169021,0.491332063,-0.058868,-0.163972601
1287.948,2018,1/1/2018,2,31.535648,-81.2951,0.2287578451492999,2.926846027374268,5.2007687303793576e-17,0.065719361,330.98260498046875,50610.12891,-0.547265993,0.5436320830122913,-0.022125377,0.1087671220302581
210.604,2019,1/1/2019,2,31.535648,-81.2951,0.1505068038169463,2.926846027374268,5.2007687303793576e-17,0.065719361,323.5923767089844,50610.12891,-0.456935326,0.4790056222929318,-0.053498588,-0.299154907
2113.336,2020,1/1/2020,2,31.535648,-81.2951,0.1860306552851288,2.926846027374268,5.2007687303793576e-17,0.065719361,306.5635986328125,50610.12891,-0.520886872,0.5484172388858608,-0.025745939,-0.079857133
2444.932,2021,1/1/2021,2,31.535648,-81.2951,0.1881112719801258,2.926846027374268,5.2007687303793576e-17,0.065719361,328.6517333984375,50610.12891,-0.495993191,0.5420768837821587,-0.040665434,0.123424657
2132.48,2022,1/1/2022,2,31.535648,-81.2951,0.195678398,2.926846027374268,5.2007687303793576e-17,0.065719361,338.1392517089844,50610.12891,-0.506631999,0.5329473725898908,0.013287764,-0.183150679
1630.336,2007,1/1/2007,2,31.535651,-81.295103,0.1998929604715116,2.926846027374268,5.2007687303793576e-17,0.065719361,316.85577392578125,50610.12891,-0.616854795,0.5411180079080093,-0.078556145,-0.301369876
1383.364,2000,1/1/2000,2,31.535651,-81.295103,0.1313866177680568,2.926846027374268,5.2007687303793576e-17,0.065719361,337.3777160644531,50610.12891,-0.474420017,0.4146646956902549,0.066119337,-0.348219186
1218.276,2001,1/1/2001,2,31.535651,-81.295103,0.1377824142424493,2.926846027374268,5.2007687303793576e-17,0.065719361,344.29913330078125,50610.12891,-0.560180307,0.4172067101791083,-0.038235227,-0.19520548
217.984,2004,1/1/2004,2,31.535651,-81.295103,0.096737837,2.926846027374268,5.2007687303793576e-17,0.065719361,319.4154357910156,50610.12891,-0.546891612,0.358535537,-0.050984241,-0.09931507
1040.884,2006,1/1/2006,2,31.535651,-81.295103,0.1474316307862414,2.926846027374268,5.2007687303793576e-17,0.065719361,349.6590270996094,50610.12891,-0.505433768,0.4582128306165121,-0.038786473,-0.325068504
822.1479999999999,2008,1/1/2008,2,31.535651,-81.295103,0.2227690482826658,2.926846027374268,5.2007687303793576e-17,0.065719361,327.9032592773437,50610.12891,-0.557203448,0.5157378210433009,-0.076015848,-0.165753424
1054.2,2009,1/1/2009,2,31.535651,-81.295103,0.2090915010697424,2.926846027374268,5.2007687303793576e-17,0.065719361,324.7769470214844,50610.12891,-0.624208027,0.5522824877568219,-0.092145733,0.149315059
984.5,2011,1/1/2011,2,31.535651,-81.295103,0.1507167028666022,2.926846027374268,5.2007687303793576e-17,0.065719361,344.5704345703125,50610.12891,-0.498516862,0.4432353736929295,0.041965691,-0.316575348
2819.264,2002,1/1/2002,2,31.535651000000005,-81.295103,0.1513165207369456,2.926846027374268,5.2007687303793576e-17,0.065719361,305.7474060058594,50610.12891,-0.559910302,0.4281205981243042,0.005489856,0.1219178065657615
1205.464,2005,1/1/2005,2,31.535651000000005,-81.295103,0.1872675119644382,2.926846027374268,5.2007687303793576e-17,0.065719361,330.8974914550781,50610.12891,-0.582880198,0.4993893688116871,-0.019739409,0.3782191872596741
2437.76,2010,1/1/2010,2,31.535651000000005,-81.295103,0.2035100699856585,2.926846027374268,5.2007687303793576e-17,0.065719361,337.8800048828125,50610.12891,-0.56384696,0.5147327768514549,0.010592046,-0.61054796
1668.772,2000,1/1/2000,2,31.535734,-81.295118,0.1313866177680568,2.079184055328369,0.9896932244300842,0.065719361,337.3777160644531,50610.12891,-0.474420017,0.4146646956902549,0.066119337,-0.348219186
1582.648,2002,1/1/2002,2,31.535734,-81.295118,0.1513165207369456,2.079184055328369,0.9896932244300842,0.065719361,305.7474060058594,50610.12891,-0.559910302,0.4281205981243042,0.005489856,0.1219178065657615
1307.88,2004,1/1/2004,2,31.535734,-81.295118,0.096737837,2.079184055328369,0.9896932244300842,0.065719361,319.4154357910156,50610.12891,-0.546891612,0.358535537,-0.050984241,-0.09931507
1741.4,2005,1/1/2005,2,31.535734,-81.295118,0.1872675119644382,2.079184055328369,0.9896932244300842,0.065719361,330.8974914550781,50610.12891,-0.582880198,0.4993893688116871,-0.019739409,0.3782191872596741
2710.832,2006,1/1/2006,2,31.535734,-81.295118,0.1474316307862414,2.079184055328369,0.9896932244300842,0.065719361,349.6590270996094,50610.12891,-0.505433768,0.4582128306165121,-0.038786473,-0.325068504
1957.484,2008,1/1/2008,2,31.535734,-81.295118,0.2227690482826658,2.079184055328369,0.9896932244300842,0.065719361,327.9032592773437,50610.12891,-0.557203448,0.5157378210433009,-0.076015848,-0.165753424
1280.44,2009,1/1/2009,2,31.535734,-81.295118,0.2090915010697424,2.079184055328369,0.9896932244300842,0.065719361,324.7769470214844,50610.12891,-0.624208027,0.5522824877568219,-0.092145733,0.149315059
2196.372,2010,1/1/2010,2,31.535734,-81.295118,0.2035100699856585,2.079184055328369,0.9896932244300842,0.065719361,337.8800048828125,50610.12891,-0.56384696,0.5147327768514549,0.010592046,-0.61054796
979.796,2011,1/1/2011,2,31.535734,-81.295118,0.1507167028666022,2.079184055328369,0.9896932244300842,0.065719361,344.5704345703125,50610.12891,-0.498516862,0.4432353736929295,0.041965691,-0.316575348
549.848,2001,1/1/2001,2,31.535734000000005,-81.295118,0.1377824142424493,2.079184055328369,0.9896932244300842,0.065719361,344.29913330078125,50610.12891,-0.560180307,0.4172067101791083,-0.038235227,-0.19520548
234.116,2007,1/1/2007,2,31.535734000000005,-81.295118,0.1998929604715116,2.079184055328369,0.9896932244300842,0.065719361,316.85577392578125,50610.12891,-0.616854795,0.5411180079080093,-0.078556145,-0.301369876
1740.18,2013,1/1/2013,2,31.535737999999995,-81.295114,0.1426400739006538,2.079184055328369,0.9896932244300842,0.082644628,332.9473876953125,50610.12891,-0.434131223,0.4724666928131285,-0.002136337,0.1134246587753295
1255.672,2014,1/1/2014,2,31.535737999999995,-81.295114,0.1556333991040956,2.079184055328369,0.9896932244300842,0.082644628,336.2303161621094,50610.12891,-0.43200509,0.4878298503546474,-0.009312481,0.060000002
1854.676,2012,1/1/2012,2,31.535738,-81.295114,0.1415230922383094,2.079184055328369,0.9896932244300842,0.082644628,318.0824890136719,50610.12891,-0.475300785,0.4691403730868039,0.009718615,-0.282191783
1563.224,2015,1/1/2015,2,31.535747,-81.295132,0.1601494164219378,2.079184055328369,0.9896932244300842,0.082644628,312.1328125,50610.12891,-0.413734512,0.4135812474091255,0.024356907,0.03657534
357.964,2016,1/1/2016,2,31.535747,-81.295132,0.1424159483467503,2.079184055328369,0.9896932244300842,0.082644628,332.0195617675781,50610.12891,-0.407280955,0.4620163714170582,0.000692274,-0.406438351
622.6800000000001,2017,1/1/2017,2,31.535747,-81.295132,0.1579510824619637,2.079184055328369,0.9896932244300842,0.082644628,328.8197937011719,50610.12891,-0.470921229,0.4764801232399177,0.032967836,-0.163972601
458.284,2018,1/1/2018,2,31.535747,-81.295132,0.1575947328310247,2.079184055328369,0.9896932244300842,0.082644628,330.98260498046875,50610.12891,-0.491928007,0.4991000122545753,0.037030588,0.1087671220302581
611.236,2020,1/1/2020,2,31.535747,-81.295132,0.139240711,2.079184055328369,0.9896932244300842,0.082644628,306.5635986328125,50610.12891,-0.460042155,0.4867465738654401,0.011965886,-0.079857133
655.976,2021,1/1/2021,2,31.535747,-81.295132,0.1317956004312909,2.079184055328369,0.9896932244300842,0.082644628,328.6517333984375,50610.12891,-0.442428618,0.4621505934762386,-0.017723744,0.123424657
570.836,2022,1/1/2022,2,31.535747,-81.295132,0.1527736838171102,2.079184055328369,0.9896932244300842,0.082644628,338.1392517089844,50610.12891,-0.419939208,0.4584432489436046,0.006559792,-0.183150679
810.112,2019,1/1/2019,2,31.535747000000004,-81.295132,0.1131545651671363,2.079184055328369,0.9896932244300842,0.082644628,323.5923767089844,50610.12891,-0.471115751,0.4263144522080941,-0.016391832,-0.299154907
263.472,2000,1/1/2000,2,31.535836,-81.295682,0.07121571,2.272196054458618,0.8870751857757568,0.3321234119782214,337.3777160644531,50610.12891,-0.43890564,0.2894749702653431,-0.04908613,-0.348219186
293.712,2001,1/1/2001,2,31.535836,-81.295682,0.091451404,2.272196054458618,0.8870751857757568,0.3321234119782214,344.29913330078125,50610.12891,-0.448438578,0.3442494832564533,-0.014903642,-0.19520548
748.8,2002,1/1/2002,2,31.535836,-81.295682,0.1269630605739913,2.272196054458618,0.8870751857757568,0.3321234119782214,305.7474060058594,50610.12891,-0.419368915,0.4725921156603944,-0.022387007,0.1219178065657615
594.992,2004,1/1/2004,2,31.535836,-81.295682,0.1261635817649591,2.272196054458618,0.8870751857757568,0.3321234119782214,319.4154357910156,50610.12891,-0.503201575,0.4196205255341023,-0.043637618,-0.09931507
495.232,2005,1/1/2005,2,31.535836,-81.295682,0.1098037293544189,2.272196054458618,0.8870751857757568,0.3321234119782214,330.8974914550781,50610.12891,-0.483648748,0.3858418296992281,-0.030511828,0.3782191872596741
448.224,2006,1/1/2006,2,31.535836,-81.295682,0.078989801,2.272196054458618,0.8870751857757568,0.3321234119782214,349.6590270996094,50610.12891,-0.3966661,0.3450733065771156,-0.029116783,-0.325068504
467.632,2007,1/1/2007,2,31.535836,-81.295682,0.1041178938346038,2.272196054458618,0.8870751857757568,0.3321234119782214,316.85577392578125,50610.12891,-0.475026117,0.351157564,0.065181736,-0.301369876
390.848,2008,1/1/2008,2,31.535836,-81.295682,0.1097133433929424,2.272196054458618,0.8870751857757568,0.3321234119782214,327.9032592773437,50610.12891,-0.438838073,0.3725249382737658,-0.035797076,-0.165753424
296.96,2009,1/1/2009,2,31.535836,-81.295682,0.090890757,2.272196054458618,0.8870751857757568,0.3321234119782214,324.7769470214844,50610.12891,-0.493112037,0.3598466990099311,-0.071288205,0.149315059
172.17600000000002,2010,1/1/2010,2,31.535836,-81.295682,0.09874919,2.272196054458618,0.8870751857757568,0.3321234119782214,337.8800048828125,50610.12891,-0.438215431,0.3353829132458352,0.045425346,-0.61054796
575.232,2011,1/1/2011,2,31.535836,-81.295682,0.089759769,2.272196054458618,0.8870751857757568,0.3321234119782214,344.5704345703125,50610.12891,-0.470708786,0.3176738354136464,-0.01579228,-0.316575348
242.96,2013,1/1/2013,2,31.535836,-81.295682,0.1266879826628143,2.272196054458618,0.8870751857757568,0.3321234119782214,332.9473876953125,50610.12891,-0.435484051,0.4011735529707281,-0.022123258,0.1134246587753295
426.784,2014,1/1/2014,2,31.535836,-81.295682,0.1006075993030951,2.272196054458618,0.8870751857757568,0.3321234119782214,336.2303161621094,50610.12891,-0.371443917,0.3691569118167124,0.001621754,0.060000002
595.36,2015,1/1/2015,2,31.535836,-81.295682,0.097159719,2.272196054458618,0.8870751857757568,0.3321234119782214,312.1328125,50610.12891,-0.409335379,0.325488886,-0.004072155,0.03657534
223.408,2016,1/1/2016,2,31.535836,-81.295682,0.1073676868752382,2.272196054458618,0.8870751857757568,0.3321234119782214,332.0195617675781,50610.12891,-0.407659223,0.3605482925147821,-0.003391224,-0.406438351
349.968,2017,1/1/2017,2,31.535836,-81.295682,0.110214544,2.272196054458618,0.8870751857757568,0.3321234119782214,328.8197937011719,50610.12891,-0.42307086,0.3722168305674777,0.000428766,-0.163972601
369.296,2018,1/1/2018,2,31.535836,-81.295682,0.1142413509854008,2.272196054458618,0.8870751857757568,0.3321234119782214,330.98260498046875,50610.12891,-0.446546289,0.3652558875956287,-0.001255163,0.1087671220302581
232.368,2019,1/1/2019,2,31.535836,-81.295682,0.087589451,2.272196054458618,0.8870751857757568,0.3321234119782214,323.5923767089844,50610.12891,-0.448251778,0.3802284520631978,-0.030200787,-0.299154907
270.032,2020,1/1/2020,2,31.535836,-81.295682,0.1093427757405394,2.272196054458618,0.8870751857757568,0.3321234119782214,306.5635986328125,50610.12891,-0.468500621,0.4168021379962869,-0.02611552,-0.079857133
307.152,2021,1/1/2021,2,31.535836,-81.295682,0.1155335843018577,2.272196054458618,0.8870751857757568,0.3321234119782214,328.6517333984375,50610.12891,-0.462304673,0.4155126102118853,-0.029359264,0.123424657
274.144,2022,1/1/2022,2,31.535836,-81.295682,0.13385633,2.272196054458618,0.8870751857757568,0.3321234119782214,338.1392517089844,50610.12891,-0.455854896,0.4274050290793625,-0.003844077,-0.183150679
116.048,2000,1/1/2000,2,31.535843,-81.295395,0.080428044,0.6266284584999084,0.9750766158103944,0.2840236686390532,337.3777160644531,50610.12891,-0.426585009,0.3137511340216848,-0.024327161,-0.348219186
374.992,2001,1/1/2001,2,31.535843,-81.295395,0.083611394,0.6266284584999084,0.9750766158103944,0.2840236686390532,344.29913330078125,50610.12891,-0.479988966,0.3178673521406771,-0.033205876,-0.19520548
667.04,2002,1/1/2002,2,31.535843,-81.295395,0.08549262,0.6266284584999084,0.9750766158103944,0.2840236686390532,305.7474060058594,50610.12891,-0.408789824,0.3276704164487818,0.022229554,0.1219178065657615
405.424,2004,1/1/2004,2,31.535843,-81.295395,0.1086274498359115,0.6266284584999084,0.9750766158103944,0.2840236686390532,319.4154357910156,50610.12891,-0.448425481,0.4243347256133357,-0.018060087,-0.09931507
819.68,2005,1/1/2005,2,31.535843,-81.295395,0.098515489,0.6266284584999084,0.9750766158103944,0.2840236686390532,330.8974914550781,50610.12891,-0.440583069,0.3703714678745319,0.002332568,0.3782191872596741
365.968,2006,1/1/2006,2,31.535843,-81.295395,0.087266433,0.6266284584999084,0.9750766158103944,0.2840236686390532,349.6590270996094,50610.12891,-0.450572985,0.3758630098765996,-0.00625614,-0.325068504
649.9680000000001,2007,1/1/2007,2,31.535843,-81.295395,0.096189716,0.6266284584999084,0.9750766158103944,0.2840236686390532,316.85577392578125,50610.12891,-0.4594101,0.3934822613872363,0.004481296,-0.301369876
374.096,2008,1/1/2008,2,31.535843,-81.295395,0.1147835633831393,0.6266284584999084,0.9750766158103944,0.2840236686390532,327.9032592773437,50610.12891,-0.463499876,0.3994416705104565,-0.01130408,-0.165753424
520.928,2009,1/1/2009,2,31.535843,-81.295395,0.087461924,0.6266284584999084,0.9750766158103944,0.2840236686390532,324.7769470214844,50610.12891,-0.436619158,0.3598466990099311,-0.040375715,0.149315059
156.24,2010,1/1/2010,2,31.535843,-81.295395,0.096138703,0.6266284584999084,0.9750766158103944,0.2840236686390532,337.8800048828125,50610.12891,-0.48338284,0.373173075,0.034782143,-0.61054796
471.248,2011,1/1/2011,2,31.535843,-81.295395,0.079115037,0.6266284584999084,0.9750766158103944,0.2840236686390532,344.5704345703125,50610.12891,-0.452047353,0.3181841801985932,0.001435148,-0.316575348
440.608,2012,1/1/2012,2,31.535843,-81.295395,0.096341206,0.6266284584999084,0.9750766158103944,0.2840236686390532,318.0824890136719,50610.12891,-0.473065408,0.3737070451150216,0.029620076,-0.282191783
350.016,2013,1/1/2013,2,31.535843,-81.295395,0.1265025300506012,0.6266284584999084,0.9750766158103944,0.2840236686390532,332.9473876953125,50610.12891,-0.431344869,0.4187481424292247,-0.017694863,0.1134246587753295
330.528,2014,1/1/2014,2,31.535843,-81.295395,0.091518085,0.6266284584999084,0.9750766158103944,0.2840236686390532,336.2303161621094,50610.12891,-0.353563093,0.3430149692811975,0.018680479,0.060000002
280.928,2015,1/1/2015,2,31.535843,-81.295395,0.1123859823106816,0.6266284584999084,0.9750766158103944,0.2840236686390532,312.1328125,50610.12891,-0.39983744,0.3424895085039516,-0.003228055,0.03657534
293.696,2016,1/1/2016,2,31.535843,-81.295395,0.097220513,0.6266284584999084,0.9750766158103944,0.2840236686390532,332.0195617675781,50610.12891,-0.394526876,0.3394287062854726,0.000697748,-0.406438351
488.752,2017,1/1/2017,2,31.535843,-81.295395,0.1110100861344642,0.6266284584999084,0.9750766158103944,0.2840236686390532,328.8197937011719,50610.12891,-0.454596466,0.4014255490875301,0.00390736,-0.163972601
451.152,2018,1/1/2018,2,31.535843,-81.295395,0.099311126,0.6266284584999084,0.9750766158103944,0.2840236686390532,330.98260498046875,50610.12891,-0.444307798,0.3511683633856058,0.008483232,0.1087671220302581
220.784,2019,1/1/2019,2,31.535843,-81.295395,0.077016709,0.6266284584999084,0.9750766158103944,0.2840236686390532,323.5923767089844,50610.12891,-0.413308175,0.3548001737619456,-0.024333407,-0.299154907
443.952,2020,1/1/2020,2,31.535843,-81.295395,0.092842686,0.6266284584999084,0.9750766158103944,0.2840236686390532,306.5635986328125,50610.12891,-0.451618463,0.3835728027225772,-0.000502444,-0.079857133
392.736,2021,1/1/2021,2,31.535843,-81.295395,0.111016134,0.6266284584999084,0.9750766158103944,0.2840236686390532,328.6517333984375,50610.12891,-0.440534396,0.3613338355200508,-0.01389009,0.123424657
241.424,2022,1/1/2022,2,31.535843,-81.295395,0.1041163337194862,0.6266284584999084,0.9750766158103944,0.2840236686390532,338.1392517089844,50610.12891,-0.440996642,0.3874215812149263,-0.001117924,-0.183150679
199.152,2000,1/1/2000,2,31.535847,-81.295535,0.080428044,0.1966427415609359,0.8525118231773376,0.2840236686390532,337.3777160644531,50610.12891,-0.426585009,0.3137511340216848,-0.024327161,-0.348219186
619.9359999999999,2002,1/1/2002,2,31.535847,-81.295535,0.08549262,0.1966427415609359,0.8525118231773376,0.2840236686390532,305.7474060058594,50610.12891,-0.408789824,0.3276704164487818,0.022229554,0.1219178065657615
90.48,2004,1/1/2004,2,31.535847,-81.295535,0.1086274498359115,0.1966427415609359,0.8525118231773376,0.2840236686390532,319.4154357910156,50610.12891,-0.448425481,0.4243347256133357,-0.018060087,-0.09931507
361.328,2006,1/1/2006,2,31.535847,-81.295535,0.087266433,0.1966427415609359,0.8525118231773376,0.2840236686390532,349.6590270996094,50610.12891,-0.450572985,0.3758630098765996,-0.00625614,-0.325068504
257.728,2007,1/1/2007,2,31.535847,-81.295535,0.096189716,0.1966427415609359,0.8525118231773376,0.2840236686390532,316.85577392578125,50610.12891,-0.4594101,0.3934822613872363,0.004481296,-0.301369876
263.056,2008,1/1/2008,2,31.535847,-81.295535,0.1147835633831393,0.1966427415609359,0.8525118231773376,0.2840236686390532,327.9032592773437,50610.12891,-0.463499876,0.3994416705104565,-0.01130408,-0.165753424
492.592,2009,1/1/2009,2,31.535847,-81.295535,0.087461924,0.1966427415609359,0.8525118231773376,0.2840236686390532,324.7769470214844,50610.12891,-0.436619158,0.3598466990099311,-0.040375715,0.149315059
546.576,2011,1/1/2011,2,31.535847,-81.295535,0.079115037,0.1966427415609359,0.8525118231773376,0.2840236686390532,344.5704345703125,50610.12891,-0.452047353,0.3181841801985932,0.001435148,-0.316575348
653.12,2012,1/1/2012,2,31.535847,-81.295535,0.096341206,0.1966427415609359,0.8525118231773376,0.2840236686390532,318.0824890136719,50610.12891,-0.473065408,0.3737070451150216,0.029620076,-0.282191783
688.928,2013,1/1/2013,2,31.535847,-81.295535,0.1265025300506012,0.1966427415609359,0.8525118231773376,0.2840236686390532,332.9473876953125,50610.12891,-0.431344869,0.4187481424292247,-0.017694863,0.1134246587753295
357.664,2015,1/1/2015,2,31.535847,-81.295535,0.1123859823106816,0.1966427415609359,0.8525118231773376,0.2840236686390532,312.1328125,50610.12891,-0.39983744,0.3424895085039516,-0.003228055,0.03657534
307.232,2016,1/1/2016,2,31.535847,-81.295535,0.097220513,0.1966427415609359,0.8525118231773376,0.2840236686390532,332.0195617675781,50610.12891,-0.394526876,0.3394287062854726,0.000697748,-0.406438351
613.776,2017,1/1/2017,2,31.535847,-81.295535,0.1110100861344642,0.1966427415609359,0.8525118231773376,0.2840236686390532,328.8197937011719,50610.12891,-0.454596466,0.4014255490875301,0.00390736,-0.163972601
501.088,2018,1/1/2018,2,31.535847,-81.295535,0.099311126,0.1966427415609359,0.8525118231773376,0.2840236686390532,330.98260498046875,50610.12891,-0.444307798,0.3511683633856058,0.008483232,0.1087671220302581
189.456,2019,1/1/2019,2,31.535847,-81.295535,0.077016709,0.1966427415609359,0.8525118231773376,0.2840236686390532,323.5923767089844,50610.12891,-0.413308175,0.3548001737619456,-0.024333407,-0.299154907
160.288,2020,1/1/2020,2,31.535847,-81.295535,0.092842686,0.1966427415609359,0.8525118231773376,0.2840236686390532,306.5635986328125,50610.12891,-0.451618463,0.3835728027225772,-0.000502444,-0.079857133
432.96,2021,1/1/2021,2,31.535847,-81.295535,0.111016134,0.1966427415609359,0.8525118231773376,0.2840236686390532,328.6517333984375,50610.12891,-0.440534396,0.3613338355200508,-0.01389009,0.123424657
243.28,2001,1/1/2001,2,31.535847000000004,-81.295535,0.083611394,0.1966427415609359,0.8525118231773376,0.2840236686390532,344.29913330078125,50610.12891,-0.479988966,0.3178673521406771,-0.033205876,-0.19520548
514.416,2005,1/1/2005,2,31.535847000000004,-81.295535,0.098515489,0.1966427415609359,0.8525118231773376,0.2840236686390532,330.8974914550781,50610.12891,-0.440583069,0.3703714678745319,0.002332568,0.3782191872596741
199.04,2010,1/1/2010,2,31.535847000000004,-81.295535,0.096138703,0.1966427415609359,0.8525118231773376,0.2840236686390532,337.8800048828125,50610.12891,-0.48338284,0.373173075,0.034782143,-0.61054796
313.088,2014,1/1/2014,2,31.535847000000004,-81.295535,0.091518085,0.1966427415609359,0.8525118231773376,0.2840236686390532,336.2303161621094,50610.12891,-0.353563093,0.3430149692811975,0.018680479,0.060000002
285.408,2022,1/1/2022,2,31.535847000000004,-81.295535,0.1041163337194862,0.1966427415609359,0.8525118231773376,0.2840236686390532,338.1392517089844,50610.12891,-0.440996642,0.3874215812149263,-0.001117924,-0.183150679
602.8,2007,1/1/2007,2,31.535851,-81.2951,0.1127995226678276,2.0285837650299072,0.7031806707382202,0.082644628,316.85577392578125,50610.12891,-0.462800445,0.4299339033755362,-0.030095343,-0.301369876
650.608,2012,1/1/2012,2,31.535851,-81.2951,0.1415230922383094,2.0285837650299072,0.7031806707382202,0.082644628,318.0824890136719,50610.12891,-0.475300785,0.4691403730868039,0.009718615,-0.282191783
1272.868,2001,1/1/2001,2,31.535851,-81.2951,0.097621144,2.0285837650299072,0.7031806707382202,0.082644628,344.29913330078125,50610.12891,-0.453374234,0.376173499,-0.000298548,-0.19520548
2490.328,2002,1/1/2002,2,31.535851,-81.2951,0.1136011753776822,2.0285837650299072,0.7031806707382202,0.082644628,305.7474060058594,50610.12891,-0.464075992,0.3738874362916096,0.050632405,0.1219178065657615
67.2,2004,1/1/2004,2,31.535851,-81.2951,0.1213730930307747,2.0285837650299072,0.7031806707382202,0.082644628,319.4154357910156,50610.12891,-0.587609059,0.4711419190076614,-0.064991357,-0.09931507
1729.72,2005,1/1/2005,2,31.535851,-81.2951,0.1212509921316925,2.0285837650299072,0.7031806707382202,0.082644628,330.8974914550781,50610.12891,-0.521226734,0.4607060515886613,0.012394239,0.3782191872596741
760.588,2008,1/1/2008,2,31.535851,-81.2951,0.1252385995543558,2.0285837650299072,0.7031806707382202,0.082644628,327.9032592773437,50610.12891,-0.496294009,0.4093767024643459,0.01294928,-0.165753424
1759.084,2009,1/1/2009,2,31.535851,-81.2951,0.1354850262307142,2.0285837650299072,0.7031806707382202,0.082644628,324.7769470214844,50610.12891,-0.524474757,0.4646523092060178,-0.020841643,0.149315059
496.976,2010,1/1/2010,2,31.535851,-81.2951,0.1358805450914855,2.0285837650299072,0.7031806707382202,0.082644628,337.8800048828125,50610.12891,-0.475194557,0.4584970097935003,0.017381961,-0.61054796
304.776,2011,1/1/2011,2,31.535851,-81.2951,0.1019321321726085,2.0285837650299072,0.7031806707382202,0.082644628,344.5704345703125,50610.12891,-0.447266234,0.3828762609849914,0.076144687,-0.316575348
2576.864,2013,1/1/2013,2,31.535851,-81.2951,0.1426400739006538,2.0285837650299072,0.7031806707382202,0.082644628,332.9473876953125,50610.12891,-0.434131223,0.4724666928131285,-0.002136337,0.1134246587753295
736.968,2014,1/1/2014,2,31.535851,-81.2951,0.1556333991040956,2.0285837650299072,0.7031806707382202,0.082644628,336.2303161621094,50610.12891,-0.43200509,0.4878298503546474,-0.009312481,0.060000002
759.856,2015,1/1/2015,2,31.535851,-81.2951,0.1601494164219378,2.0285837650299072,0.7031806707382202,0.082644628,312.1328125,50610.12891,-0.413734512,0.4135812474091255,0.024356907,0.03657534
147.14,2016,1/1/2016,2,31.535851,-81.2951,0.1424159483467503,2.0285837650299072,0.7031806707382202,0.082644628,332.0195617675781,50610.12891,-0.407280955,0.4620163714170582,0.000692274,-0.406438351
408.58,2017,1/1/2017,2,31.535851,-81.2951,0.1579510824619637,2.0285837650299072,0.7031806707382202,0.082644628,328.8197937011719,50610.12891,-0.470921229,0.4764801232399177,0.032967836,-0.163972601
587.888,2018,1/1/2018,2,31.535851,-81.2951,0.1575947328310247,2.0285837650299072,0.7031806707382202,0.082644628,330.98260498046875,50610.12891,-0.491928007,0.4991000122545753,0.037030588,0.1087671220302581
438.1,2019,1/1/2019,2,31.535851,-81.2951,0.1131545651671363,2.0285837650299072,0.7031806707382202,0.082644628,323.5923767089844,50610.12891,-0.471115751,0.4263144522080941,-0.016391832,-0.299154907
742.316,2020,1/1/2020,2,31.535851,-81.2951,0.139240711,2.0285837650299072,0.7031806707382202,0.082644628,306.5635986328125,50610.12891,-0.460042155,0.4867465738654401,0.011965886,-0.079857133
979.988,2021,1/1/2021,2,31.535851,-81.2951,0.1317956004312909,2.0285837650299072,0.7031806707382202,0.082644628,328.6517333984375,50610.12891,-0.442428618,0.4621505934762386,-0.017723744,0.123424657
968.956,2022,1/1/2022,2,31.535851,-81.2951,0.1527736838171102,2.0285837650299072,0.7031806707382202,0.082644628,338.1392517089844,50610.12891,-0.419939208,0.4584432489436046,0.006559792,-0.183150679
522.8,2007,1/1/2007,2,31.535886,-81.295282,0.096189716,0.4010368585586548,0.993483841,0.2840236686390532,316.85577392578125,50610.12891,-0.4594101,0.3934822613872363,0.004481296,-0.301369876
474.784,2022,1/1/2022,2,31.535886,-81.295282,0.1041163337194862,0.4010368585586548,0.993483841,0.2840236686390532,338.1392517089844,50610.12891,-0.440996642,0.3874215812149263,-0.001117924,-0.183150679
225.024,2000,1/1/2000,2,31.535886,-81.295282,0.080428044,0.4010368585586548,0.993483841,0.2840236686390532,337.3777160644531,50610.12891,-0.426585009,0.3137511340216848,-0.024327161,-0.348219186
336.144,2001,1/1/2001,2,31.535886,-81.295282,0.083611394,0.4010368585586548,0.993483841,0.2840236686390532,344.29913330078125,50610.12891,-0.479988966,0.3178673521406771,-0.033205876,-0.19520548
1118.592,2002,1/1/2002,2,31.535886,-81.295282,0.08549262,0.4010368585586548,0.993483841,0.2840236686390532,305.7474060058594,50610.12891,-0.408789824,0.3276704164487818,0.022229554,0.1219178065657615
602.8960000000001,2004,1/1/2004,2,31.535886,-81.295282,0.1086274498359115,0.4010368585586548,0.993483841,0.2840236686390532,319.4154357910156,50610.12891,-0.448425481,0.4243347256133357,-0.018060087,-0.09931507
488,2005,1/1/2005,2,31.535886,-81.295282,0.098515489,0.4010368585586548,0.993483841,0.2840236686390532,330.8974914550781,50610.12891,-0.440583069,0.3703714678745319,0.002332568,0.3782191872596741
114.816,2006,1/1/2006,2,31.535886,-81.295282,0.087266433,0.4010368585586548,0.993483841,0.2840236686390532,349.6590270996094,50610.12891,-0.450572985,0.3758630098765996,-0.00625614,-0.325068504
341.05600000000004,2008,1/1/2008,2,31.535886,-81.295282,0.1147835633831393,0.4010368585586548,0.993483841,0.2840236686390532,327.9032592773437,50610.12891,-0.463499876,0.3994416705104565,-0.01130408,-0.165753424
591.264,2009,1/1/2009,2,31.535886,-81.295282,0.087461924,0.4010368585586548,0.993483841,0.2840236686390532,324.7769470214844,50610.12891,-0.436619158,0.3598466990099311,-0.040375715,0.149315059
367.312,2010,1/1/2010,2,31.535886,-81.295282,0.096138703,0.4010368585586548,0.993483841,0.2840236686390532,337.8800048828125,50610.12891,-0.48338284,0.373173075,0.034782143,-0.61054796
326.784,2011,1/1/2011,2,31.535886,-81.295282,0.079115037,0.4010368585586548,0.993483841,0.2840236686390532,344.5704345703125,50610.12891,-0.452047353,0.3181841801985932,0.001435148,-0.316575348
414.688,2012,1/1/2012,2,31.535886,-81.295282,0.096341206,0.4010368585586548,0.993483841,0.2840236686390532,318.0824890136719,50610.12891,-0.473065408,0.3737070451150216,0.029620076,-0.282191783
767.568,2013,1/1/2013,2,31.535886,-81.295282,0.1265025300506012,0.4010368585586548,0.993483841,0.2840236686390532,332.9473876953125,50610.12891,-0.431344869,0.4187481424292247,-0.017694863,0.1134246587753295
247.728,2014,1/1/2014,2,31.535886,-81.295282,0.091518085,0.4010368585586548,0.993483841,0.2840236686390532,336.2303161621094,50610.12891,-0.353563093,0.3430149692811975,0.018680479,0.060000002
225.424,2015,1/1/2015,2,31.535886,-81.295282,0.1123859823106816,0.4010368585586548,0.993483841,0.2840236686390532,312.1328125,50610.12891,-0.39983744,0.3424895085039516,-0.003228055,0.03657534
224.176,2016,1/1/2016,2,31.535886,-81.295282,0.097220513,0.4010368585586548,0.993483841,0.2840236686390532,332.0195617675781,50610.12891,-0.394526876,0.3394287062854726,0.000697748,-0.406438351
577.504,2017,1/1/2017,2,31.535886,-81.295282,0.1110100861344642,0.4010368585586548,0.993483841,0.2840236686390532,328.8197937011719,50610.12891,-0.454596466,0.4014255490875301,0.00390736,-0.163972601
740.272,2018,1/1/2018,2,31.535886,-81.295282,0.099311126,0.4010368585586548,0.993483841,0.2840236686390532,330.98260498046875,50610.12891,-0.444307798,0.3511683633856058,0.008483232,0.1087671220302581
387.664,2019,1/1/2019,2,31.535886,-81.295282,0.077016709,0.4010368585586548,0.993483841,0.2840236686390532,323.5923767089844,50610.12891,-0.413308175,0.3548001737619456,-0.024333407,-0.299154907
400.864,2020,1/1/2020,2,31.535886,-81.295282,0.092842686,0.4010368585586548,0.993483841,0.2840236686390532,306.5635986328125,50610.12891,-0.451618463,0.3835728027225772,-0.000502444,-0.079857133
212.544,2021,1/1/2021,2,31.535886,-81.295282,0.111016134,0.4010368585586548,0.993483841,0.2840236686390532,328.6517333984375,50610.12891,-0.440534396,0.3613338355200508,-0.01389009,0.123424657
174.176,2000,1/1/2000,2,31.535901,-81.295808,0.07121571,0.3702150285243988,0.7317203283309937,0.3321234119782214,337.3777160644531,50610.12891,-0.43890564,0.2894749702653431,-0.04908613,-0.348219186
145.072,2001,1/1/2001,2,31.535901,-81.295808,0.091451404,0.3702150285243988,0.7317203283309937,0.3321234119782214,344.29913330078125,50610.12891,-0.448438578,0.3442494832564533,-0.014903642,-0.19520548
322.56,2002,1/1/2002,2,31.535901,-81.295808,0.1269630605739913,0.3702150285243988,0.7317203283309937,0.3321234119782214,305.7474060058594,50610.12891,-0.419368915,0.4725921156603944,-0.022387007,0.1219178065657615
244.336,2004,1/1/2004,2,31.535901,-81.295808,0.1261635817649591,0.3702150285243988,0.7317203283309937,0.3321234119782214,319.4154357910156,50610.12891,-0.503201575,0.4196205255341023,-0.043637618,-0.09931507
630.064,2005,1/1/2005,2,31.535901,-81.295808,0.1098037293544189,0.3702150285243988,0.7317203283309937,0.3321234119782214,330.8974914550781,50610.12891,-0.483648748,0.3858418296992281,-0.030511828,0.3782191872596741
416.816,2006,1/1/2006,2,31.535901,-81.295808,0.078989801,0.3702150285243988,0.7317203283309937,0.3321234119782214,349.6590270996094,50610.12891,-0.3966661,0.3450733065771156,-0.029116783,-0.325068504
168.928,2007,1/1/2007,2,31.535901,-81.295808,0.1041178938346038,0.3702150285243988,0.7317203283309937,0.3321234119782214,316.85577392578125,50610.12891,-0.475026117,0.351157564,0.065181736,-0.301369876
229.12,2009,1/1/2009,2,31.535901,-81.295808,0.090890757,0.3702150285243988,0.7317203283309937,0.3321234119782214,324.7769470214844,50610.12891,-0.493112037,0.3598466990099311,-0.071288205,0.149315059
419.824,2010,1/1/2010,2,31.535901,-81.295808,0.09874919,0.3702150285243988,0.7317203283309937,0.3321234119782214,337.8800048828125,50610.12891,-0.438215431,0.3353829132458352,0.045425346,-0.61054796
590.624,2013,1/1/2013,2,31.535901,-81.295808,0.1266879826628143,0.3702150285243988,0.7317203283309937,0.3321234119782214,332.9473876953125,50610.12891,-0.435484051,0.4011735529707281,-0.022123258,0.1134246587753295
469.152,2014,1/1/2014,2,31.535901,-81.295808,0.1006075993030951,0.3702150285243988,0.7317203283309937,0.3321234119782214,336.2303161621094,50610.12891,-0.371443917,0.3691569118167124,0.001621754,0.060000002
278.40000000000003,2015,1/1/2015,2,31.535901,-81.295808,0.097159719,0.3702150285243988,0.7317203283309937,0.3321234119782214,312.1328125,50610.12891,-0.409335379,0.325488886,-0.004072155,0.03657534
159.936,2016,1/1/2016,2,31.535901,-81.295808,0.1073676868752382,0.3702150285243988,0.7317203283309937,0.3321234119782214,332.0195617675781,50610.12891,-0.407659223,0.3605482925147821,-0.003391224,-0.406438351
47.088,2017,1/1/2017,2,31.535901,-81.295808,0.110214544,0.3702150285243988,0.7317203283309937,0.3321234119782214,328.8197937011719,50610.12891,-0.42307086,0.3722168305674777,0.000428766,-0.163972601
73.92,2018,1/1/2018,2,31.535901,-81.295808,0.1142413509854008,0.3702150285243988,0.7317203283309937,0.3321234119782214,330.98260498046875,50610.12891,-0.446546289,0.3652558875956287,-0.001255163,0.1087671220302581
43.328,2019,1/1/2019,2,31.535901,-81.295808,0.087589451,0.3702150285243988,0.7317203283309937,0.3321234119782214,323.5923767089844,50610.12891,-0.448251778,0.3802284520631978,-0.030200787,-0.299154907
62.736,2020,1/1/2020,2,31.535901,-81.295808,0.1093427757405394,0.3702150285243988,0.7317203283309937,0.3321234119782214,306.5635986328125,50610.12891,-0.468500621,0.4168021379962869,-0.02611552,-0.079857133
81.952,2021,1/1/2021,2,31.535901,-81.295808,0.1155335843018577,0.3702150285243988,0.7317203283309937,0.3321234119782214,328.6517333984375,50610.12891,-0.462304673,0.4155126102118853,-0.029359264,0.123424657
180.64,2022,1/1/2022,2,31.535901,-81.295808,0.13385633,0.3702150285243988,0.7317203283309937,0.3321234119782214,338.1392517089844,50610.12891,-0.455854896,0.4274050290793625,-0.003844077,-0.183150679
184.256,2008,1/1/2008,2,31.535901000000003,-81.295808,0.1097133433929424,0.3702150285243988,0.7317203283309937,0.3321234119782214,327.9032592773437,50610.12891,-0.438838073,0.3725249382737658,-0.035797076,-0.165753424
606.096,2011,1/1/2011,2,31.535901000000003,-81.295808,0.089759769,0.3702150285243988,0.7317203283309937,0.3321234119782214,344.5704345703125,50610.12891,-0.470708786,0.3176738354136464,-0.01579228,-0.316575348
123.728,2001,1/1/2001,2,31.535967,-81.295928,0.09755156,0.5220310688018799,0.8344976902008057,0.4714038128249567,344.29913330078125,50610.12891,-0.481934503,0.3554787929651571,-0.007399857,-0.19520548
423.808,2002,1/1/2002,2,31.535967,-81.295928,0.12271723,0.5220310688018799,0.8344976902008057,0.4714038128249567,305.7474060058594,50610.12891,-0.514867157,0.385275392,0.019894585,0.1219178065657615
200.4,2004,1/1/2004,2,31.535967,-81.295928,0.1261635817649591,0.5220310688018799,0.8344976902008057,0.4714038128249567,319.4154357910156,50610.12891,-0.482774303,0.4300877119172001,-0.034668616,-0.09931507
297.824,2005,1/1/2005,2,31.535967,-81.295928,0.1130432484101005,0.5220310688018799,0.8344976902008057,0.4714038128249567,330.8974914550781,50610.12891,-0.499546794,0.3823762258844074,-0.043336989,0.3782191872596741
174.94400000000002,2006,1/1/2006,2,31.535967,-81.295928,0.08864056,0.5220310688018799,0.8344976902008057,0.4714038128249567,349.6590270996094,50610.12891,-0.432415098,0.3737904133223322,-0.079115739,-0.325068504
242.048,2007,1/1/2007,2,31.535967,-81.295928,0.084913713,0.5220310688018799,0.8344976902008057,0.4714038128249567,316.85577392578125,50610.12891,-0.446219145,0.3388049489884929,0.001065293,-0.301369876
437.136,2009,1/1/2009,2,31.535967,-81.295928,0.073471408,0.5220310688018799,0.8344976902008057,0.4714038128249567,324.7769470214844,50610.12891,-0.541808977,0.3118841092818787,-0.075034702,0.149315059
324,2010,1/1/2010,2,31.535967,-81.295928,0.079959785,0.5220310688018799,0.8344976902008057,0.4714038128249567,337.8800048828125,50610.12891,-0.472050644,0.3273108398892073,-0.015153121,-0.61054796
181.424,2011,1/1/2011,2,31.535967,-81.295928,0.088827014,0.5220310688018799,0.8344976902008057,0.4714038128249567,344.5704345703125,50610.12891,-0.443109525,0.3617769510501593,0.01383176,-0.316575348
311.488,2013,1/1/2013,2,31.535967,-81.295928,0.1237462189675013,0.5220310688018799,0.8344976902008057,0.4714038128249567,332.9473876953125,50610.12891,-0.508563859,0.3870495387525299,0.004039959,0.1134246587753295
146.768,2014,1/1/2014,2,31.535967,-81.295928,0.10037948,0.5220310688018799,0.8344976902008057,0.4714038128249567,336.2303161621094,50610.12891,-0.396091642,0.3485432483155267,-0.010719289,0.060000002
250.848,2015,1/1/2015,2,31.535967,-81.295928,0.09074596,0.5220310688018799,0.8344976902008057,0.4714038128249567,312.1328125,50610.12891,-0.380517771,0.2562551194625556,-0.020811041,0.03657534
90.16,2017,1/1/2017,2,31.535967,-81.295928,0.099931682,0.5220310688018799,0.8344976902008057,0.4714038128249567,328.8197937011719,50610.12891,-0.430950049,0.3721864332015417,-0.004716548,-0.163972601
169.712,2019,1/1/2019,2,31.535967,-81.295928,0.079584384,0.5220310688018799,0.8344976902008057,0.4714038128249567,323.5923767089844,50610.12891,-0.468635841,0.3335549684170015,-0.031448057,-0.299154907
71.184,2020,1/1/2020,2,31.535967,-81.295928,0.099517188,0.5220310688018799,0.8344976902008057,0.4714038128249567,306.5635986328125,50610.12891,-0.478020712,0.3712055988683608,-0.021693659,-0.079857133
146.512,2021,1/1/2021,2,31.535967,-81.295928,0.1079487527922687,0.5220310688018799,0.8344976902008057,0.4714038128249567,328.6517333984375,50610.12891,-0.474313754,0.3901562476726802,-0.028150758,0.123424657
257.392,2022,1/1/2022,2,31.535967,-81.295928,0.1094589815122813,0.5220310688018799,0.8344976902008057,0.4714038128249567,338.1392517089844,50610.12891,-0.483898622,0.4418761594093133,-0.015887782,-0.183150679
122.352,2008,1/1/2008,2,31.535967000000003,-81.295928,0.1116988636200713,0.5220310688018799,0.8344976902008057,0.4714038128249567,327.9032592773437,50610.12891,-0.48964267,0.3989750859387344,-0.056211278,-0.165753424
74.304,2016,1/1/2016,2,31.535967000000003,-81.295928,0.1106564246251735,0.5220310688018799,0.8344976902008057,0.4714038128249567,332.0195617675781,50610.12891,-0.43778516,0.3649847847887015,-0.020877817,-0.406438351
92.784,2018,1/1/2018,2,31.535967000000003,-81.295928,0.1074521520098973,0.5220310688018799,0.8344976902008057,0.4714038128249567,330.98260498046875,50610.12891,-0.471711546,0.3656511202456909,-0.019691518,0.1087671220302581
2046.852,2001,1/1/2001,2,31.536007,-81.295029,0.08729976,1.7037460803985596,0.8225768208503723,0.1940928270042194,344.29913330078125,50610.12891,-0.448628823,0.371991827,-0.015208956,-0.19520548
2716.384,2002,1/1/2002,2,31.536007,-81.295029,0.073811722,1.7037460803985596,0.8225768208503723,0.1940928270042194,305.7474060058594,50610.12891,-0.443151983,0.3009514412573116,0.021987759,0.1219178065657615
987.944,2004,1/1/2004,2,31.536007,-81.295029,0.1025378975239315,1.7037460803985596,0.8225768208503723,0.1940928270042194,319.4154357910156,50610.12891,-0.424039921,0.406209927,0.009430034,-0.09931507
1493.732,2005,1/1/2005,2,31.536007,-81.295029,0.099024445,1.7037460803985596,0.8225768208503723,0.1940928270042194,330.8974914550781,50610.12891,-0.497898818,0.3941915212824031,-0.016564457,0.3782191872596741
1011.8,2006,1/1/2006,2,31.536007,-81.295029,0.076986558,1.7037460803985596,0.8225768208503723,0.1940928270042194,349.6590270996094,50610.12891,-0.361584018,0.3378363379790396,0.008232539,-0.325068504
888.376,2007,1/1/2007,2,31.536007,-81.295029,0.08834326,1.7037460803985596,0.8225768208503723,0.1940928270042194,316.85577392578125,50610.12891,-0.450460655,0.3469207397066854,-0.049174831,-0.301369876
683.58,2008,1/1/2008,2,31.536007,-81.295029,0.084186875,1.7037460803985596,0.8225768208503723,0.1940928270042194,327.9032592773437,50610.12891,-0.471415505,0.3501984899198265,-0.008566237,-0.165753424
583.2,2009,1/1/2009,2,31.536007,-81.295029,0.094235253,1.7037460803985596,0.8225768208503723,0.1940928270042194,324.7769470214844,50610.12891,-0.502214627,0.3508725980102645,0.010249599,0.149315059
881.172,2010,1/1/2010,2,31.536007,-81.295029,0.099485439,1.7037460803985596,0.8225768208503723,0.1940928270042194,337.8800048828125,50610.12891,-0.478528354,0.3563230008362305,0.026754595,-0.61054796
526.116,2011,1/1/2011,2,31.536007,-81.295029,0.073467321,1.7037460803985596,0.8225768208503723,0.1940928270042194,344.5704345703125,50610.12891,-0.391960195,0.3208127894815479,-0.073741264,-0.316575348
569.864,2013,1/1/2013,2,31.536007,-81.295029,0.1074357742082846,1.7037460803985596,0.8225768208503723,0.1940928270042194,332.9473876953125,50610.12891,-0.453847754,0.4126827521651375,-0.011051184,0.1134246587753295
896.088,2014,1/1/2014,2,31.536007,-81.295029,0.1005947826776641,1.7037460803985596,0.8225768208503723,0.1940928270042194,336.2303161621094,50610.12891,-0.407762796,0.3733208283932969,0.01411434,0.060000002
592.736,2016,1/1/2016,2,31.536007,-81.295029,0.099415959,1.7037460803985596,0.8225768208503723,0.1940928270042194,332.0195617675781,50610.12891,-0.40624359,0.3467986636846655,0.038598346,-0.406438351
798.7,2017,1/1/2017,2,31.536007,-81.295029,0.1021716967221441,1.7037460803985596,0.8225768208503723,0.1940928270042194,328.8197937011719,50610.12891,-0.452424582,0.3741559920926408,-0.02132322,-0.163972601
826.096,2018,1/1/2018,2,31.536007,-81.295029,0.1092894630287726,1.7037460803985596,0.8225768208503723,0.1940928270042194,330.98260498046875,50610.12891,-0.453350367,0.3773660938690532,0.017138349,0.1087671220302581
1245.236,2019,1/1/2019,2,31.536007,-81.295029,0.088073745,1.7037460803985596,0.8225768208503723,0.1940928270042194,323.5923767089844,50610.12891,-0.433267955,0.3762363601557015,0.004075901,-0.299154907
1805.976,2020,1/1/2020,2,31.536007,-81.295029,0.1000210626610845,1.7037460803985596,0.8225768208503723,0.1940928270042194,306.5635986328125,50610.12891,-0.437392624,0.4117024645745785,0.001077428,-0.079857133
319.048,2021,1/1/2021,2,31.536007,-81.295029,0.097386099,1.7037460803985596,0.8225768208503723,0.1940928270042194,328.6517333984375,50610.12891,-0.423643644,0.3945965829356955,-0.008545801,0.123424657
801.084,2022,1/1/2022,2,31.536007,-81.295029,0.1184539358746112,1.7037460803985596,0.8225768208503723,0.1940928270042194,338.1392517089844,50610.12891,-0.390231511,0.3815088566631073,0.003066843,-0.183150679
703.28,2015,1/1/2015,2,31.536007,-81.295029,0.1003559895096249,1.7037460803985596,0.8225768208503723,0.1940928270042194,312.1328125,50610.12891,-0.405924715,0.3279975110039572,-0.021473937,0.03657534
197.376,2000,1/1/2000,2,31.536026,-81.296091,0.094442547,2.269000291824341,0.8466702699661255,0.1091954022988505,337.3777160644531,50610.12891,-0.408785777,0.3607811413405994,-0.047705008,-0.348219186
243.6,2001,1/1/2001,2,31.536026,-81.296091,0.1183303520269445,2.269000291824341,0.8466702699661255,0.1091954022988505,344.29913330078125,50610.12891,-0.456567475,0.4383585255098935,0.001370318,-0.19520548
784.8960000000001,2002,1/1/2002,2,31.536026,-81.296091,0.1253519998667734,2.269000291824341,0.8466702699661255,0.1091954022988505,305.7474060058594,50610.12891,-0.48330827,0.4115753591102066,-0.01530876,0.1219178065657615
506.56,2005,1/1/2005,2,31.536026,-81.296091,0.1479067973573771,2.269000291824341,0.8466702699661255,0.1091954022988505,330.8974914550781,50610.12891,-0.5340565,0.4413128282073116,-0.027249217,0.3782191872596741
155.248,2006,1/1/2006,2,31.536026,-81.296091,0.1155171297661607,2.269000291824341,0.8466702699661255,0.1091954022988505,349.6590270996094,50610.12891,-0.441304417,0.427681176,0.017629214,-0.325068504
381.216,2007,1/1/2007,2,31.536026,-81.296091,0.1095329292934902,2.269000291824341,0.8466702699661255,0.1091954022988505,316.85577392578125,50610.12891,-0.455247599,0.4236202770900575,-0.023564696,-0.301369876
220.368,2008,1/1/2008,2,31.536026,-81.296091,0.1372332760154533,2.269000291824341,0.8466702699661255,0.1091954022988505,327.9032592773437,50610.12891,-0.506458614,0.4247465741950165,0.006365127,-0.165753424
713.04,2009,1/1/2009,2,31.536026,-81.296091,0.1607175950439481,2.269000291824341,0.8466702699661255,0.1091954022988505,324.7769470214844,50610.12891,-0.533604433,0.4624977859902237,-0.021689992,0.149315059
181.728,2010,1/1/2010,2,31.536026,-81.296091,0.1210308296113231,2.269000291824341,0.8466702699661255,0.1091954022988505,337.8800048828125,50610.12891,-0.483677872,0.4293792234631012,0.003245273,-0.61054796
441.824,2012,1/1/2012,2,31.536026,-81.296091,0.1163685244389725,2.269000291824341,0.8466702699661255,0.1091954022988505,318.0824890136719,50610.12891,-0.436816658,0.4076460219180578,0.008215447,-0.282191783
1088.064,2013,1/1/2013,2,31.536026,-81.296091,0.1454034649826925,2.269000291824341,0.8466702699661255,0.1091954022988505,332.9473876953125,50610.12891,-0.473218502,0.5080171050714664,-0.041910903,0.1134246587753295
231.44,2014,1/1/2014,2,31.536026,-81.296091,0.1292559563777353,2.269000291824341,0.8466702699661255,0.1091954022988505,336.2303161621094,50610.12891,-0.400050077,0.4389013168887422,-0.010022307,0.060000002
328.576,2015,1/1/2015,2,31.536026,-81.296091,0.1331484660416393,2.269000291824341,0.8466702699661255,0.1091954022988505,312.1328125,50610.12891,-0.412877178,0.3831723423859344,-0.016629196,0.03657534
225.28,2016,1/1/2016,2,31.536026,-81.296091,0.1254006935590514,2.269000291824341,0.8466702699661255,0.1091954022988505,332.0195617675781,50610.12891,-0.417306483,0.4139196642181507,-0.002240174,-0.406438351
390.352,2017,1/1/2017,2,31.536026,-81.296091,0.1655931771623122,2.269000291824341,0.8466702699661255,0.1091954022988505,328.8197937011719,50610.12891,-0.496943295,0.4546894583252737,0.000556427,-0.163972601
340.736,2018,1/1/2018,2,31.536026,-81.296091,0.1460561115710998,2.269000291824341,0.8466702699661255,0.1091954022988505,330.98260498046875,50610.12891,-0.472238041,0.45372764,0.007397827,0.1087671220302581
182.016,2019,1/1/2019,2,31.536026,-81.296091,0.1291884633256242,2.269000291824341,0.8466702699661255,0.1091954022988505,323.5923767089844,50610.12891,-0.471280019,0.4765319503561586,0.015629674,-0.299154907
190,2022,1/1/2022,2,31.536026,-81.296091,0.143024836,2.269000291824341,0.8466702699661255,0.1091954022988505,338.1392517089844,50610.12891,-0.448624818,0.4640792559461192,-0.020553887,-0.183150679
221.664,2004,1/1/2004,2,31.536026000000003,-81.296091,0.1505625741314927,2.269000291824341,0.8466702699661255,0.1091954022988505,319.4154357910156,50610.12891,-0.544553637,0.4810632058778172,-0.03055322,-0.09931507
263.616,2011,1/1/2011,2,31.536026000000003,-81.296091,0.1017533299150524,2.269000291824341,0.8466702699661255,0.1091954022988505,344.5704345703125,50610.12891,-0.451679623,0.3680897847171137,-0.017495118,-0.316575348
157.264,2020,1/1/2020,2,31.536026000000003,-81.296091,0.126344498,2.269000291824341,0.8466702699661255,0.1091954022988505,306.5635986328125,50610.12891,-0.471001209,0.4949397558466878,-0.014227254,-0.079857133
180.992,2021,1/1/2021,2,31.536026000000003,-81.296091,0.1243205504076698,2.269000291824341,0.8466702699661255,0.1091954022988505,328.6517333984375,50610.12891,-0.470137904,0.4753764517010694,-0.019380821,0.123424657
190.912,2000,1/1/2000,2,31.536099,-81.296236,0.1026017575119342,1.1270442008972168,0.9098763465881348,0.1407678244972577,337.3777160644531,50610.12891,-0.451570481,0.390512375,-0.025788576,-0.348219186
122.704,2001,1/1/2001,2,31.536099,-81.296236,0.098932458,1.1270442008972168,0.9098763465881348,0.1407678244972577,344.29913330078125,50610.12891,-0.41785166,0.4018301192852589,-0.016269439,-0.19520548
680.7040000000001,2002,1/1/2002,2,31.536099,-81.296236,0.1325382138658699,1.1270442008972168,0.9098763465881348,0.1407678244972577,305.7474060058594,50610.12891,-0.543343685,0.4221111018735562,-0.022170268,0.1219178065657615
192.24,2004,1/1/2004,2,31.536099,-81.296236,0.1538248534323456,1.1270442008972168,0.9098763465881348,0.1407678244972577,319.4154357910156,50610.12891,-0.559583903,0.449951817,-0.070558523,-0.09931507
253.536,2005,1/1/2005,2,31.536099,-81.296236,0.1301294388580795,1.1270442008972168,0.9098763465881348,0.1407678244972577,330.8974914550781,50610.12891,-0.520833509,0.4300630401361823,-0.017720137,0.3782191872596741
360.848,2006,1/1/2006,2,31.536099,-81.296236,0.1194007698168471,1.1270442008972168,0.9098763465881348,0.1407678244972577,349.6590270996094,50610.12891,-0.479823772,0.417432964,0.010175268,-0.325068504
275.296,2007,1/1/2007,2,31.536099,-81.296236,0.1050342464070926,1.1270442008972168,0.9098763465881348,0.1407678244972577,316.85577392578125,50610.12891,-0.514283647,0.3808370074798076,0.005387139,-0.301369876
237.6,2008,1/1/2008,2,31.536099,-81.296236,0.093930937,1.1270442008972168,0.9098763465881348,0.1407678244972577,327.9032592773437,50610.12891,-0.507570649,0.3415579544033684,-0.048160347,-0.165753424
246.064,2009,1/1/2009,2,31.536099,-81.296236,0.1366522416251884,1.1270442008972168,0.9098763465881348,0.1407678244972577,324.7769470214844,50610.12891,-0.529139755,0.4423644657441697,0.005674045,0.149315059
319.648,2010,1/1/2010,2,31.536099,-81.296236,0.116668255,1.1270442008972168,0.9098763465881348,0.1407678244972577,337.8800048828125,50610.12891,-0.501320674,0.4134719485127189,0.043984981,-0.61054796
266.368,2011,1/1/2011,2,31.536099,-81.296236,0.089930275,1.1270442008972168,0.9098763465881348,0.1407678244972577,344.5704345703125,50610.12891,-0.455487329,0.3487830287197793,0.014666356,-0.316575348
276.656,2012,1/1/2012,2,31.536099,-81.296236,0.1031436846560073,1.1270442008972168,0.9098763465881348,0.1407678244972577,318.0824890136719,50610.12891,-0.4641912,0.4433311066577609,-0.009378834,-0.282191783
385.024,2013,1/1/2013,2,31.536099,-81.296236,0.1469392540282954,1.1270442008972168,0.9098763465881348,0.1407678244972577,332.9473876953125,50610.12891,-0.496749819,0.5065554771627776,-0.064764871,0.1134246587753295
314.544,2015,1/1/2015,2,31.536099,-81.296236,0.1371639327246956,1.1270442008972168,0.9098763465881348,0.1407678244972577,312.1328125,50610.12891,-0.478625365,0.4545802688403537,-0.025176309,0.03657534
178.976,2016,1/1/2016,2,31.536099,-81.296236,0.1494637744455768,1.1270442008972168,0.9098763465881348,0.1407678244972577,332.0195617675781,50610.12891,-0.461720958,0.4706994317170969,-0.02976101,-0.406438351
271.008,2017,1/1/2017,2,31.536099,-81.296236,0.1549778522135394,1.1270442008972168,0.9098763465881348,0.1407678244972577,328.8197937011719,50610.12891,-0.519167761,0.492461026,-0.041119927,-0.163972601
317.776,2019,1/1/2019,2,31.536099,-81.296236,0.1296379307809034,1.1270442008972168,0.9098763465881348,0.1407678244972577,323.5923767089844,50610.12891,-0.448430313,0.4127034087690032,-0.022956917,-0.299154907
161.696,2020,1/1/2020,2,31.536099,-81.296236,0.1351678392233857,1.1270442008972168,0.9098763465881348,0.1407678244972577,306.5635986328125,50610.12891,-0.501537986,0.4997720028751159,-0.025147456,-0.079857133
180.416,2021,1/1/2021,2,31.536099,-81.296236,0.1403215787315556,1.1270442008972168,0.9098763465881348,0.1407678244972577,328.6517333984375,50610.12891,-0.491518658,0.4788990427220608,-0.020668017,0.123424657
173.504,2014,1/1/2014,2,31.536099000000004,-81.296236,0.1475179259747618,1.1270442008972168,0.9098763465881348,0.1407678244972577,336.2303161621094,50610.12891,-0.462960476,0.4524418652792047,-0.016368551,0.060000002
230.8,2018,1/1/2018,2,31.536099000000004,-81.296236,0.1756583109211111,1.1270442008972168,0.9098763465881348,0.1407678244972577,330.98260498046875,50610.12891,-0.510913785,0.506603672,-0.024755609,0.1087671220302581
298.912,2022,1/1/2022,2,31.536099000000004,-81.296236,0.1575461704431272,1.1270442008972168,0.9098763465881348,0.1407678244972577,338.1392517089844,50610.12891,-0.461540831,0.4869270660613127,-0.01994316,-0.183150679
1197.368,2001,1/1/2001,2,31.536124,-81.295047,0.08729976,0.9898019433021544,0.75045085,0.1940928270042194,344.29913330078125,50610.12891,-0.448628823,0.371991827,-0.015208956,-0.19520548
2641.76,2002,1/1/2002,2,31.536124,-81.295047,0.073811722,0.9898019433021544,0.75045085,0.1940928270042194,305.7474060058594,50610.12891,-0.443151983,0.3009514412573116,0.021987759,0.1219178065657615
588.2,2004,1/1/2004,2,31.536124,-81.295047,0.1025378975239315,0.9898019433021544,0.75045085,0.1940928270042194,319.4154357910156,50610.12891,-0.424039921,0.406209927,0.009430034,-0.09931507
1444.036,2005,1/1/2005,2,31.536124,-81.295047,0.099024445,0.9898019433021544,0.75045085,0.1940928270042194,330.8974914550781,50610.12891,-0.497898818,0.3941915212824031,-0.016564457,0.3782191872596741
891.508,2006,1/1/2006,2,31.536124,-81.295047,0.076986558,0.9898019433021544,0.75045085,0.1940928270042194,349.6590270996094,50610.12891,-0.361584018,0.3378363379790396,0.008232539,-0.325068504
1422.776,2007,1/1/2007,2,31.536124,-81.295047,0.08834326,0.9898019433021544,0.75045085,0.1940928270042194,316.85577392578125,50610.12891,-0.450460655,0.3469207397066854,-0.049174831,-0.301369876
1020.112,2008,1/1/2008,2,31.536124,-81.295047,0.084186875,0.9898019433021544,0.75045085,0.1940928270042194,327.9032592773437,50610.12891,-0.471415505,0.3501984899198265,-0.008566237,-0.165753424
1830.748,2010,1/1/2010,2,31.536124,-81.295047,0.099485439,0.9898019433021544,0.75045085,0.1940928270042194,337.8800048828125,50610.12891,-0.478528354,0.3563230008362305,0.026754595,-0.61054796
1075.536,2011,1/1/2011,2,31.536124,-81.295047,0.073467321,0.9898019433021544,0.75045085,0.1940928270042194,344.5704345703125,50610.12891,-0.391960195,0.3208127894815479,-0.073741264,-0.316575348
1564.036,2013,1/1/2013,2,31.536124,-81.295047,0.1074357742082846,0.9898019433021544,0.75045085,0.1940928270042194,332.9473876953125,50610.12891,-0.453847754,0.4126827521651375,-0.011051184,0.1134246587753295
660.104,2014,1/1/2014,2,31.536124,-81.295047,0.1005947826776641,0.9898019433021544,0.75045085,0.1940928270042194,336.2303161621094,50610.12891,-0.407762796,0.3733208283932969,0.01411434,0.060000002
1023.416,2015,1/1/2015,2,31.536124,-81.295047,0.1003559895096249,0.9898019433021544,0.75045085,0.1940928270042194,312.1328125,50610.12891,-0.405924715,0.3279975110039572,-0.021473937,0.03657534
174.768,2016,1/1/2016,2,31.536124,-81.295047,0.099415959,0.9898019433021544,0.75045085,0.1940928270042194,332.0195617675781,50610.12891,-0.40624359,0.3467986636846655,0.038598346,-0.406438351
730.528,2017,1/1/2017,2,31.536124,-81.295047,0.1021716967221441,0.9898019433021544,0.75045085,0.1940928270042194,328.8197937011719,50610.12891,-0.452424582,0.3741559920926408,-0.02132322,-0.163972601
636.076,2018,1/1/2018,2,31.536124,-81.295047,0.1092894630287726,0.9898019433021544,0.75045085,0.1940928270042194,330.98260498046875,50610.12891,-0.453350367,0.3773660938690532,0.017138349,0.1087671220302581
1348.336,2020,1/1/2020,2,31.536124,-81.295047,0.1000210626610845,0.9898019433021544,0.75045085,0.1940928270042194,306.5635986328125,50610.12891,-0.437392624,0.4117024645745785,0.001077428,-0.079857133
899.296,2021,1/1/2021,2,31.536124,-81.295047,0.097386099,0.9898019433021544,0.75045085,0.1940928270042194,328.6517333984375,50610.12891,-0.423643644,0.3945965829356955,-0.008545801,0.123424657
482.968,2022,1/1/2022,2,31.536124,-81.295047,0.1184539358746112,0.9898019433021544,0.75045085,0.1940928270042194,338.1392517089844,50610.12891,-0.390231511,0.3815088566631073,0.003066843,-0.183150679
1141.132,2009,1/1/2009,2,31.536124000000004,-81.295047,0.094235253,0.9898019433021544,0.75045085,0.1940928270042194,324.7769470214844,50610.12891,-0.502214627,0.3508725980102645,0.010249599,0.149315059
683.364,2019,1/1/2019,2,31.536124000000004,-81.295047,0.088073745,0.9898019433021544,0.75045085,0.1940928270042194,323.5923767089844,50610.12891,-0.433267955,0.3762363601557015,0.004075901,-0.299154907
824.82,2000,1/1/2000,2,31.536192,-81.29589,0.094442547,0.5577206611633301,0.9954705834388732,0.1091954022988505,337.3777160644531,50610.12891,-0.408785777,0.3607811413405994,-0.047705008,-0.348219186
326.14,2001,1/1/2001,2,31.536192,-81.29589,0.1183303520269445,0.5577206611633301,0.9954705834388732,0.1091954022988505,344.29913330078125,50610.12891,-0.456567475,0.4383585255098935,0.001370318,-0.19520548
390.848,2002,1/1/2002,2,31.536192,-81.29589,0.1253519998667734,0.5577206611633301,0.9954705834388732,0.1091954022988505,305.7474060058594,50610.12891,-0.48330827,0.4115753591102066,-0.01530876,0.1219178065657615
720.608,2004,1/1/2004,2,31.536192,-81.29589,0.1505625741314927,0.5577206611633301,0.9954705834388732,0.1091954022988505,319.4154357910156,50610.12891,-0.544553637,0.4810632058778172,-0.03055322,-0.09931507
1166.084,2005,1/1/2005,2,31.536192,-81.29589,0.1479067973573771,0.5577206611633301,0.9954705834388732,0.1091954022988505,330.8974914550781,50610.12891,-0.5340565,0.4413128282073116,-0.027249217,0.3782191872596741
1194.556,2006,1/1/2006,2,31.536192,-81.29589,0.1155171297661607,0.5577206611633301,0.9954705834388732,0.1091954022988505,349.6590270996094,50610.12891,-0.441304417,0.427681176,0.017629214,-0.325068504
1694.716,2007,1/1/2007,2,31.536192,-81.29589,0.1095329292934902,0.5577206611633301,0.9954705834388732,0.1091954022988505,316.85577392578125,50610.12891,-0.455247599,0.4236202770900575,-0.023564696,-0.301369876
841.508,2008,1/1/2008,2,31.536192,-81.29589,0.1372332760154533,0.5577206611633301,0.9954705834388732,0.1091954022988505,327.9032592773437,50610.12891,-0.506458614,0.4247465741950165,0.006365127,-0.165753424
1295.112,2010,1/1/2010,2,31.536192,-81.29589,0.1210308296113231,0.5577206611633301,0.9954705834388732,0.1091954022988505,337.8800048828125,50610.12891,-0.483677872,0.4293792234631012,0.003245273,-0.61054796
1482.668,2011,1/1/2011,2,31.536192,-81.29589,0.1017533299150524,0.5577206611633301,0.9954705834388732,0.1091954022988505,344.5704345703125,50610.12891,-0.451679623,0.3680897847171137,-0.017495118,-0.316575348
2001.84,2009,1/1/2009,2,31.536192000000003,-81.29589,0.1607175950439481,0.5577206611633301,0.9954705834388732,0.1091954022988505,324.7769470214844,50610.12891,-0.533604433,0.4624977859902237,-0.021689992,0.149315059
2107.408,2012,1/1/2012,2,31.536196,-81.295883,0.1163685244389725,0.5577206611633301,0.9954705834388732,0.1091954022988505,318.0824890136719,50610.12891,-0.436816658,0.4076460219180578,0.008215447,-0.282191783
657.4,2013,1/1/2013,2,31.536196,-81.295883,0.1454034649826925,0.5577206611633301,0.9954705834388732,0.1091954022988505,332.9473876953125,50610.12891,-0.473218502,0.5080171050714664,-0.041910903,0.1134246587753295
2382.544,2014,1/1/2014,2,31.536196,-81.295883,0.1292559563777353,0.5577206611633301,0.9954705834388732,0.1091954022988505,336.2303161621094,50610.12891,-0.400050077,0.4389013168887422,-0.010022307,0.060000002
248.02,2015,1/1/2015,2,31.536196,-81.295883,0.1331484660416393,0.5577206611633301,0.9954705834388732,0.1091954022988505,312.1328125,50610.12891,-0.412877178,0.3831723423859344,-0.016629196,0.03657534
1276.588,2016,1/1/2016,2,31.536196,-81.295883,0.1254006935590514,0.5577206611633301,0.9954705834388732,0.1091954022988505,332.0195617675781,50610.12891,-0.417306483,0.4139196642181507,-0.002240174,-0.406438351
799.364,2017,1/1/2017,2,31.536196,-81.295883,0.1655931771623122,0.5577206611633301,0.9954705834388732,0.1091954022988505,328.8197937011719,50610.12891,-0.496943295,0.4546894583252737,0.000556427,-0.163972601
706.008,2018,1/1/2018,2,31.536196,-81.295883,0.1460561115710998,0.5577206611633301,0.9954705834388732,0.1091954022988505,330.98260498046875,50610.12891,-0.472238041,0.45372764,0.007397827,0.1087671220302581
424.3,2019,1/1/2019,2,31.536196,-81.295883,0.1291884633256242,0.5577206611633301,0.9954705834388732,0.1091954022988505,323.5923767089844,50610.12891,-0.471280019,0.4765319503561586,0.015629674,-0.299154907
731.476,2020,1/1/2020,2,31.536196,-81.295883,0.126344498,0.5577206611633301,0.9954705834388732,0.1091954022988505,306.5635986328125,50610.12891,-0.471001209,0.4949397558466878,-0.014227254,-0.079857133
539.784,2022,1/1/2022,2,31.536196,-81.295883,0.143024836,0.5577206611633301,0.9954705834388732,0.1091954022988505,338.1392517089844,50610.12891,-0.448624818,0.4640792559461192,-0.020553887,-0.183150679
500.968,2021,1/1/2021,2,31.536196000000004,-81.295883,0.1243205504076698,0.5577206611633301,0.9954705834388732,0.1091954022988505,328.6517333984375,50610.12891,-0.470137904,0.4753764517010694,-0.019380821,0.123424657
2073.672,2012,1/1/2012,2,31.536198,-81.296086,0.1163685244389725,0.3447856307029724,1.092513084411621,0.1091954022988505,318.0824890136719,50610.12891,-0.436816658,0.4076460219180578,0.008215447,-0.282191783
2134.64,2013,1/1/2013,2,31.536198,-81.296086,0.1454034649826925,0.3447856307029724,1.092513084411621,0.1091954022988505,332.9473876953125,50610.12891,-0.473218502,0.5080171050714664,-0.041910903,0.1134246587753295
1541.192,2014,1/1/2014,2,31.536198,-81.296086,0.1292559563777353,0.3447856307029724,1.092513084411621,0.1091954022988505,336.2303161621094,50610.12891,-0.400050077,0.4389013168887422,-0.010022307,0.060000002
1152.4,2000,1/1/2000,2,31.536199,-81.296118,0.094442547,0.3447856307029724,1.092513084411621,0.1091954022988505,337.3777160644531,50610.12891,-0.408785777,0.3607811413405994,-0.047705008,-0.348219186
608.928,2001,1/1/2001,2,31.536199,-81.296118,0.1183303520269445,0.3447856307029724,1.092513084411621,0.1091954022988505,344.29913330078125,50610.12891,-0.456567475,0.4383585255098935,0.001370318,-0.19520548
3419.312,2002,1/1/2002,2,31.536199,-81.296118,0.1253519998667734,0.3447856307029724,1.092513084411621,0.1091954022988505,305.7474060058594,50610.12891,-0.48330827,0.4115753591102066,-0.01530876,0.1219178065657615
762.276,2004,1/1/2004,2,31.536199,-81.296118,0.1505625741314927,0.3447856307029724,1.092513084411621,0.1091954022988505,319.4154357910156,50610.12891,-0.544553637,0.4810632058778172,-0.03055322,-0.09931507
1784.488,2005,1/1/2005,2,31.536199,-81.296118,0.1479067973573771,0.3447856307029724,1.092513084411621,0.1091954022988505,330.8974914550781,50610.12891,-0.5340565,0.4413128282073116,-0.027249217,0.3782191872596741
1872.016,2006,1/1/2006,2,31.536199,-81.296118,0.1155171297661607,0.3447856307029724,1.092513084411621,0.1091954022988505,349.6590270996094,50610.12891,-0.441304417,0.427681176,0.017629214,-0.325068504
1919.56,2007,1/1/2007,2,31.536199,-81.296118,0.1095329292934902,0.3447856307029724,1.092513084411621,0.1091954022988505,316.85577392578125,50610.12891,-0.455247599,0.4236202770900575,-0.023564696,-0.301369876
880.056,2008,1/1/2008,2,31.536199,-81.296118,0.1372332760154533,0.3447856307029724,1.092513084411621,0.1091954022988505,327.9032592773437,50610.12891,-0.506458614,0.4247465741950165,0.006365127,-0.165753424
1840.528,2009,1/1/2009,2,31.536199,-81.296118,0.1607175950439481,0.3447856307029724,1.092513084411621,0.1091954022988505,324.7769470214844,50610.12891,-0.533604433,0.4624977859902237,-0.021689992,0.149315059
941.668,2010,1/1/2010,2,31.536199,-81.296118,0.1210308296113231,0.3447856307029724,1.092513084411621,0.1091954022988505,337.8800048828125,50610.12891,-0.483677872,0.4293792234631012,0.003245273,-0.61054796
805.252,2011,1/1/2011,2,31.536199,-81.296118,0.1017533299150524,0.3447856307029724,1.092513084411621,0.1091954022988505,344.5704345703125,50610.12891,-0.451679623,0.3680897847171137,-0.017495118,-0.316575348
486.004,2015,1/1/2015,2,31.536199,-81.296087,0.1331484660416393,0.3447856307029724,1.092513084411621,0.1091954022988505,312.1328125,50610.12891,-0.412877178,0.3831723423859344,-0.016629196,0.03657534
843.4200000000001,2016,1/1/2016,2,31.536199,-81.296087,0.1254006935590514,0.3447856307029724,1.092513084411621,0.1091954022988505,332.0195617675781,50610.12891,-0.417306483,0.4139196642181507,-0.002240174,-0.406438351
983.84,2017,1/1/2017,2,31.536199,-81.296087,0.1655931771623122,0.3447856307029724,1.092513084411621,0.1091954022988505,328.8197937011719,50610.12891,-0.496943295,0.4546894583252737,0.000556427,-0.163972601
449.856,2018,1/1/2018,2,31.536199,-81.296087,0.1460561115710998,0.3447856307029724,1.092513084411621,0.1091954022988505,330.98260498046875,50610.12891,-0.472238041,0.45372764,0.007397827,0.1087671220302581
711.688,2019,1/1/2019,2,31.536199,-81.296087,0.1291884633256242,0.3447856307029724,1.092513084411621,0.1091954022988505,323.5923767089844,50610.12891,-0.471280019,0.4765319503561586,0.015629674,-0.299154907
1014.088,2020,1/1/2020,2,31.536199,-81.296087,0.126344498,0.3447856307029724,1.092513084411621,0.1091954022988505,306.5635986328125,50610.12891,-0.471001209,0.4949397558466878,-0.014227254,-0.079857133
741.64,2021,1/1/2021,2,31.536199,-81.296087,0.1243205504076698,0.3447856307029724,1.092513084411621,0.1091954022988505,328.6517333984375,50610.12891,-0.470137904,0.4753764517010694,-0.019380821,0.123424657
624.256,2022,1/1/2022,2,31.536199,-81.296087,0.143024836,0.3447856307029724,1.092513084411621,0.1091954022988505,338.1392517089844,50610.12891,-0.448624818,0.4640792559461192,-0.020553887,-0.183150679
829.3679999999999,2000,1/1/2000,2,31.536255,-81.295753,0.069396136,3.334205150604248,0.9920824766159058,0.2834008097165992,337.3777160644531,50610.12891,-0.417320628,0.2878683487978783,-0.012685338,-0.348219186
1383.604,2001,1/1/2001,2,31.536255,-81.295753,0.086203517,3.334205150604248,0.9920824766159058,0.2834008097165992,344.29913330078125,50610.12891,-0.463769598,0.3553650435201049,-0.007604492,-0.19520548
885.076,2004,1/1/2004,2,31.536255,-81.295753,0.1020455942173188,3.334205150604248,0.9920824766159058,0.2834008097165992,319.4154357910156,50610.12891,-0.528622161,0.423051259,-0.03055322,-0.09931507
1071.036,2005,1/1/2005,2,31.536255,-81.295753,0.1129799845864961,3.334205150604248,0.9920824766159058,0.2834008097165992,330.8974914550781,50610.12891,-0.520129936,0.405094233,-0.011234316,0.3782191872596741
1535.54,2007,1/1/2007,2,31.536255,-81.295753,0.085166512,3.334205150604248,0.9920824766159058,0.2834008097165992,316.85577392578125,50610.12891,-0.440885477,0.3180731527208154,-0.040429876,-0.301369876
1023.304,2008,1/1/2008,2,31.536255,-81.295753,0.087191839,3.334205150604248,0.9920824766159058,0.2834008097165992,327.9032592773437,50610.12891,-0.444485713,0.3519037330272559,-0.008114422,-0.165753424
1101.628,2011,1/1/2011,2,31.536255,-81.295753,0.073595454,3.334205150604248,0.9920824766159058,0.2834008097165992,344.5704345703125,50610.12891,-0.446281525,0.2897516732043029,-0.004355015,-0.316575348
1495.164,2012,1/1/2012,2,31.536255,-81.295753,0.091954676,3.334205150604248,0.9920824766159058,0.2834008097165992,318.0824890136719,50610.12891,-0.460852834,0.3594483616253129,0.032752679,-0.282191783
497.148,2013,1/1/2013,2,31.536255,-81.295753,0.1034241008132896,3.334205150604248,0.9920824766159058,0.2834008097165992,332.9473876953125,50610.12891,-0.443340119,0.4000758548591827,-0.021734835,0.1134246587753295
736.524,2014,1/1/2014,2,31.536255,-81.295753,0.086804708,3.334205150604248,0.9920824766159058,0.2834008097165992,336.2303161621094,50610.12891,-0.374772121,0.3407697784185522,0.00394124,0.060000002
492.888,2015,1/1/2015,2,31.536255,-81.295753,0.097790813,3.334205150604248,0.9920824766159058,0.2834008097165992,312.1328125,50610.12891,-0.36075633,0.2535370416890861,0.000190203,0.03657534
535.16,2017,1/1/2017,2,31.536255,-81.295753,0.1030344507400702,3.334205150604248,0.9920824766159058,0.2834008097165992,328.8197937011719,50610.12891,-0.44099025,0.3968277463136925,0.009077348,-0.163972601
400.328,2018,1/1/2018,2,31.536255,-81.295753,0.090889878,3.334205150604248,0.9920824766159058,0.2834008097165992,330.98260498046875,50610.12891,-0.420174652,0.3133876876069091,0.007544582,0.1087671220302581
408.504,2019,1/1/2019,2,31.536255,-81.295753,0.085612799,3.334205150604248,0.9920824766159058,0.2834008097165992,323.5923767089844,50610.12891,-0.439445089,0.3207429698038804,-0.031300119,-0.299154907
719.016,2020,1/1/2020,2,31.536255,-81.295753,0.1030964068559111,3.334205150604248,0.9920824766159058,0.2834008097165992,306.5635986328125,50610.12891,-0.447000393,0.4091254187065363,-0.011933768,-0.079857133
338.812,2021,1/1/2021,2,31.536255,-81.295753,0.097397601,3.334205150604248,0.9920824766159058,0.2834008097165992,328.6517333984375,50610.12891,-0.420771472,0.3733917483818132,0.004951026,0.123424657
571.756,2022,1/1/2022,2,31.536255,-81.295753,0.1049493808278339,3.334205150604248,0.9920824766159058,0.2834008097165992,338.1392517089844,50610.12891,-0.420959749,0.3737114308466536,-0.001476114,-0.183150679
1419.076,2006,1/1/2006,2,31.536255000000004,-81.295753,0.083335195,3.334205150604248,0.9920824766159058,0.2834008097165992,349.6590270996094,50610.12891,-0.45440119,0.3564799111960786,-0.037783259,-0.325068504
767.048,2009,1/1/2009,2,31.536255000000004,-81.295753,0.1027735766715075,3.334205150604248,0.9920824766159058,0.2834008097165992,324.7769470214844,50610.12891,-0.462596273,0.3709240895465507,-0.040375715,0.149315059
1197.728,2010,1/1/2010,2,31.536255000000004,-81.295753,0.088595664,3.334205150604248,0.9920824766159058,0.2834008097165992,337.8800048828125,50610.12891,-0.475950157,0.3359509210810336,0.026754595,-0.61054796
936.488,2016,1/1/2016,2,31.536255000000004,-81.295753,0.091023991,3.334205150604248,0.9920824766159058,0.2834008097165992,332.0195617675781,50610.12891,-0.389398012,0.3205809596673896,-0.003513255,-0.406438351
794.156,2000,1/1/2000,1,31.53836,-81.422396,0.103462596,2.406740427017212,1.1754943508222875e-38,0.059952038,346.6190185546875,50610.12891,-0.400942037,0.4640218562080824,0.033061615,-0.248904109
944.1,2001,1/1/2001,1,31.53836,-81.422396,0.1056874350647625,2.406740427017212,1.1754943508222875e-38,0.059952038,355.8111877441406,50610.12891,-0.388734153,0.4281772426513067,-0.016589327,-0.242328763
155.98399999999998,2002,1/1/2002,1,31.53836,-81.422396,0.0850222,2.406740427017212,1.1754943508222875e-38,0.059952038,317.0599060058594,50610.12891,-0.423089889,0.3421006994623974,-0.005287768,0.162328765
468.232,2004,1/1/2004,1,31.53836,-81.422396,0.1516203724052327,2.406740427017212,1.1754943508222875e-38,0.059952038,326.9262084960937,50610.12891,-0.464718178,0.5531634691726862,0.014707889,-0.12945205
2162.096,2005,1/1/2005,1,31.53836,-81.422396,0.1853709301272928,2.406740427017212,1.1754943508222875e-38,0.059952038,337.4432678222656,50610.12891,-0.550807578,0.5262664645766161,0.1164072921298338,0.3187671303749084
1318,2007,1/1/2007,1,31.53836,-81.422396,0.069361732,2.406740427017212,1.1754943508222875e-38,0.059952038,325.5783691,50610.12891,-0.332500226,0.3290581307128143,0.029891304,-0.279452056
530.856,2009,1/1/2009,1,31.53836,-81.422396,0.1061770500438852,2.406740427017212,1.1754943508222875e-38,0.059952038,333.23553466796875,50610.12891,-0.473083033,0.4229130033081997,-0.030472357,0.135205477
160.448,2011,1/1/2011,1,31.53836,-81.422396,0.085212989,2.406740427017212,1.1754943508222875e-38,0.059952038,356.6396789550781,50610.12891,-0.36961678,0.3750522692913897,0.019027027,-0.481780827
787.796,2012,1/1/2012,1,31.53836,-81.422396,0.075728091,2.406740427017212,1.1754943508222875e-38,0.059952038,328.8333740234375,50610.12891,-0.453489875,0.6114829360030967,-0.00544285,-0.35753423
1304.856,2013,1/1/2013,1,31.53836,-81.422396,0.1311706373670338,2.406740427017212,1.1754943508222875e-38,0.059952038,346.6645508,50610.12891,-0.422969029,0.483756854,0.016740454,0.1032876744866371
350.168,2014,1/1/2014,1,31.53836,-81.422396,0.148545718,2.406740427017212,1.1754943508222875e-38,0.059952038,349.40924072265625,50610.12891,-0.375823808,0.4116646244462213,0.031863854,0.073150679
138.852,2015,1/1/2015,1,31.53836,-81.422396,0.122520622,2.406740427017212,1.1754943508222875e-38,0.059952038,323.8819580078125,50610.12891,-0.390500948,0.4393457916678822,0.034187626,-0.043561641
334.536,2016,1/1/2016,1,31.53836,-81.422396,0.1072277885295191,2.406740427017212,1.1754943508222875e-38,0.059952038,335.58770751953125,50610.12891,-0.368414443,0.3667983991467263,0.018296936,-0.274794519
0,2017,1/1/2017,1,31.53836,-81.422396,0.1265569208362774,2.406740427017212,1.1754943508222875e-38,0.059952038,331.6158752441406,50610.12891,-0.425382685,0.4911803380591648,0.012837563,-0.09589041
548.128,2019,1/1/2019,1,31.53836,-81.422396,0.1069247714878926,2.406740427017212,1.1754943508222875e-38,0.059952038,327.9753418,50610.12891,-0.36496209,0.3815100501097908,0.01811138,-0.282676041
2188.92,2020,1/1/2020,1,31.53836,-81.422396,0.1989365173793768,2.406740427017212,1.1754943508222875e-38,0.059952038,311.9415283203125,50610.12891,-0.450948711,0.49759233,0.002329357,0.063571438
2566.656,2021,1/1/2021,1,31.53836,-81.422396,0.1614997942008425,2.406740427017212,1.1754943508222875e-38,0.059952038,336.64422607421875,50610.12891,-0.410887242,0.5256725810246606,0.020405251,0.06972602
1406.04,2022,1/1/2022,1,31.53836,-81.422396,0.1613695824178247,2.406740427017212,1.1754943508222875e-38,0.059952038,348.72869873046875,50610.12891,-0.363532916,0.4854863382089869,0.02396844,-0.169999987
1260.584,2018,1/1/2018,1,31.538360000000004,-81.422396,0.1354512696846291,2.406740427017212,1.1754943508222875e-38,0.059952038,340.0658569335937,50610.12891,-0.405068177,0.4939423823663535,0.047354368,0.2247945219278335
276.676,2018,1/1/2018,1,31.538419999999995,-81.42232,0.1354512696846291,1.069873929023743,1.1754943508222875e-38,0.059952038,340.0658569335937,50610.12891,-0.405068177,0.4939423823663535,0.047354368,0.2247945219278335
410.54,2015,1/1/2015,1,31.53842,-81.42232,0.122520622,1.069873929023743,1.1754943508222875e-38,0.059952038,323.8819580078125,50610.12891,-0.390500948,0.4393457916678822,0.034187626,-0.043561641
574.936,2016,1/1/2016,1,31.53842,-81.42232,0.1072277885295191,1.069873929023743,1.1754943508222875e-38,0.059952038,335.58770751953125,50610.12891,-0.368414443,0.3667983991467263,0.018296936,-0.274794519
620.504,2017,1/1/2017,1,31.53842,-81.42232,0.1265569208362774,1.069873929023743,1.1754943508222875e-38,0.059952038,331.6158752441406,50610.12891,-0.425382685,0.4911803380591648,0.012837563,-0.09589041
246.984,2019,1/1/2019,1,31.53842,-81.42232,0.1069247714878926,1.069873929023743,1.1754943508222875e-38,0.059952038,327.9753418,50610.12891,-0.36496209,0.3815100501097908,0.01811138,-0.282676041
355.764,2020,1/1/2020,1,31.53842,-81.42232,0.1989365173793768,1.069873929023743,1.1754943508222875e-38,0.059952038,311.9415283203125,50610.12891,-0.450948711,0.49759233,0.002329357,0.063571438
352.124,2021,1/1/2021,1,31.53842,-81.42232,0.1614997942008425,1.069873929023743,1.1754943508222875e-38,0.059952038,336.64422607421875,50610.12891,-0.410887242,0.5256725810246606,0.020405251,0.06972602
350.604,2022,1/1/2022,1,31.53842,-81.42232,0.1613695824178247,1.069873929023743,1.1754943508222875e-38,0.059952038,348.72869873046875,50610.12891,-0.363532916,0.4854863382089869,0.02396844,-0.169999987
196.288,2007,1/1/2007,1,31.538426999999995,-81.422332,0.069361732,1.069873929023743,1.1754943508222875e-38,0.059952038,325.5783691,50610.12891,-0.332500226,0.3290581307128143,0.029891304,-0.279452056
1004.42,2009,1/1/2009,1,31.538426999999995,-81.422332,0.1061770500438852,1.069873929023743,1.1754943508222875e-38,0.059952038,333.23553466796875,50610.12891,-0.473083033,0.4229130033081997,-0.030472357,0.135205477
49.692,2014,1/1/2014,1,31.538426999999995,-81.422332,0.148545718,1.069873929023743,1.1754943508222875e-38,0.059952038,349.40924072265625,50610.12891,-0.375823808,0.4116646244462213,0.031863854,0.073150679
674.364,2000,1/1/2000,1,31.538427,-81.422332,0.103462596,1.069873929023743,1.1754943508222875e-38,0.059952038,346.6190185546875,50610.12891,-0.400942037,0.4640218562080824,0.033061615,-0.248904109
427.352,2001,1/1/2001,1,31.538427,-81.422332,0.1056874350647625,1.069873929023743,1.1754943508222875e-38,0.059952038,355.8111877441406,50610.12891,-0.388734153,0.4281772426513067,-0.016589327,-0.242328763
68.928,2002,1/1/2002,1,31.538427,-81.422332,0.0850222,1.069873929023743,1.1754943508222875e-38,0.059952038,317.0599060058594,50610.12891,-0.423089889,0.3421006994623974,-0.005287768,0.162328765
929.224,2004,1/1/2004,1,31.538427,-81.422332,0.1516203724052327,1.069873929023743,1.1754943508222875e-38,0.059952038,326.9262084960937,50610.12891,-0.464718178,0.5531634691726862,0.014707889,-0.12945205
1745.844,2005,1/1/2005,1,31.538427,-81.422332,0.1853709301272928,1.069873929023743,1.1754943508222875e-38,0.059952038,337.4432678222656,50610.12891,-0.550807578,0.5262664645766161,0.1164072921298338,0.3187671303749084
541.924,2011,1/1/2011,1,31.538427,-81.422332,0.085212989,1.069873929023743,1.1754943508222875e-38,0.059952038,356.6396789550781,50610.12891,-0.36961678,0.3750522692913897,0.019027027,-0.481780827
1445.732,2012,1/1/2012,1,31.538427,-81.422332,0.075728091,1.069873929023743,1.1754943508222875e-38,0.059952038,328.8333740234375,50610.12891,-0.453489875,0.6114829360030967,-0.00544285,-0.35753423
845.14,2013,1/1/2013,1,31.538427,-81.422332,0.1311706373670338,1.069873929023743,1.1754943508222875e-38,0.059952038,346.6645508,50610.12891,-0.422969029,0.483756854,0.016740454,0.1032876744866371
853.496,2002,1/1/2002,1,31.538468,-81.422441,0.0850222,1.296596646308899,0.1281066983938217,0.059952038,317.0599060058594,50610.12891,-0.423089889,0.3421006994623974,-0.005287768,0.162328765
385.452,2004,1/1/2004,1,31.538468,-81.422441,0.1516203724052327,1.296596646308899,0.1281066983938217,0.059952038,326.9262084960937,50610.12891,-0.464718178,0.5531634691726862,0.014707889,-0.12945205
1737.272,2005,1/1/2005,1,31.538468,-81.422441,0.1853709301272928,1.296596646308899,0.1281066983938217,0.059952038,337.4432678222656,50610.12891,-0.550807578,0.5262664645766161,0.1164072921298338,0.3187671303749084
211.972,2007,1/1/2007,1,31.538468,-81.422441,0.069361732,1.296596646308899,0.1281066983938217,0.059952038,325.5783691,50610.12891,-0.332500226,0.3290581307128143,0.029891304,-0.279452056
864.532,2009,1/1/2009,1,31.538468,-81.422441,0.1061770500438852,1.296596646308899,0.1281066983938217,0.059952038,333.23553466796875,50610.12891,-0.473083033,0.4229130033081997,-0.030472357,0.135205477
107.188,2011,1/1/2011,1,31.538468,-81.422441,0.085212989,1.296596646308899,0.1281066983938217,0.059952038,356.6396789550781,50610.12891,-0.36961678,0.3750522692913897,0.019027027,-0.481780827
502.804,2012,1/1/2012,1,31.538468,-81.422441,0.075728091,1.296596646308899,0.1281066983938217,0.059952038,328.8333740234375,50610.12891,-0.453489875,0.6114829360030967,-0.00544285,-0.35753423
261.168,2013,1/1/2013,1,31.538468,-81.422441,0.1311706373670338,1.296596646308899,0.1281066983938217,0.059952038,346.6645508,50610.12891,-0.422969029,0.483756854,0.016740454,0.1032876744866371
241.02,2014,1/1/2014,1,31.538468,-81.422441,0.148545718,1.296596646308899,0.1281066983938217,0.059952038,349.40924072265625,50610.12891,-0.375823808,0.4116646244462213,0.031863854,0.073150679
595.876,2017,1/1/2017,1,31.538468,-81.422441,0.1265569208362774,1.296596646308899,0.1281066983938217,0.059952038,331.6158752441406,50610.12891,-0.425382685,0.4911803380591648,0.012837563,-0.09589041
616.312,2018,1/1/2018,1,31.538468,-81.422441,0.1354512696846291,1.296596646308899,0.1281066983938217,0.059952038,340.0658569335937,50610.12891,-0.405068177,0.4939423823663535,0.047354368,0.2247945219278335
612.552,2019,1/1/2019,1,31.538468,-81.422441,0.1069247714878926,1.296596646308899,0.1281066983938217,0.059952038,327.9753418,50610.12891,-0.36496209,0.3815100501097908,0.01811138,-0.282676041
719.584,2020,1/1/2020,1,31.538468,-81.422441,0.1989365173793768,1.296596646308899,0.1281066983938217,0.059952038,311.9415283203125,50610.12891,-0.450948711,0.49759233,0.002329357,0.063571438
1097.608,2021,1/1/2021,1,31.538468,-81.422441,0.1614997942008425,1.296596646308899,0.1281066983938217,0.059952038,336.64422607421875,50610.12891,-0.410887242,0.5256725810246606,0.020405251,0.06972602
849.576,2022,1/1/2022,1,31.538468,-81.422441,0.1613695824178247,1.296596646308899,0.1281066983938217,0.059952038,348.72869873046875,50610.12891,-0.363532916,0.4854863382089869,0.02396844,-0.169999987
464.632,2000,1/1/2000,1,31.538468000000005,-81.422441,0.103462596,1.296596646308899,0.1281066983938217,0.059952038,346.6190185546875,50610.12891,-0.400942037,0.4640218562080824,0.033061615,-0.248904109
463.56,2001,1/1/2001,1,31.538468000000005,-81.422441,0.1056874350647625,1.296596646308899,0.1281066983938217,0.059952038,355.8111877441406,50610.12891,-0.388734153,0.4281772426513067,-0.016589327,-0.242328763
272.096,2015,1/1/2015,1,31.538468000000005,-81.422441,0.122520622,1.296596646308899,0.1281066983938217,0.059952038,323.8819580078125,50610.12891,-0.390500948,0.4393457916678822,0.034187626,-0.043561641
333.144,2016,1/1/2016,1,31.538468000000005,-81.422441,0.1072277885295191,1.296596646308899,0.1281066983938217,0.059952038,335.58770751953125,50610.12891,-0.368414443,0.3667983991467263,0.018296936,-0.274794519
993.872,2000,1/1/2000,1,31.538494,-81.422287,0.103462596,3.960261106491089,1.6579391121275922e-17,0.059952038,346.6190185546875,50610.12891,-0.400942037,0.4640218562080824,0.033061615,-0.248904109
582.928,2001,1/1/2001,1,31.538494,-81.422287,0.1056874350647625,3.960261106491089,1.6579391121275922e-17,0.059952038,355.8111877441406,50610.12891,-0.388734153,0.4281772426513067,-0.016589327,-0.242328763
1598.936,2002,1/1/2002,1,31.538494,-81.422287,0.0850222,3.960261106491089,1.6579391121275922e-17,0.059952038,317.0599060058594,50610.12891,-0.423089889,0.3421006994623974,-0.005287768,0.162328765
110.932,2004,1/1/2004,1,31.538494,-81.422287,0.1516203724052327,3.960261106491089,1.6579391121275922e-17,0.059952038,326.9262084960937,50610.12891,-0.464718178,0.5531634691726862,0.014707889,-0.12945205
2715.348,2005,1/1/2005,1,31.538494,-81.422287,0.1853709301272928,3.960261106491089,1.6579391121275922e-17,0.059952038,337.4432678222656,50610.12891,-0.550807578,0.5262664645766161,0.1164072921298338,0.3187671303749084
1906.58,2007,1/1/2007,1,31.538494,-81.422287,0.069361732,3.960261106491089,1.6579391121275922e-17,0.059952038,325.5783691,50610.12891,-0.332500226,0.3290581307128143,0.029891304,-0.279452056
542.148,2009,1/1/2009,1,31.538494,-81.422287,0.1061770500438852,3.960261106491089,1.6579391121275922e-17,0.059952038,333.23553466796875,50610.12891,-0.473083033,0.4229130033081997,-0.030472357,0.135205477
161.416,2011,1/1/2011,1,31.538494,-81.422287,0.085212989,3.960261106491089,1.6579391121275922e-17,0.059952038,356.6396789550781,50610.12891,-0.36961678,0.3750522692913897,0.019027027,-0.481780827
237.628,2012,1/1/2012,1,31.538494,-81.422287,0.075728091,3.960261106491089,1.6579391121275922e-17,0.059952038,328.8333740234375,50610.12891,-0.453489875,0.6114829360030967,-0.00544285,-0.35753423
646.192,2013,1/1/2013,1,31.538494,-81.422287,0.1311706373670338,3.960261106491089,1.6579391121275922e-17,0.059952038,346.6645508,50610.12891,-0.422969029,0.483756854,0.016740454,0.1032876744866371
266.848,2014,1/1/2014,1,31.538503,-81.422287,0.148545718,3.960261106491089,1.6579391121275922e-17,0.059952038,349.40924072265625,50610.12891,-0.375823808,0.4116646244462213,0.031863854,0.073150679
174.716,2015,1/1/2015,1,31.538503,-81.422287,0.122520622,3.960261106491089,1.6579391121275922e-17,0.059952038,323.8819580078125,50610.12891,-0.390500948,0.4393457916678822,0.034187626,-0.043561641
0,2016,1/1/2016,1,31.538503,-81.422287,0.1072277885295191,3.960261106491089,1.6579391121275922e-17,0.059952038,335.58770751953125,50610.12891,-0.368414443,0.3667983991467263,0.018296936,-0.274794519
0,2016,1/1/2016,1,31.538503,-81.422287,0.1072277885295191,3.960261106491089,1.6579391121275922e-17,0.059952038,331.6158752441406,50610.12891,-0.368414443,0.3667983991467263,0.018296936,-0.09589041
0,2017,1/1/2017,1,31.538503,-81.422287,0.1265569208362774,3.960261106491089,1.6579391121275922e-17,0.059952038,335.58770751953125,50610.12891,-0.425382685,0.4911803380591648,0.012837563,-0.274794519
0,2017,1/1/2017,1,31.538503,-81.422287,0.1265569208362774,3.960261106491089,1.6579391121275922e-17,0.059952038,331.6158752441406,50610.12891,-0.425382685,0.4911803380591648,0.012837563,-0.09589041
4.348,2018,1/1/2018,1,31.538503,-81.422287,0.1354512696846291,3.960261106491089,1.6579391121275922e-17,0.059952038,340.0658569335937,50610.12891,-0.405068177,0.4939423823663535,0.047354368,0.2247945219278335
255.344,2019,1/1/2019,1,31.538503,-81.422287,0.1069247714878926,3.960261106491089,1.6579391121275922e-17,0.059952038,327.9753418,50610.12891,-0.36496209,0.3815100501097908,0.01811138,-0.282676041
575.828,2020,1/1/2020,1,31.538503,-81.422287,0.1989365173793768,3.960261106491089,1.6579391121275922e-17,0.059952038,311.9415283203125,50610.12891,-0.450948711,0.49759233,0.002329357,0.063571438
531.868,2021,1/1/2021,1,31.538503,-81.422287,0.1614997942008425,3.960261106491089,1.6579391121275922e-17,0.059952038,336.64422607421875,50610.12891,-0.410887242,0.5256725810246606,0.020405251,0.06972602
554.812,2022,1/1/2022,1,31.538503,-81.422287,0.1613695824178247,3.960261106491089,1.6579391121275922e-17,0.059952038,348.72869873046875,50610.12891,-0.363532916,0.4854863382089869,0.02396844,-0.169999987
324.464,2000,1/1/2000,1,31.538535,-81.422498,0.103462596,1.296596646308899,0.1281066983938217,0.059952038,346.6190185546875,50610.12891,-0.400942037,0.4640218562080824,0.033061615,-0.248904109
493.64,2001,1/1/2001,1,31.538535,-81.422498,0.1056874350647625,1.296596646308899,0.1281066983938217,0.059952038,355.8111877441406,50610.12891,-0.388734153,0.4281772426513067,-0.016589327,-0.242328763
1527,2002,1/1/2002,1,31.538535,-81.422498,0.0850222,1.296596646308899,0.1281066983938217,0.059952038,317.0599060058594,50610.12891,-0.423089889,0.3421006994623974,-0.005287768,0.162328765
588.1999999999999,2004,1/1/2004,1,31.538535,-81.422498,0.1516203724052327,1.296596646308899,0.1281066983938217,0.059952038,326.9262084960937,50610.12891,-0.464718178,0.5531634691726862,0.014707889,-0.12945205
1401.048,2005,1/1/2005,1,31.538535,-81.422498,0.1853709301272928,1.296596646308899,0.1281066983938217,0.059952038,337.4432678222656,50610.12891,-0.550807578,0.5262664645766161,0.1164072921298338,0.3187671303749084
446.604,2007,1/1/2007,1,31.538535,-81.422498,0.069361732,1.296596646308899,0.1281066983938217,0.059952038,325.5783691,50610.12891,-0.332500226,0.3290581307128143,0.029891304,-0.279452056
876.56,2009,1/1/2009,1,31.538535,-81.422498,0.1061770500438852,1.296596646308899,0.1281066983938217,0.059952038,333.23553466796875,50610.12891,-0.473083033,0.4229130033081997,-0.030472357,0.135205477
77.164,2011,1/1/2011,1,31.538535,-81.422498,0.085212989,1.296596646308899,0.1281066983938217,0.059952038,356.6396789550781,50610.12891,-0.36961678,0.3750522692913897,0.019027027,-0.481780827
464.712,2012,1/1/2012,1,31.538535,-81.422498,0.075728091,1.296596646308899,0.1281066983938217,0.059952038,328.8333740234375,50610.12891,-0.453489875,0.6114829360030967,-0.00544285,-0.35753423
757.816,2013,1/1/2013,1,31.538535,-81.422498,0.1311706373670338,1.296596646308899,0.1281066983938217,0.059952038,346.6645508,50610.12891,-0.422969029,0.483756854,0.016740454,0.1032876744866371
141.392,2016,1/1/2016,1,31.538535,-81.422498,0.1072277885295191,1.296596646308899,0.1281066983938217,0.059952038,335.58770751953125,50610.12891,-0.368414443,0.3667983991467263,0.018296936,-0.274794519
163.988,2017,1/1/2017,1,31.538535,-81.422498,0.1265569208362774,1.296596646308899,0.1281066983938217,0.059952038,331.6158752441406,50610.12891,-0.425382685,0.4911803380591648,0.012837563,-0.09589041
652.292,2018,1/1/2018,1,31.538535,-81.422498,0.1354512696846291,1.296596646308899,0.1281066983938217,0.059952038,340.0658569335937,50610.12891,-0.405068177,0.4939423823663535,0.047354368,0.2247945219278335
278.02,2019,1/1/2019,1,31.538535,-81.422498,0.1069247714878926,1.296596646308899,0.1281066983938217,0.059952038,327.9753418,50610.12891,-0.36496209,0.3815100501097908,0.01811138,-0.282676041
771.704,2020,1/1/2020,1,31.538535,-81.422498,0.1989365173793768,1.296596646308899,0.1281066983938217,0.059952038,311.9415283203125,50610.12891,-0.450948711,0.49759233,0.002329357,0.063571438
443.14,2021,1/1/2021,1,31.538535,-81.422498,0.1614997942008425,1.296596646308899,0.1281066983938217,0.059952038,336.64422607421875,50610.12891,-0.410887242,0.5256725810246606,0.020405251,0.06972602
440.596,2022,1/1/2022,1,31.538535,-81.422498,0.1613695824178247,1.296596646308899,0.1281066983938217,0.059952038,348.72869873046875,50610.12891,-0.363532916,0.4854863382089869,0.02396844,-0.169999987
268.608,2014,1/1/2014,1,31.538535000000003,-81.422498,0.148545718,1.296596646308899,0.1281066983938217,0.059952038,349.40924072265625,50610.12891,-0.375823808,0.4116646244462213,0.031863854,0.073150679
86.69200000000001,2015,1/1/2015,1,31.538535000000003,-81.422498,0.122520622,1.296596646308899,0.1281066983938217,0.059952038,323.8819580078125,50610.12891,-0.390500948,0.4393457916678822,0.034187626,-0.043561641
110.748,2012,1/1/2012,1,31.538544,-81.422273,0.046751092,3.960261106491089,1.6579391121275922e-17,0.4084507042253521,328.8333740234375,50610.12891,-0.563048167,0.717920354,-0.567010309,-0.35753423
178.704,2013,1/1/2013,1,31.538544,-81.422273,0.1086267781775603,3.960261106491089,1.6579391121275922e-17,0.4084507042253521,346.6645508,50610.12891,-0.441743382,0.5222232118998843,0.032151826,0.1032876744866371
374.04,2014,1/1/2014,1,31.538544,-81.422273,0.1180634430697292,3.960261106491089,1.6579391121275922e-17,0.4084507042253521,349.40924072265625,50610.12891,-0.367938291,0.3707886758594892,0.005854623,0.073150679
61.472,2015,1/1/2015,1,31.538544,-81.422273,0.098269785,3.960261106491089,1.6579391121275922e-17,0.4084507042253521,323.8819580078125,50610.12891,-0.394659907,0.3707578817253434,0.034656856,-0.043561641
20.84,2016,1/1/2016,1,31.538544,-81.422273,0.087148494,3.960261106491089,1.6579391121275922e-17,0.4084507042253521,335.58770751953125,50610.12891,-0.392967509,0.2719780219780232,0.003230965,-0.274794519
61.64,2017,1/1/2017,1,31.538544,-81.422273,0.074305848,3.960261106491089,1.6579391121275922e-17,0.4084507042253521,331.6158752441406,50610.12891,-0.471018593,0.3463069120657109,0.018756023,-0.09589041
495.772,2018,1/1/2018,1,31.538544,-81.422273,0.082500752,3.960261106491089,1.6579391121275922e-17,0.4084507042253521,340.0658569335937,50610.12891,-0.392016559,0.4010089054822776,0.027554492,0.2247945219278335
146.632,2019,1/1/2019,1,31.538544,-81.422273,0.077574233,3.960261106491089,1.6579391121275922e-17,0.4084507042253521,327.9753418,50610.12891,-0.382078595,0.3242721676925636,0.01039801,-0.282676041
1418.696,2020,1/1/2020,1,31.538544,-81.422273,0.1103739429616856,3.960261106491089,1.6579391121275922e-17,0.4084507042253521,311.9415283203125,50610.12891,-0.408107605,0.4203554962655972,0.028473513,0.063571438
1280.52,2021,1/1/2021,1,31.538544,-81.422273,0.087944698,3.960261106491089,1.6579391121275922e-17,0.4084507042253521,336.64422607421875,50610.12891,-0.423004071,0.4350523487208718,0.012341721,0.06972602
997.22,2022,1/1/2022,1,31.538544,-81.422273,0.122785674,3.960261106491089,1.6579391121275922e-17,0.4084507042253521,348.72869873046875,50610.12891,-0.335236552,0.3552817374769428,0.039496877,-0.169999987
1078.004,2000,1/1/2000,1,31.538550999999995,-81.422262,0.08220819,2.738088130950928,0.8783155679702759,0.4084507042253521,346.6190185546875,50610.12891,-0.612436081,0.4103082455230156,-0.139305951,-0.248904109
154.36399999999998,2007,1/1/2007,1,31.538550999999995,-81.422262,0.1178937727127463,2.738088130950928,0.8783155679702759,0.4084507042253521,325.5783691,50610.12891,-0.51044163,0.4484421691966243,0.019264448,-0.279452056
226.524,2004,1/1/2004,1,31.538551,-81.422262,0.1363077204441889,2.738088130950928,0.8783155679702759,0.4084507042253521,326.9262084960937,50610.12891,-0.496082458,0.442748405,0.031068104,-0.12945205
595.192,2005,1/1/2005,1,31.538551,-81.422262,0.1332943991525906,2.738088130950928,0.8783155679702759,0.4084507042253521,337.4432678222656,50610.12891,-0.541796445,0.5020197636136167,0.029991116,0.3187671303749084
240.744,2006,1/1/2006,1,31.538551,-81.422262,0.078391657,2.738088130950928,0.8783155679702759,0.4084507042253521,358.3500061035156,50610.12891,-0.397435905,0.3665465703597727,0.053772582,-0.282465756
141.53199999999998,2017,1/1/2017,1,31.538599999999995,-81.422216,0.074305848,3.4998066425323486,1.1754943508222875e-38,0.4084507042253521,331.6158752441406,50610.12891,-0.471018593,0.3463069120657109,0.018756023,-0.09589041
1024.028,2020,1/1/2020,1,31.5386,-81.422216,0.1103739429616856,3.4998066425323486,1.1754943508222875e-38,0.4084507042253521,311.9415283203125,50610.12891,-0.408107605,0.4203554962655972,0.028473513,0.063571438
807.888,2022,1/1/2022,1,31.5386,-81.422216,0.122785674,3.4998066425323486,1.1754943508222875e-38,0.4084507042253521,348.72869873046875,50610.12891,-0.335236552,0.3552817374769428,0.039496877,-0.169999987
338.448,2015,1/1/2015,1,31.5386,-81.422216,0.098269785,3.4998066425323486,1.1754943508222875e-38,0.4084507042253521,323.8819580078125,50610.12891,-0.394659907,0.3707578817253434,0.034656856,-0.043561641
29.144,2016,1/1/2016,1,31.5386,-81.422216,0.087148494,3.4998066425323486,1.1754943508222875e-38,0.4084507042253521,335.58770751953125,50610.12891,-0.392967509,0.2719780219780232,0.003230965,-0.274794519
193.984,2018,1/1/2018,1,31.5386,-81.422216,0.082500752,3.4998066425323486,1.1754943508222875e-38,0.4084507042253521,340.0658569335937,50610.12891,-0.392016559,0.4010089054822776,0.027554492,0.2247945219278335
230.328,2019,1/1/2019,1,31.5386,-81.422216,0.077574233,3.4998066425323486,1.1754943508222875e-38,0.4084507042253521,327.9753418,50610.12891,-0.382078595,0.3242721676925636,0.01039801,-0.282676041
733.724,2021,1/1/2021,1,31.5386,-81.422216,0.087944698,3.4998066425323486,1.1754943508222875e-38,0.4084507042253521,336.64422607421875,50610.12891,-0.423004071,0.4350523487208718,0.012341721,0.06972602
715.956,2012,1/1/2012,1,31.5386,-81.422215,0.046751092,3.4998066425323486,1.1754943508222875e-38,0.4084507042253521,328.8333740234375,50610.12891,-0.563048167,0.717920354,-0.567010309,-0.35753423
555.456,2013,1/1/2013,1,31.5386,-81.422215,0.1086267781775603,3.4998066425323486,1.1754943508222875e-38,0.4084507042253521,346.6645508,50610.12891,-0.441743382,0.5222232118998843,0.032151826,0.1032876744866371
294.376,2014,1/1/2014,1,31.5386,-81.422215,0.1180634430697292,3.4998066425323486,1.1754943508222875e-38,0.4084507042253521,349.40924072265625,50610.12891,-0.367938291,0.3707886758594892,0.005854623,0.073150679
677.312,2000,1/1/2000,1,31.538615,-81.422205,0.08220819,3.4998066425323486,1.1754943508222875e-38,0.4084507042253521,346.6190185546875,50610.12891,-0.612436081,0.4103082455230156,-0.139305951,-0.248904109
609.876,2004,1/1/2004,1,31.538615,-81.422205,0.1363077204441889,3.4998066425323486,1.1754943508222875e-38,0.4084507042253521,326.9262084960937,50610.12891,-0.496082458,0.442748405,0.031068104,-0.12945205
936.956,2005,1/1/2005,1,31.538615,-81.422205,0.1332943991525906,3.4998066425323486,1.1754943508222875e-38,0.4084507042253521,337.4432678222656,50610.12891,-0.541796445,0.5020197636136167,0.029991116,0.3187671303749084
584.996,2007,1/1/2007,1,31.538615,-81.422205,0.1178937727127463,3.4998066425323486,1.1754943508222875e-38,0.4084507042253521,325.5783691,50610.12891,-0.51044163,0.4484421691966243,0.019264448,-0.279452056
306.36,2006,1/1/2006,1,31.538615000000004,-81.422205,0.078391657,3.4998066425323486,1.1754943508222875e-38,0.4084507042253521,358.3500061035156,50610.12891,-0.397435905,0.3665465703597727,0.053772582,-0.282465756
516.324,2000,1/1/2000,1,31.538627,-81.422539,0.1034191492733282,0.595630407,0.3035750091075897,0.078125,346.6190185546875,50610.12891,-0.357747697,0.4453346330764309,0.036051968,-0.248904109
424.416,2001,1/1/2001,1,31.538627,-81.422539,0.094147331,0.595630407,0.3035750091075897,0.078125,355.8111877441406,50610.12891,-0.444188118,0.3861570555331737,0.032741094,-0.242328763
259.784,2002,1/1/2002,1,31.538627,-81.422539,0.083653749,0.595630407,0.3035750091075897,0.078125,317.0599060058594,50610.12891,-0.442981607,0.3542906464361972,-0.037969543,0.162328765
436.332,2004,1/1/2004,1,31.538627,-81.422539,0.1494973912472792,0.595630407,0.3035750091075897,0.078125,326.9262084960937,50610.12891,-0.397085685,0.5563621770566961,-0.010676884,-0.12945205
649.3,2005,1/1/2005,1,31.538627,-81.422539,0.1653094469085044,0.595630407,0.3035750091075897,0.078125,337.4432678222656,50610.12891,-0.579845233,0.5802841773322938,-0.012588845,0.3187671303749084
422.632,2007,1/1/2007,1,31.538627,-81.422539,0.077401785,0.595630407,0.3035750091075897,0.078125,325.5783691,50610.12891,-0.306983106,0.3690478405686528,-0.041063348,-0.279452056
264.756,2008,1/1/2008,1,31.538627,-81.422539,0.1143110967931747,0.595630407,0.3035750091075897,0.078125,342.29425048828125,50610.12891,-0.416517865,0.487513801,-0.051720224,-0.147260278
128.06,2012,1/1/2012,1,31.538627,-81.422539,0.091306788,0.595630407,0.3035750091075897,0.078125,328.8333740234375,50610.12891,-0.481360045,0.6114829360030967,-0.00544285,-0.35753423
590.684,2013,1/1/2013,1,31.538627,-81.422539,0.1376056904910333,0.595630407,0.3035750091075897,0.078125,346.6645508,50610.12891,-0.374152342,0.4597481161203091,-0.002827618,0.1032876744866371
105.932,2014,1/1/2014,1,31.538627,-81.422539,0.1397322728445371,0.595630407,0.3035750091075897,0.078125,349.40924072265625,50610.12891,-0.318591648,0.3822007301642802,0.018365512,0.073150679
148.572,2015,1/1/2015,1,31.538627,-81.422539,0.138814351,0.595630407,0.3035750091075897,0.078125,323.8819580078125,50610.12891,-0.36437315,0.4201053555750659,0.051223783,-0.043561641
323.176,2016,1/1/2016,1,31.538627,-81.422539,0.1028450211517696,0.595630407,0.3035750091075897,0.078125,335.58770751953125,50610.12891,-0.355571512,0.3915704514200592,0.023750208,-0.274794519
145.384,2017,1/1/2017,1,31.538627,-81.422539,0.1372918586441698,0.595630407,0.3035750091075897,0.078125,331.6158752441406,50610.12891,-0.413010039,0.5025552142866179,0.02805788,-0.09589041
604.872,2018,1/1/2018,1,31.538627,-81.422539,0.1237632145171353,0.595630407,0.3035750091075897,0.078125,340.0658569335937,50610.12891,-0.381509784,0.4629484717122005,0.021798005,0.2247945219278335
232.428,2019,1/1/2019,1,31.538627,-81.422539,0.1124648807812707,0.595630407,0.3035750091075897,0.078125,327.9753418,50610.12891,-0.375391986,0.3900811589133804,0.012974758,-0.282676041
317.4,2020,1/1/2020,1,31.538627,-81.422539,0.1978876208657981,0.595630407,0.3035750091075897,0.078125,311.9415283203125,50610.12891,-0.452759966,0.4816977027725717,0.032497329,0.063571438
346.892,2021,1/1/2021,1,31.538627,-81.422539,0.1522337883819576,0.595630407,0.3035750091075897,0.078125,336.64422607421875,50610.12891,-0.335389984,0.4614407111734877,0.01562244,0.06972602
652.54,2009,1/1/2009,1,31.538627000000005,-81.422539,0.1173281955934001,0.595630407,0.3035750091075897,0.078125,333.23553466796875,50610.12891,-0.511984684,0.465492665,-0.018728032,0.135205477
212.944,2011,1/1/2011,1,31.538627000000005,-81.422539,0.090000426,0.595630407,0.3035750091075897,0.078125,356.6396789550781,50610.12891,-0.400240043,0.3905774599291122,0.006553555,-0.481780827
441.792,2022,1/1/2022,1,31.538627000000005,-81.422539,0.1621493319762177,0.595630407,0.3035750091075897,0.078125,348.72869873046875,50610.12891,-0.306495839,0.4498729423760298,0.032693648,-0.169999987
765.568,2005,1/1/2005,1,31.539387999999995,-81.422692,0.174496318,0.1705758571624755,1.2443739175796509,0.016713092,337.4432678222656,50610.12891,-0.481653262,0.6070642697225515,0.053220948,0.3187671303749084
413.616,2011,1/1/2011,1,31.539387999999995,-81.422692,0.089914723,0.1705758571624755,1.2443739175796509,0.016713092,356.6396789550781,50610.12891,-0.219138751,0.2636055656120837,-0.000178328,-0.481780827
300.704,2001,1/1/2001,1,31.539388,-81.422692,0.09452775,0.1705758571624755,1.2443739175796509,0.016713092,355.8111877441406,50610.12891,-0.391161926,0.4065122203646207,0.029782296,-0.242328763
1325.792,2002,1/1/2002,1,31.539388,-81.422692,0.126218196,0.1705758571624755,1.2443739175796509,0.016713092,317.0599060058594,50610.12891,-0.342278188,0.4533281124718278,0.032286089,0.162328765
387.104,2007,1/1/2007,1,31.539388,-81.422692,0.083651823,0.1705758571624755,1.2443739175796509,0.016713092,325.5783691,50610.12891,-0.289240256,0.3761223249848116,0.047700026,-0.279452056
647.5360000000001,2009,1/1/2009,1,31.539388,-81.422692,0.09957661,0.1705758571624755,1.2443739175796509,0.016713092,333.23553466796875,50610.12891,-0.372610437,0.4239485452992312,0.038876303,0.135205477
539.312,2010,1/1/2010,1,31.539388,-81.422692,0.064281124,0.1705758571624755,1.2443739175796509,0.016713092,355.1938171386719,50610.12891,-0.336002634,0.3954575856281166,0.077089261,-0.47712329
321.408,2012,1/1/2012,1,31.539388,-81.422692,0.085773472,0.1705758571624755,1.2443739175796509,0.016713092,328.8333740234375,50610.12891,-0.532912319,0.4738609273746761,-0.068439938,-0.35753423
450.32,2013,1/1/2013,1,31.539388,-81.422692,0.1584546092575795,0.1705758571624755,1.2443739175796509,0.016713092,346.6645508,50610.12891,-0.320466765,0.5109587563921059,0.048736608,0.1032876744866371
264.72,2014,1/1/2014,1,31.539388,-81.422692,0.1469994632627483,0.1705758571624755,1.2443739175796509,0.016713092,349.40924072265625,50610.12891,-0.286955698,0.4599545259995111,0.046916846,0.073150679
328.64,2015,1/1/2015,1,31.539388,-81.422692,0.149898359,0.1705758571624755,1.2443739175796509,0.016713092,323.8819580078125,50610.12891,-0.29358231,0.4611129036461323,0.044456772,-0.043561641
331.424,2016,1/1/2016,1,31.539388,-81.422692,0.1580749300481091,0.1705758571624755,1.2443739175796509,0.016713092,335.58770751953125,50610.12891,-0.32440204,0.4971140792520364,0.059706975,-0.274794519
313.904,2017,1/1/2017,1,31.539388,-81.422692,0.1538318724726761,0.1705758571624755,1.2443739175796509,0.016713092,331.6158752441406,50610.12891,-0.337180101,0.5288614223611674,0.059459459,-0.09589041
604.544,2018,1/1/2018,1,31.539388,-81.422692,0.1480553113640146,0.1705758571624755,1.2443739175796509,0.016713092,340.0658569335937,50610.12891,-0.297843855,0.4836283391516272,0.057970072,0.2247945219278335
147.904,2019,1/1/2019,1,31.539388,-81.422692,0.1249769404283183,0.1705758571624755,1.2443739175796509,0.016713092,327.9753418,50610.12891,-0.284340228,0.4652011792461843,0.045875229,-0.282676041
603.504,2020,1/1/2020,1,31.539388,-81.422692,0.1748395332040211,0.1705758571624755,1.2443739175796509,0.016713092,311.9415283203125,50610.12891,-0.367448478,0.5425508786287472,0.090873887,0.063571438
157.616,2021,1/1/2021,1,31.539388,-81.422692,0.1535631237781665,0.1705758571624755,1.2443739175796509,0.016713092,336.64422607421875,50610.12891,-0.32286459,0.5389309636552447,0.037944864,0.06972602
191.28,2022,1/1/2022,1,31.539388,-81.422692,0.1680094004492569,0.1705758571624755,1.2443739175796509,0.016713092,348.72869873046875,50610.12891,-0.302432186,0.4883167900606926,0.050182482,-0.169999987
410.384,2007,1/1/2007,1,31.539402,-81.422821,0.083651823,1.0547592639923096,1.087590217590332,0.016713092,325.5783691,50610.12891,-0.289240256,0.3761223249848116,0.047700026,-0.279452056
191.936,2012,1/1/2012,1,31.539402,-81.422821,0.085773472,1.0547592639923096,1.087590217590332,0.016713092,328.8333740234375,50610.12891,-0.532912319,0.4738609273746761,-0.068439938,-0.35753423
170.64,2001,1/1/2001,1,31.539402,-81.422821,0.09452775,1.0547592639923096,1.087590217590332,0.016713092,355.8111877441406,50610.12891,-0.391161926,0.4065122203646207,0.029782296,-0.242328763
599.552,2002,1/1/2002,1,31.539402,-81.422821,0.126218196,1.0547592639923096,1.087590217590332,0.016713092,317.0599060058594,50610.12891,-0.342278188,0.4533281124718278,0.032286089,0.162328765
1216.704,2005,1/1/2005,1,31.539402,-81.422821,0.174496318,1.0547592639923096,1.087590217590332,0.016713092,337.4432678222656,50610.12891,-0.481653262,0.6070642697225515,0.053220948,0.3187671303749084
254.416,2011,1/1/2011,1,31.539402,-81.422821,0.089914723,1.0547592639923096,1.087590217590332,0.016713092,356.6396789550781,50610.12891,-0.219138751,0.2636055656120837,-0.000178328,-0.481780827
253.424,2013,1/1/2013,1,31.539402,-81.422821,0.1584546092575795,1.0547592639923096,1.087590217590332,0.016713092,346.6645508,50610.12891,-0.320466765,0.5109587563921059,0.048736608,0.1032876744866371
150.464,2015,1/1/2015,1,31.539402,-81.422821,0.149898359,1.0547592639923096,1.087590217590332,0.016713092,323.8819580078125,50610.12891,-0.29358231,0.4611129036461323,0.044456772,-0.043561641
370.864,2018,1/1/2018,1,31.539402,-81.422821,0.1480553113640146,1.0547592639923096,1.087590217590332,0.016713092,340.0658569335937,50610.12891,-0.297843855,0.4836283391516272,0.057970072,0.2247945219278335
395.952,2019,1/1/2019,1,31.539402,-81.422821,0.1249769404283183,1.0547592639923096,1.087590217590332,0.016713092,327.9753418,50610.12891,-0.284340228,0.4652011792461843,0.045875229,-0.282676041
141.52,2022,1/1/2022,1,31.539402,-81.422821,0.1680094004492569,1.0547592639923096,1.087590217590332,0.016713092,348.72869873046875,50610.12891,-0.302432186,0.4883167900606926,0.050182482,-0.169999987
165.296,2009,1/1/2009,1,31.539402000000003,-81.422821,0.09957661,1.0547592639923096,1.087590217590332,0.016713092,333.23553466796875,50610.12891,-0.372610437,0.4239485452992312,0.038876303,0.135205477
238.752,2010,1/1/2010,1,31.539402000000003,-81.422821,0.064281124,1.0547592639923096,1.087590217590332,0.016713092,355.1938171386719,50610.12891,-0.336002634,0.3954575856281166,0.077089261,-0.47712329
359.536,2014,1/1/2014,1,31.539402000000003,-81.422821,0.1469994632627483,1.0547592639923096,1.087590217590332,0.016713092,349.40924072265625,50610.12891,-0.286955698,0.4599545259995111,0.046916846,0.073150679
309.616,2016,1/1/2016,1,31.539402000000003,-81.422821,0.1580749300481091,1.0547592639923096,1.087590217590332,0.016713092,335.58770751953125,50610.12891,-0.32440204,0.4971140792520364,0.059706975,-0.274794519
329.84,2017,1/1/2017,1,31.539402000000003,-81.422821,0.1538318724726761,1.0547592639923096,1.087590217590332,0.016713092,331.6158752441406,50610.12891,-0.337180101,0.5288614223611674,0.059459459,-0.09589041
253.76,2020,1/1/2020,1,31.539402000000003,-81.422821,0.1748395332040211,1.0547592639923096,1.087590217590332,0.016713092,311.9415283203125,50610.12891,-0.367448478,0.5425508786287472,0.090873887,0.063571438
397.68,2021,1/1/2021,1,31.539402000000003,-81.422821,0.1535631237781665,1.0547592639923096,1.087590217590332,0.016713092,336.64422607421875,50610.12891,-0.32286459,0.5389309636552447,0.037944864,0.06972602
1112.288,2002,1/1/2002,1,31.539415,-81.422546,0.1158051152737752,0.3500793576240539,1.1664544343948364,0.02,317.0599060058594,50610.12891,-0.288758904,0.4397167045740013,0.056288509,0.162328765
1978.4,2005,1/1/2005,1,31.539415,-81.422546,0.1724757387458448,0.3500793576240539,1.1664544343948364,0.02,337.4432678222656,50610.12891,-0.481420082,0.5211328259154697,0.04819565,0.3187671303749084
777.5840000000001,2011,1/1/2011,1,31.539415,-81.422546,0.040162423,0.3500793576240539,1.1664544343948364,0.02,356.6396789550781,50610.12891,-0.100607663,0.1259371666391213,0.005848358,-0.481780827
498.464,2013,1/1/2013,1,31.539415,-81.422546,0.1535179808579457,0.3500793576240539,1.1664544343948364,0.02,346.6645508,50610.12891,-0.306982479,0.5081278611152512,0.054127939,0.1032876744866371
373.968,2014,1/1/2014,1,31.539415,-81.422546,0.1516928530481884,0.3500793576240539,1.1664544343948364,0.02,349.40924072265625,50610.12891,-0.280527383,0.4775753297402026,0.047687861,0.073150679
639.264,2015,1/1/2015,1,31.539415,-81.422546,0.1536420750232791,0.3500793576240539,1.1664544343948364,0.02,323.8819580078125,50610.12891,-0.276032584,0.4802639343291273,0.056300649,-0.043561641
525.216,2017,1/1/2017,1,31.539415,-81.422546,0.1498780114529566,0.3500793576240539,1.1664544343948364,0.02,331.6158752441406,50610.12891,-0.305844231,0.5270146391417022,0.055696965,-0.09589041
692.224,2018,1/1/2018,1,31.539415,-81.422546,0.158860057,0.3500793576240539,1.1664544343948364,0.02,340.0658569335937,50610.12891,-0.289779659,0.5016215348793868,0.065965359,0.2247945219278335
294.4,2019,1/1/2019,1,31.539415,-81.422546,0.1296678476734997,0.3500793576240539,1.1664544343948364,0.02,327.9753418,50610.12891,-0.255534786,0.4659512507750807,0.051483082,-0.282676041
958.912,2020,1/1/2020,1,31.539415,-81.422546,0.1678673265819838,0.3500793576240539,1.1664544343948364,0.02,311.9415283203125,50610.12891,-0.336586236,0.5178847161678887,0.03776289,0.063571438
702.592,2021,1/1/2021,1,31.539415,-81.422546,0.1607351102243828,0.3500793576240539,1.1664544343948364,0.02,336.64422607421875,50610.12891,-0.319268344,0.5223646505871734,0.054288699,0.06972602
786.992,2012,1/1/2012,1,31.539415000000005,-81.422546,0.063025305,0.3500793576240539,1.1664544343948364,0.02,328.8333740234375,50610.12891,-0.523849214,0.5340783401350159,-0.21324145,-0.35753423
400.592,2016,1/1/2016,1,31.539415000000005,-81.422546,0.1733385337688092,0.3500793576240539,1.1664544343948364,0.02,335.58770751953125,50610.12891,-0.312445874,0.5205057661516016,0.068253659,-0.274794519
244.816,2022,1/1/2022,1,31.539415000000005,-81.422546,0.1723184085306427,0.3500793576240539,1.1664544343948364,0.02,348.72869873046875,50610.12891,-0.301164433,0.4947997420769018,0.068443486,-0.169999987
246.224,2013,1/1/2013,1,31.539428999999995,-81.42241,0.1535179808579457,0.9777598977088928,1.1899452209472656,0.02,346.6645508,50610.12891,-0.306982479,0.5081278611152512,0.054127939,0.1032876744866371
974.832,2018,1/1/2018,1,31.539428999999995,-81.42241,0.158860057,0.9777598977088928,1.1899452209472656,0.02,340.0658569335937,50610.12891,-0.289779659,0.5016215348793868,0.065965359,0.2247945219278335
488.928,2022,1/1/2022,1,31.539428999999995,-81.42241,0.1723184085306427,0.9777598977088928,1.1899452209472656,0.02,348.72869873046875,50610.12891,-0.301164433,0.4947997420769018,0.068443486,-0.169999987
1150.848,2002,1/1/2002,1,31.539429,-81.42241,0.1158051152737752,0.9777598977088928,1.1899452209472656,0.02,317.0599060058594,50610.12891,-0.288758904,0.4397167045740013,0.056288509,0.162328765
779.936,2005,1/1/2005,1,31.539429,-81.42241,0.1724757387458448,0.9777598977088928,1.1899452209472656,0.02,337.4432678222656,50610.12891,-0.481420082,0.5211328259154697,0.04819565,0.3187671303749084
162.448,2011,1/1/2011,1,31.539429,-81.42241,0.040162423,0.9777598977088928,1.1899452209472656,0.02,356.6396789550781,50610.12891,-0.100607663,0.1259371666391213,0.005848358,-0.481780827
230.448,2012,1/1/2012,1,31.539429,-81.42241,0.063025305,0.9777598977088928,1.1899452209472656,0.02,328.8333740234375,50610.12891,-0.523849214,0.5340783401350159,-0.21324145,-0.35753423
243.504,2014,1/1/2014,1,31.539429,-81.42241,0.1516928530481884,0.9777598977088928,1.1899452209472656,0.02,349.40924072265625,50610.12891,-0.280527383,0.4775753297402026,0.047687861,0.073150679
608.704,2015,1/1/2015,1,31.539429,-81.42241,0.1536420750232791,0.9777598977088928,1.1899452209472656,0.02,323.8819580078125,50610.12891,-0.276032584,0.4802639343291273,0.056300649,-0.043561641
606.272,2016,1/1/2016,1,31.539429,-81.42241,0.1733385337688092,0.9777598977088928,1.1899452209472656,0.02,335.58770751953125,50610.12891,-0.312445874,0.5205057661516016,0.068253659,-0.274794519
416.736,2017,1/1/2017,1,31.539429,-81.42241,0.1498780114529566,0.9777598977088928,1.1899452209472656,0.02,331.6158752441406,50610.12891,-0.305844231,0.5270146391417022,0.055696965,-0.09589041
172.43200000000002,2019,1/1/2019,1,31.539429,-81.42241,0.1296678476734997,0.9777598977088928,1.1899452209472656,0.02,327.9753418,50610.12891,-0.255534786,0.4659512507750807,0.051483082,-0.282676041
669.984,2020,1/1/2020,1,31.539429,-81.42241,0.1678673265819838,0.9777598977088928,1.1899452209472656,0.02,311.9415283203125,50610.12891,-0.336586236,0.5178847161678887,0.03776289,0.063571438
456.832,2021,1/1/2021,1,31.539429,-81.42241,0.1607351102243828,0.9777598977088928,1.1899452209472656,0.02,336.64422607421875,50610.12891,-0.319268344,0.5223646505871734,0.054288699,0.06972602
332.752,2012,1/1/2012,1,31.539456999999995,-81.42225,0.074298881,0.7877209186553955,1.1829261779785156,0.011461318,328.8333740234375,50610.12891,-0.45736875,0.4933411044732635,-0.174884913,-0.35753423
637.088,2010,1/1/2010,1,31.539457,-81.42225,0.1179356727317896,0.7877209186553955,1.1829261779785156,0.011461318,355.1938171386719,50610.12891,-0.281901831,0.4140934995447545,0.096239589,-0.47712329
454.16,2000,1/1/2000,1,31.539457,-81.42225,0.1370875904213516,0.7877209186553955,1.1829261779785156,0.011461318,346.6190185546875,50610.12891,-0.323734661,0.5457854406130278,-0.033040866,-0.248904109
1654.944,2002,1/1/2002,1,31.539457,-81.42225,0.1471440717840214,0.7877209186553955,1.1829261779785156,0.011461318,317.0599060058594,50610.12891,-0.33918797,0.501205384,0.075485397,0.162328765
1531.648,2005,1/1/2005,1,31.539457,-81.42225,0.1770221493443532,0.7877209186553955,1.1829261779785156,0.011461318,337.4432678222656,50610.12891,-0.461261091,0.5922921405537189,0.1369784584555933,0.3187671303749084
502.304,2008,1/1/2008,1,31.539457,-81.42225,0.1430817653819716,0.7877209186553955,1.1829261779785156,0.011461318,342.29425048828125,50610.12891,-0.348624877,0.4362294247412184,-0.014680586,-0.147260278
202.736,2013,1/1/2013,1,31.539457,-81.42225,0.1842535736561908,0.7877209186553955,1.1829261779785156,0.011461318,346.6645508,50610.12891,-0.341651941,0.553822173,0.062947942,0.1032876744866371
389.152,2015,1/1/2015,1,31.539457,-81.42225,0.1815330719117269,0.7877209186553955,1.1829261779785156,0.011461318,323.8819580078125,50610.12891,-0.282678265,0.5248278913602725,0.051930386,-0.043561641
421.92,2016,1/1/2016,1,31.539457,-81.42225,0.198517991,0.7877209186553955,1.1829261779785156,0.011461318,335.58770751953125,50610.12891,-0.314044747,0.5686219012679228,0.057990346,-0.274794519
270.672,2017,1/1/2017,1,31.539457,-81.42225,0.1837219884373492,0.7877209186553955,1.1829261779785156,0.011461318,331.6158752441406,50610.12891,-0.312657587,0.5727510599809574,0.06335008,-0.09589041
505.552,2018,1/1/2018,1,31.539457,-81.42225,0.1982796359586804,0.7877209186553955,1.1829261779785156,0.011461318,340.0658569335937,50610.12891,-0.287525716,0.5413001466550484,0.075406705,0.2247945219278335
162.816,2019,1/1/2019,1,31.539457,-81.42225,0.1513188399222144,0.7877209186553955,1.1829261779785156,0.011461318,327.9753418,50610.12891,-0.24383225,0.4986432561851563,0.06252814,-0.282676041
370.256,2020,1/1/2020,1,31.539457,-81.42225,0.2164321376055809,0.7877209186553955,1.1829261779785156,0.011461318,311.9415283203125,50610.12891,-0.330573507,0.578281358,0.04058791,0.063571438
455.296,2021,1/1/2021,1,31.539457,-81.42225,0.2074139618805552,0.7877209186553955,1.1829261779785156,0.011461318,336.64422607421875,50610.12891,-0.345117104,0.5665880923914997,0.052442573,0.06972602
255.904,2022,1/1/2022,1,31.539457,-81.42225,0.1953902952893675,0.7877209186553955,1.1829261779785156,0.011461318,348.72869873046875,50610.12891,-0.331583358,0.5354375648372993,0.059747504,-0.169999987
423.264,2014,1/1/2014,1,31.539457,-81.42225,0.1778291364317557,0.7877209186553955,1.1829261779785156,0.011461318,349.40924072265625,50610.12891,-0.313394083,0.538261358,0.06547847,0.073150679
546.416,2000,1/1/2000,1,31.53948,-81.422098,0.1370875904213516,0.4089528918266296,1.1348437070846558,0.011461318,346.6190185546875,50610.12891,-0.323734661,0.5457854406130278,-0.033040866,-0.248904109
1028.592,2005,1/1/2005,1,31.53948,-81.422098,0.1770221493443532,0.4089528918266296,1.1348437070846558,0.011461318,337.4432678222656,50610.12891,-0.461261091,0.5922921405537189,0.1369784584555933,0.3187671303749084
549.28,2008,1/1/2008,1,31.53948,-81.422098,0.1430817653819716,0.4089528918266296,1.1348437070846558,0.011461318,342.29425048828125,50610.12891,-0.348624877,0.4362294247412184,-0.014680586,-0.147260278
540.896,2010,1/1/2010,1,31.53948,-81.422098,0.1179356727317896,0.4089528918266296,1.1348437070846558,0.011461318,355.1938171386719,50610.12891,-0.281901831,0.4140934995447545,0.096239589,-0.47712329
416.88,2012,1/1/2012,1,31.53948,-81.422098,0.074298881,0.4089528918266296,1.1348437070846558,0.011461318,328.8333740234375,50610.12891,-0.45736875,0.4933411044732635,-0.174884913,-0.35753423
329.10400000000004,2013,1/1/2013,1,31.53948,-81.422098,0.1842535736561908,0.4089528918266296,1.1348437070846558,0.011461318,346.6645508,50610.12891,-0.341651941,0.553822173,0.062947942,0.1032876744866371
583.456,2014,1/1/2014,1,31.53948,-81.422098,0.1778291364317557,0.4089528918266296,1.1348437070846558,0.011461318,349.40924072265625,50610.12891,-0.313394083,0.538261358,0.06547847,0.073150679
408.48,2015,1/1/2015,1,31.53948,-81.422098,0.1815330719117269,0.4089528918266296,1.1348437070846558,0.011461318,323.8819580078125,50610.12891,-0.282678265,0.5248278913602725,0.051930386,-0.043561641
375.712,2016,1/1/2016,1,31.53948,-81.422098,0.198517991,0.4089528918266296,1.1348437070846558,0.011461318,335.58770751953125,50610.12891,-0.314044747,0.5686219012679228,0.057990346,-0.274794519
423.488,2017,1/1/2017,1,31.53948,-81.422098,0.1837219884373492,0.4089528918266296,1.1348437070846558,0.011461318,331.6158752441406,50610.12891,-0.312657587,0.5727510599809574,0.06335008,-0.09589041
645.424,2018,1/1/2018,1,31.53948,-81.422098,0.1982796359586804,0.4089528918266296,1.1348437070846558,0.011461318,340.0658569335937,50610.12891,-0.287525716,0.5413001466550484,0.075406705,0.2247945219278335
248.192,2019,1/1/2019,1,31.53948,-81.422098,0.1513188399222144,0.4089528918266296,1.1348437070846558,0.011461318,327.9753418,50610.12891,-0.24383225,0.4986432561851563,0.06252814,-0.282676041
737.824,2020,1/1/2020,1,31.53948,-81.422098,0.2164321376055809,0.4089528918266296,1.1348437070846558,0.011461318,311.9415283203125,50610.12891,-0.330573507,0.578281358,0.04058791,0.063571438
297.648,2022,1/1/2022,1,31.53948,-81.422098,0.1953902952893675,0.4089528918266296,1.1348437070846558,0.011461318,348.72869873046875,50610.12891,-0.331583358,0.5354375648372993,0.059747504,-0.169999987
932.832,2002,1/1/2002,1,31.539480000000005,-81.422098,0.1471440717840214,0.4089528918266296,1.1348437070846558,0.011461318,317.0599060058594,50610.12891,-0.33918797,0.501205384,0.075485397,0.162328765
673.7280000000001,2021,1/1/2021,1,31.539480000000005,-81.422098,0.2074139618805552,0.4089528918266296,1.1348437070846558,0.011461318,336.64422607421875,50610.12891,-0.345117104,0.5665880923914997,0.052442573,0.06972602
448,2000,1/1/2000,1,31.539491,-81.42175,0.1273501018753705,0.2205736339092254,1.0141342878341677,0.011594203,346.03729248046875,50610.12891,-0.409227426,0.5323541478624771,-0.058512571,-0.248904109
936.256,2005,1/1/2005,1,31.539491,-81.42175,0.161666492,0.2205736339092254,1.0141342878341677,0.011594203,337.14239501953125,50610.12891,-0.341749911,0.525627056,0.089564153,0.3187671303749084
687.6800000000001,2009,1/1/2009,1,31.539491,-81.42175,0.1320300076425869,0.2205736339092254,1.0141342878341677,0.011594203,334.44097900390625,50610.12891,-0.227621275,0.551549935,-0.023461179,0.135205477
152.848,2012,1/1/2012,1,31.539491,-81.42175,0.077324565,0.2205736339092254,1.0141342878341677,0.011594203,328.2968444824219,50610.12891,-0.429121763,0.4758283815087112,-0.044914438,-0.35753423
366.992,2013,1/1/2013,1,31.539491,-81.42175,0.1611046140594106,0.2205736339092254,1.0141342878341677,0.011594203,346.1918334960937,50610.12891,-0.297181194,0.5232473967922414,0.046900947,0.1032876744866371
407.056,2015,1/1/2015,1,31.539491,-81.42175,0.1629597270553997,0.2205736339092254,1.0141342878341677,0.011594203,321.66021728515625,50610.12891,-0.246889733,0.4908398564186977,0.061691262,-0.043561641
462.608,2016,1/1/2016,1,31.539491,-81.42175,0.1787721706436049,0.2205736339092254,1.0141342878341677,0.011594203,335.1446838378906,50610.12891,-0.277060702,0.5385090614666957,0.077679795,-0.274794519
346.352,2017,1/1/2017,1,31.539491,-81.42175,0.1649849235807052,0.2205736339092254,1.0141342878341677,0.011594203,331.2138977050781,50610.12891,-0.281275767,0.5519517311412356,0.067453233,-0.09589041
413.92,2018,1/1/2018,1,31.539491,-81.42175,0.1688356553452644,0.2205736339092254,1.0141342878341677,0.011594203,339.6020508,50610.12891,-0.262570554,0.539581834,0.074512183,0.2247945219278335
270.256,2020,1/1/2020,1,31.539491,-81.42175,0.2003985396549677,0.2205736339092254,1.0141342878341677,0.011594203,311.0574951171875,50610.12891,-0.307148152,0.5721708631207743,0.047406111,0.063571438
291.024,2021,1/1/2021,1,31.539491,-81.42175,0.2045704325789811,0.2205736339092254,1.0141342878341677,0.011594203,335.2635803222656,50610.12891,-0.348148148,0.5662272667833815,0.073944269,0.06972602
230.864,2022,1/1/2022,1,31.539491,-81.42175,0.1884375137056617,0.2205736339092254,1.0141342878341677,0.011594203,348.4299011230469,50610.12891,-0.312356368,0.5108908270829204,0.076271805,-0.169999987
2068.512,2002,1/1/2002,1,31.539491000000005,-81.42175,0.1235321833244134,0.2205736339092254,1.0141342878341677,0.011594203,316.4818420410156,50610.12891,-0.345180184,0.479518782,0.047110395,0.162328765
441.04,2014,1/1/2014,1,31.539491000000005,-81.42175,0.174176311,0.2205736339092254,1.0141342878341677,0.011594203,349.0355529785156,50610.12891,-0.289939211,0.5227014467718317,0.063339731,0.073150679
206.688,2019,1/1/2019,1,31.539491000000005,-81.42175,0.132573849,0.2205736339092254,1.0141342878341677,0.011594203,326.7844543457031,50610.12891,-0.203389271,0.4539204094235274,0.056915968,-0.282676041
318.752,2000,1/1/2000,1,31.539504999999995,-81.421937,0.1273501018753705,0.3082251846790313,1.0876641273498535,0.011594203,346.6190185546875,50610.12891,-0.409227426,0.5323541478624771,-0.058512571,-0.248904109
1090.672,2005,1/1/2005,1,31.539504999999995,-81.421937,0.161666492,0.3082251846790313,1.0876641273498535,0.011594203,337.4432678222656,50610.12891,-0.341749911,0.525627056,0.089564153,0.3187671303749084
726.4,2016,1/1/2016,1,31.539504999999995,-81.421937,0.1787721706436049,0.3082251846790313,1.0876641273498535,0.011594203,335.58770751953125,50610.12891,-0.277060702,0.5385090614666957,0.077679795,-0.274794519
922.208,2002,1/1/2002,1,31.539505,-81.421937,0.1235321833244134,0.3082251846790313,1.0876641273498535,0.011594203,317.0599060058594,50610.12891,-0.345180184,0.479518782,0.047110395,0.162328765
883.136,2009,1/1/2009,1,31.539505,-81.421937,0.1320300076425869,0.3082251846790313,1.0876641273498535,0.011594203,333.23553466796875,50610.12891,-0.227621275,0.551549935,-0.023461179,0.135205477
536.176,2012,1/1/2012,1,31.539505,-81.421937,0.077324565,0.3082251846790313,1.0876641273498535,0.011594203,328.8333740234375,50610.12891,-0.429121763,0.4758283815087112,-0.044914438,-0.35753423
561.824,2013,1/1/2013,1,31.539505,-81.421937,0.1611046140594106,0.3082251846790313,1.0876641273498535,0.011594203,346.6645508,50610.12891,-0.297181194,0.5232473967922414,0.046900947,0.1032876744866371
570.768,2014,1/1/2014,1,31.539505,-81.421937,0.174176311,0.3082251846790313,1.0876641273498535,0.011594203,349.40924072265625,50610.12891,-0.289939211,0.5227014467718317,0.063339731,0.073150679
578.496,2015,1/1/2015,1,31.539505,-81.421937,0.1629597270553997,0.3082251846790313,1.0876641273498535,0.011594203,323.8819580078125,50610.12891,-0.246889733,0.4908398564186977,0.061691262,-0.043561641
371.456,2017,1/1/2017,1,31.539505,-81.421937,0.1649849235807052,0.3082251846790313,1.0876641273498535,0.011594203,331.6158752441406,50610.12891,-0.281275767,0.5519517311412356,0.067453233,-0.09589041
434.768,2018,1/1/2018,1,31.539505,-81.421937,0.1688356553452644,0.3082251846790313,1.0876641273498535,0.011594203,340.0658569335937,50610.12891,-0.262570554,0.539581834,0.074512183,0.2247945219278335
324.176,2019,1/1/2019,1,31.539505,-81.421937,0.132573849,0.3082251846790313,1.0876641273498535,0.011594203,327.9753418,50610.12891,-0.203389271,0.4539204094235274,0.056915968,-0.282676041
340.144,2020,1/1/2020,1,31.539505,-81.421937,0.2003985396549677,0.3082251846790313,1.0876641273498535,0.011594203,311.9415283203125,50610.12891,-0.307148152,0.5721708631207743,0.047406111,0.063571438
246.176,2021,1/1/2021,1,31.539505,-81.421937,0.2045704325789811,0.3082251846790313,1.0876641273498535,0.011594203,336.64422607421875,50610.12891,-0.348148148,0.5662272667833815,0.073944269,0.06972602
214.256,2022,1/1/2022,1,31.539505,-81.421937,0.1884375137056617,0.3082251846790313,1.0876641273498535,0.011594203,348.72869873046875,50610.12891,-0.312356368,0.5108908270829204,0.076271805,-0.169999987
