pkSiteId,commonName,siteNumber,latSeconds,longSeconds,dnrverified,projectAddress,altLocDesc,pin,city,xrefSiteNumber,lotPhaseDistrict,fkSubDivisionId,fkWaterWayId,fkCountyId,fkIslandId,fkWaterwayTypeId,subDivisionHasRestriction,subDivisionRestriction,waterwayHasRestriction,waterwayRestriction,totalSiteImpacts,allPermitsLastExpiryDate,marinaLeaseLastExpiryDate,isAllPermitsExpired,isMarinaLeaseExpired,historicalTracking,historicalEventMemos,historicalDeletedSiteRecs,historicalCorpsPermitNums,historicalSiteHistory,isLockedForEdit,fkLastLockedBy,lastLockedAt,systemLockerBit,fkSubDivision,fkWaterWay,fkCounty,fkIsland,fkWaterwayType,siteStructures,coordinates,siteTypes,projectTypes
11734,0 Estill Hammock Road,12092020_044415PM,115236.972,-291110.4,True,0 Estill Hammock Road,,10012 01002,,,Portion Of The East Fork Of Estill Hammock,-2.0,63,28,-2.0,3,False,,False,,0.0,2020-12-21T00:00:00,1900-01-01T00:00:00,True,True,,,,,,False,-1,,False,,,,,,[],,[],[]
11187,"10 Horsepen Point Drive, 12 Horsepen Point Drive & 18 Horsepen Point Drive",05292019_084249AM,115202.7,-291079.044,True,"10 Horsepen Point Drive, 12 Horsepen Point Drive &","Horse Pen Hammock (Huffstetler, Alexander, Sheehan",,,,HORSE PEN HAMMOCK FORT WARD TYBEE HIGHLAND & MARSH,211.0,159,28,63.0,3,False,,False,,0.10395,2030-03-07T00:00:00,1900-01-01T00:00:00,False,True,,,,,,True,33,2025-04-10T09:17:37.247,False,,,,,,[],,[],[]
9331,1002 5th Avenue,05112015_103346AM,115206.696,-291059.784,True,1002 5th Avenue,,4-0012-01-022,Tybee Island,,,-2.0,159,28,63.0,3,False,,False,,0.0,1900-01-01T00:00:00,1900-01-01T00:00:00,True,True,,,,,,False,-1,,False,,,,,,[],,[],[]
12026,105 Back Landing Way,08042021_100056AM,114883.092,-291882.636,True,105 Back Landing Way,Causeway To 105 Back Landing Way Hammock #4,10396 01001W,Savannah,,Parcel B,449.0,89,28,56.0,6,False,,False,,0.02153,2029-04-26T00:00:00,1900-01-01T00:00:00,False,True,,,,,,False,-1,,False,,,,,,[],,[],[]
10594,110 Herb River Drive,11222017_104817AM,115191.54,-291768.264,True,110 Herb River Drive,,,Savannah,,Lot 9,-2.0,127,28,19.0,3,False,,False,,0.00533,2029-10-01T00:00:00,1900-01-01T00:00:00,False,True,,,,,,False,-1,,False,,,,,,[],,[],[]
1061,1118  Walthour Road,12021991_120500AM,115201.404,-291481.02,True,1118  Walthour Road,Across Walthour @  Penn Waller Road,,,,Lot A,131.0,16,28,67.0,3,False,,False,,0.12817,2012-01-01T00:00:00,1900-01-01T00:00:00,True,True,,,,,,False,-1,,False,,,,,,[],,[],[]
12527,113 Meriweather Drive,12272022_101701AM,115233.768,-291716.568,True,113 Meriweather Drive,,,,,PARCEL 2 - RECOMB LOT 3 & PT OF MARSHES & LAGOONS,123.0,127,28,19.0,6,False,,False,,0.0,1900-01-01T00:00:00,1900-01-01T00:00:00,True,True,,,,,,False,-1,,False,,,,,,[],,[],[]
1512,115 Winterberry Drive,07181994_120000AM,115102.476,-291887.064,True,115 Winterberry Drive,6 Spring Marsh Lane,10424 03012,Skidaway Island,06271989_120000AM,Lot 12,556.0,213,28,56.0,14,False,,False,,0.07879,2012-01-01T00:00:00,1900-01-01T00:00:00,True,True,,,,,,False,-1,,False,,,,,,[],,[],[]
142,119 Johnny Mercer Boulevard Sasser Seafood,02161973_120000AM,115250.4,-291558.6,True,119 Johnny Mercer Boulevard,"Multiple Lots, US 80 Bridge, 5th GMD",,Wilmington,08011972_120000AM,LOT 3-C SUB OF LOT C,528.0,301,28,67.0,3,False,,False,,3.40911,2029-05-27T00:00:00,2029-02-27T00:00:00,False,False,,,,,,False,-1,,False,,,,,,[],,[],[]
5653,121 Catalina Drive,11062005_120000AM,115217.37,-291116.9196,True,121 Catalina Drive,,,,,Lot 12,-2.0,261,28,57.0,3,False,,False,,0.11217,2020-12-07T00:00:00,1900-01-01T00:00:00,True,True,,,,,,False,-1,,False,,,,,,[],,[],[]
5362,1232 Dublin Trust,12292004_103443AM,114940.152,-292597.992,True,1232 Dublin Drive Parcel N,Parcel N,0544 001,Richmond Hill,,Parcel N,149.0,227,18,-2.0,14,False,,False,,0.02378,2029-04-03T00:00:00,1900-01-01T00:00:00,False,True,,,,,,False,-1,,False,,,,,,[],,[],[]
3666,1284 Mill Hill Landing,01092001_120100AM,114825.204,-292481.46,True,1284 Mill Hill Landing,,,Richmond Hill,,"22, 23",286.0,227,18,-2.0,14,False,,False,,0.05225,2012-01-01T00:00:00,1900-01-01T00:00:00,True,True,,,,,,False,-1,,False,,,,,,[],,[],[]
146,131 Eagles Nest,05111973_120100AM,115247.016,-291070.90368,True,131 Eagles Nest,,4-0019 -02-045,Tybee,,Lot 7,127.0,63,28,63.0,3,False,,False,,0.03465,2012-01-01T00:00:00,1900-01-01T00:00:00,True,True,,,,,,False,-1,,False,,,,,,[],,[],[]
6759,136 San Marco Drive,05082008_101002AM,115202.124,-291118.716,True,136 San Marco Drive,,,Tybee,,Lot 2 Parcel D,-2.0,303,28,63.0,3,False,,False,,0.0,2012-01-01T00:00:00,1900-01-01T00:00:00,True,True,,,,,,False,-1,,False,,,,,,[],,[],[]
5556,141 South Campbell Avenue,07052005_112613AM,115241.904,-291066.012,True,141 South Campbell Avenue,,4-0016 -01-013,Tybee,,Lot 53,211.0,63,28,63.0,3,False,,False,,0.05138,2019-04-23T00:00:00,1900-01-01T00:00:00,True,True,,,,,,False,-1,,False,,,,,,[],,[],[]
810,145 Crossgate Road Georgia Steamship Company,08111989_120200AM,115747.776,-292147.02,True,145 Crossgate Road,"End Of Crossgate Road, RM 20.7",,,05241991_120300AM,,-2.0,260,28,-2.0,14,False,,False,,0.35124,2026-07-29T00:00:00,1900-01-01T00:00:00,True,True,,,,,,False,-1,,False,,,,,,[],,[],[]
155,152 Pelican Drive,11191973_120000AM,115245.18,-291111.732,True,152 Pelican Drive,,10014 01046,,10112002_091732AM for Lot 70 Bulkhead,Lots 69 & 70,140.0,63,28,-2.0,3,False,,False,,0.0068,2012-01-01T00:00:00,1900-01-01T00:00:00,True,True,,,,,,False,-1,,False,,,,,,[],,[],[]
401,16 Liberty Creek Drive,06091981_120100AM,115239.204,-291700.548,True,16 Liberty Creek Drive,,,,,Lot 12 Phase 1A,-2.0,270,28,-2.0,18,False,,False,,1.06573,2012-01-01T00:00:00,1900-01-01T00:00:00,True,True,,,,,,False,-1,,False,,,,,,[],,[],[]
9808,2 Musketeers LLC,08052016_084340AM,113057.244,-292951.26,True,Hird Island Left Of The North River Community Dock,,,,,"Lot 4, Block H, BAL-Mar Sub. GMD 271",-2.0,220,101,24.0,14,False,,False,,0.0,1900-01-01T00:00:00,1900-01-01T00:00:00,True,True,,,,,,False,-1,,False,,,,,,[],,[],[]
227,201 Falligant Avenue,08291974_120000AM,115354.08,-291486.024,True,201 Falligant Avenue,,,,,Lot 25,-2.0,41,28,61.0,14,False,,False,,0.0522,2012-01-01T00:00:00,1900-01-01T00:00:00,True,True,,,,,,False,-1,,False,,,,,,[],,[],[]
4587,203-201 Penrose Drive,03252003_014753PM,115351.344,-291556.62,True,203-201 Penrose Drive,,,Savannah,10202004_021549PM,Lots 3 & 4,17.0,250,28,66.0,3,False,,False,,0.13545,2012-01-01T00:00:00,1900-01-01T00:00:00,True,True,,,,,,False,-1,,False,,,,,,[],,[],[]
7129,2101 US Highway 80 (4 Old US Highway 80) Mathews Marina,11052009_080525AM,115258.932,-291179.268,True,2101 US Highway 80 (4 Old US Highway 80),"N Side Of Hwy 80, E Side Of Creek",40024 02001 ,Tybee Island,,Remaining Portion Of A 32 Acre Tract,232.0,190,28,63.0,3,False,,False,,0.08061,2022-08-30T00:00:00,2024-12-31T00:00:00,True,True,,,,,,False,-1,,False,,,,,,[],,[],[]
228,2104 East Boulevard,08291974_120100AM,115115.58,-291580.164,True,2104 East Boulevard,Rt. 2 Box 422,10099 11030 ,,,,-2.0,135,28,-2.0,18,False,,False,,0.03261,2025-10-25T00:00:00,1900-01-01T00:00:00,True,True,,,,,,False,-1,,False,,,,,,[],,[],[]
345,2324 East Boulevard,09191979_120600AM,115101.864,-291597.876,True,2324 East Boulevard,Sheepshead,,,,,-2.0,264,28,-2.0,3,False,,False,,0.01125,2012-01-01T00:00:00,1900-01-01T00:00:00,True,True,,,,,,False,-1,,False,,,,,,[],,[],[]
370,24 Horespen Point Drive,06271980_120100AM,115225.0704,-291073.68,True,24 Horespen Point Drive,Dunns Island Tract,,,,,-2.0,159,28,63.0,3,False,,False,,1.95408,2012-01-01T00:00:00,1900-01-01T00:00:00,True,True,,,,,,False,-1,,False,,,,,,[],,[],[]
6579,28 Modena Island Drive,11212007_102229AM,115194.564,-291658.716,True,28 Modena Island Drive,,,Savannah,,"Lot 49a, 6th GMD",-2.0,270,28,41.0,14,False,,False,,0.09655,2017-01-14T00:00:00,1900-01-01T00:00:00,True,True,,,,,,True,30,2022-09-26T15:10:31.77,False,,,,,,[],,[],[]
6781,2862 Fort McAllister Road,06032008_105048AM,114791.724,-292387.32,True,2862 Fort McAllister Road,,,Richmond Hill,,,-2.0,227,18,-2.0,14,False,,False,,0.02066,2014-03-03T00:00:00,1900-01-01T00:00:00,True,True,,,,,,False,-1,,False,,,,,,[],,[],[]
2210,302 Herb River Drive,01301998_120100AM,115216.3332,-291755.772,True,302 Herb River Drive,Horse Hammock,,,,,-2.0,127,28,-2.0,3,False,,False,,0.26651,2016-05-21T00:00:00,1900-01-01T00:00:00,True,True,,,,,,False,-1,,False,,,,,,[],,[],[]
8088,"319 W 47th Street, LLC",04112013_102605AM,112376.556,-292768.236,True,319 W 47th Street,319 W Forty Seventh Street,,,,Lot 33 Block 96,421.0,309,66,53.0,3,False,,False,,0.57535,2025-07-17T00:00:00,1900-01-01T00:00:00,True,True,,,,,,False,-1,,False,,,,,,[],,[],[]
346,420 Walthour Road,09191979_120700AM,115257.816,-291458.556,True,420 Walthour Road,,,,,Lot A,326.0,22,28,67.0,3,False,,False,,0.03094,2012-01-01T00:00:00,1900-01-01T00:00:00,True,True,,,,,,False,-1,,False,,,,,,[],,[],[]
302,4434 Bryan Fishermans Co-Op Road,05101977_120200AM,114546.456,-292280.652,True,4434 Bryan Fishermans Co-Op Road,,076 001,,,"Tracts 1-4, Parcel A-D",-2.0,176,18,-2.0,3,False,,False,,1.76194,2028-07-28T00:00:00,2017-01-16T00:00:00,False,True,,,,,,False,-1,,False,,,,,,[],,[],[]
1010,5 Alley #3,07111991_120100AM,115176.78,-291073.392,True,5 Alley #3,,,Tybee Island,CMP#779,"13A & 13B, Alley 3",-2.0,10,28,63.0,14,False,,False,,0.02071,2025-08-13T00:00:00,1900-01-01T00:00:00,True,True,,,,,,False,-1,,False,,,,,,[],,[],[]
304,5 Brewster Street,07121977_120000AM,115135.704,-292255.812,True,5 Brewster Street,,,,08051974_120100AM,Lot 17,552.0,114,28,-2.0,14,False,,False,,0.00399,2012-01-01T00:00:00,1900-01-01T00:00:00,True,True,,,,,,False,-1,,False,,,,,,[],,[],[]
3581,503 7th Street,10232000_120000AM,115221.672,-291052.908,True,503 7th Street,,,Tybee,04022012_021523PM & 12071994_120000AM,Lots 181 & 182 Miller & 5th Avenue,-2.0,8,28,63.0,13,False,,False,,0.0055,2012-01-01T00:00:00,1900-01-01T00:00:00,True,True,,,,,,False,-1,,False,,,,,,[],,[],[]
9801,503 Herb River Drive,08022016_024223PM,115236.288,-291744.216,True,503 Herb River Drive,,1-0223-03-006,Savannah,,Lot 35 & Port. Of Lot 36 Gnann 6th GMD,161.0,127,28,19.0,6,False,,False,,0.01253,2023-03-26T00:00:00,1900-01-01T00:00:00,True,True,,,,,,False,-1,,False,,,,,,[],,[],[]
2073,"509 Foundation Drive (Colonial Terminal Expansion, GA Kaolin Terminal)",08141997_120100AM,115604.1936,-292054.1904,True,509 Foundation Drive,River Mile 17.2,10606 01002 ,,,Part of Foundation Brampton & Retreat Tracts,-2.0,260,28,-2.0,14,False,,False,,4.15839,2028-05-19T00:00:00,1900-01-01T00:00:00,False,True,,,,,,False,-1,,False,,,,,,[],,[],[]
95,5706 LaRoche Avenue,08091972_120000AM,115235.316,-291834.0,True,5706 LaRoche Avenue,,,,,Lot 1,42.0,149,28,-2.0,14,False,,False,,0.03264,2012-01-01T00:00:00,1900-01-01T00:00:00,True,True,,,,,,False,-1,,False,,,,,,[],,[],[]
3248,59 Falligant Avenue,02022000_120000AM,115348.14,-291505.644,True,59 Falligant Avenue,"Screven, N. Wilmington",1-0052-01-017,Savannah,,Eastern Portion Orf Lot 16,574.0,41,28,61.0,14,False,,False,,0.04522,2023-09-12T00:00:00,1900-01-01T00:00:00,True,True,,,,,,False,-1,,False,,,,,,[],,[],[]
1896,6 Morningside Drive Sampsons Point  Community Dock,08221996_120000AM,115262.568,-291439.872,True,6 Morningside Drive,,,Wilmington,10212004_120000AM,"Parcel 1 & 2, Lot F",296.0,22,28,67.0,3,False,,False,,0.21641,2012-01-01T00:00:00,1900-01-01T00:00:00,True,True,,,,,,False,-1,,False,,,,,,[],,[],[]
4588,609 Youmans Road,03252003_030942PM,114192.66492,-292449.0564,True,609 Youmans Road,Woods/Osteen Holdings (Spartina Landing) Community,,Hinesville,,"Lots 8 & 9, 1359th GMD",571.0,194,92,-2.0,3,False,,False,,0.16805,2012-01-01T00:00:00,1900-01-01T00:00:00,True,True,,,,,,False,-1,,False,,,,,,[],,[],[]
322,618 Herb River Drive,04091979_120100AM,115245.684,-291723.156,True,618 Herb River Drive,,,Savannah,,Lot 41 Phase III,161.0,149,28,19.0,14,False,,False,,0.05741,2018-02-17T00:00:00,1900-01-01T00:00:00,True,True,,,,,,False,-1,,False,,,,,,[],,[],[]
678,"701 13th LLC (Teston, Elsby)",04151988_120000AM,115193.304,-291071.808,True,358A And 359A Venetian Drive,1306 Venetian Drive,40011 09021,Tybee Island,,358A & 359A,-2.0,159,28,63.0,7,False,,True,,0.08375,2028-12-15T00:00:00,1900-01-01T00:00:00,False,True,,,,,,False,-1,,False,,,,,,[],,[],[]
4837,803 Jones Avenue,11252003_084526AM,115215.084,-291051.684,True,803 Jones Avenue,,4-0005 -24-002,Tybee,,,-2.0,159,28,63.0,3,False,,False,,0.03444,2014-03-15T00:00:00,1900-01-01T00:00:00,True,True,,,,,,False,-1,,False,,,,,,[],,[],[]
6120,89 & 101 Herb River Drive,11092006_115114AM,115188.3,-291783.708,True,89 & 101 Herb River Drive,,Lot 6 & 7,Savannah,05022007_123500PM AND 09232013_091742AM,"5A, 6th GMD, Phase II",170.0,149,28,26.0,14,False,,False,,0.33466,2012-11-30T00:00:00,1900-01-01T00:00:00,True,True,,,,,,False,-1,,False,,,,,,[],,[],[]
308,9 Brewster Street,10201977_120100AM,115133.832,-292257.144,True,9 Brewster Street,"6th GMD ?/ PO BX 61678 SAV, GA 31419 & 1137 Mowhaw",20860A02011 ,Savannah,,"Lots A & B , Windward Division 19",552.0,114,28,-2.0,14,False,,False,,0.02753,2022-03-06T00:00:00,1900-01-01T00:00:00,True,True,,,,,,False,-1,,False,,,,,,[],,[],[]
22,9401 Whitefield Avenue,12011971_120000AM,115076.16,-291975.804,True,9401 Whitefield Avenue,Mailing: 628 & 630 Whitefield Avenue; Youngs/Zirkl,,,SEE ALSO 07241972_120000AM,"Lots 1-4, G. Schwarz Land",-2.0,147,28,-2.0,3,False,,False,,0.33173,2012-01-01T00:00:00,1900-01-01T00:00:00,True,True,,,,,,False,-1,,False,,,,,,[],,[],[]
694,"A-J's Marina (Tybee Marina, Marlin Marina)",05191988_120200AM,115190.50017,-291079.47049,True,1315 Chatham Street,,4-0011-09-010,Tybee,,"Lots 48 & 49 - N Part Lot 49, 5th GMD, Ward 6",-2.0,303,28,63.0,3,False,,False,,0.266,2019-08-21T00:00:00,2029-03-01T00:00:00,True,False,,,,,,False,-1,,False,,,,,,[],,[],[]
6589,Ali,12032007_113800AM,115197.732,-291596.184,True,818 Wilmington Island Road,,10108 01005,Savannah,,"Lots 53, 54 & 55",-2.0,320,28,67.0,14,False,,False,,0.03954,2031-02-18T00:00:00,1900-01-01T00:00:00,False,True,,,,,,False,-1,,False,,,,,,[],,[],[]
10368,ALL Belvedere Island POA 4-Family Docks,05262017_035144PM,113928.66,-292687.128,True,"Belvedere Island Dock A, Dock B, Dock C,","Dock D, Dock E, Dock G, Dock H, Dock I, Dock J",,,,"Lot 2, Lot 3, Lot 4, Lot 5, Lot 6, Lot 7, Lot 8, Lot 9, Lot 10, Lot 11, Lot 12, Lot 13, Lot 14, Lot 15, Lot 16, Lot 17, Lot 18, Lot 19, Lot 20, Lot 21, Lot 87, Lot 96, Lot 97, Lot 98, Lot 99, Lot 100, Lot 101, Lot 102, Lot 103, Lot 104, Lot 105, Lot 106, Lot 107, Lot 108, Lot 109, Lot 110",31.0,275,101,6.0,14,False,,False,,0.05353,2025-01-24T00:00:00,1900-01-01T00:00:00,True,True,,,,,,False,-1,,False,,,,,,[],,[],[]
11913,ALSL Enterprises LP,04302021_115105AM,114892.632,-291881.016,True,Netherclift Way Causeway,105 Netherclift Way,,Savannah,04302021_113014AM,,449.0,89,28,56.0,5,False,,False,,0.01263,2029-04-24T00:00:00,1900-01-01T00:00:00,False,True,,,,,,False,-1,,False,,,,,,[],,[],[]
2053,Altamaha Wildlife Management Area Dikes,07161997_120200PM,112820.99976,-293023.188,True,,"Rhetts, Butler & Champney Islands",,,,,-2.0,4,101,-2.0,14,False,,False,,6.55632,2030-12-19T00:00:00,1900-01-01T00:00:00,False,True,,,,,,False,-1,,False,,,,,,[],,[],[]
463,Andrews Island DMCA Causeway & Mitigation Areas,09131983_120500AM,112148.316,-293411.628,True,,Homer Wilson Blvd. & P Street Extension,,,,,-2.0,2,66,3.0,3,False,,False,,5.41414,2012-01-01T00:00:00,1900-01-01T00:00:00,True,True,,,,,,False,-1,,False,,,,,,[],,[],[]
6156,Ardmore & Gay (Bacon & Powers) - Part Of Old Tybee Marina /Marlin Marina,12272006_034319PM,115189.488,-291077.7048,True,1317 & 1319 Chatham Avenue,,40011 09010A,Tybee,,"Lot 48 & 49 (Lot A & B), Ward 6",-2.0,10,28,63.0,14,False,,False,,0.06001,2012-06-04T00:00:00,1900-01-01T00:00:00,True,True,,,,,,False,-1,,False,,,,,,[],,[],[]
5839,Ashley Road at Wilmington Island Road Outfall Jd,05042006_012212PM,115182.684,-291589.02,True,Canal ROW adjacent to 1001 Wilmington Island Road,Between 930 And 1002 Wilmington Island Road,,,,,-2.0,320,28,67.0,14,False,,False,,0.0,1900-01-01T00:00:00,1900-01-01T00:00:00,True,True,,,,,,False,-1,,False,,,,,,[],,[],[]
6349,"Atlantic Point Subdivision HOA, Inc. (Atlantic Point S/d)",05232007_120000AM,112282.1748,-292995.1332,True,10 - 15 Atlantic Point Drive,,,,,"Lots 1, 2, 6 & 7, 25th GMD",160.0,97,66,59.0,3,False,,False,,0.19876,2018-02-13T00:00:00,1900-01-01T00:00:00,True,True,,,,,,False,-1,,False,,,,,,[],,[],[]
11729,"BABYCATWO, LLC",12062020_065043PM,112273.308,-292847.256,True,265 West Ninth Street,,05-00491,,,"Lot 17, Block 26,",420.0,309,66,53.0,7,False,,False,,0.02975,2025-09-28T00:00:00,1900-01-01T00:00:00,True,True,,,,,,False,-1,,False,,,,,,[],,[],[]
6941,Back River/14th Street Drainage Improvements,12112008_124500PM,115191.0,-291075.84,True,,14th St. & Chatham Ave.,,Tybee,,,-2.0,10,28,63.0,14,False,,False,,0.00145,2012-07-26T00:00:00,1900-01-01T00:00:00,True,True,,,,,,False,-1,,False,,,,,,[],,[],[]
5722,Banks (Hostetter),01102006_104130AM,113685.912,-292462.884,True,Lot 4 & 5 Barbour Island,,,,,4/5,14.0,12,101,4.0,14,False,,False,,0.13081,2017-01-24T00:00:00,1900-01-01T00:00:00,True,True,,,,,,False,-1,,False,,,,,,[],,[],[]
5199,Barber,08262004_120100PM,111131.424,-293703.948,True,3745 Crooked River Drive,100 River Oak Street (mailing),,,,"Lot 14, Block 3, 31st GMD",190.0,75,23,-2.0,14,False,,False,,0.01405,2012-01-01T00:00:00,1900-01-01T00:00:00,True,True,,,,,,False,-1,,False,,,,,,[],,[],[]
5972,Barbour Point,08232006_120000AM,115291.2204,-292342.0932,True,703 Derrick Inn Road,,,,,"Lots 140 (A), 141 (B), 7th GMD, Saranac Farm Lots",-2.0,256,28,-2.0,3,False,,False,,0.08815,2012-01-01T00:00:00,1900-01-01T00:00:00,True,True,,,,,,False,30,2017-02-16T10:25:21.84,False,,,,,,[],,[],[]
1072,Barbour River Club Dock,01031992_120000AM,113831.76996,-292548.30984,True,1636 Goulds Landing Road NE,,0082E 0045,Townsend,,GOULD'S LANDING PH II TRACT II,-2.0,12,101,-2.0,14,False,,False,,0.12764,2031-02-25T00:00:00,1900-01-01T00:00:00,False,True,,,,,,False,-1,,False,,,,,,[],,[],[]
1552,Barker,09261994_120000AM,110617.38,-293628.996,True,900 W Conyers Street,End Of Dilworth,136 009,St. Marys,,Dilworth Street,-2.0,32,23,-2.0,3,False,,False,,0.02071,2012-01-01T00:00:00,1900-01-01T00:00:00,True,True,,,,,,False,-1,,False,,,,,,[],,[],[]
3524,Barrow Clam Dock,08222000_120100AM,113524.02,-292922.316,True,,Pelican Point Road,,,,"Lots 7 & 8, Block J",29.0,253,101,-2.0,1,False,,False,,0.0392,2012-01-01T00:00:00,1900-01-01T00:00:00,True,True,,,,,,False,-1,,False,,,,,,[],,[],[]
1312,"Battery Point (Ocean Inlet Court, Battery Row)",05251993_120000AM,115258.32,-291146.76,True,,Hwy 80 & E End Lazaretto Creek,,,12292004_1045,"Lots 1-24, Harr Tract, Haar Tract West",-2.0,190,28,-2.0,3,False,,False,,0.2498,2019-02-21T00:00:00,1900-01-01T00:00:00,True,True,,,,,,False,-1,,False,,,,,,[],,[],[]
8509,Baumann (Arras),11062013_090710AM,111864.924,-294154.596,True,2310 Horse Stamp Church Road,,074 020,Waverly,,,-2.0,314,23,-2.0,3,False,,False,,10.40457,2031-02-12T00:00:00,1900-01-01T00:00:00,False,True,,,,,,False,-1,,False,,,,,,[],,[],[]
6065,Bayou Oaks JD & Community Dock,10132006_031424PM,112142.19996,-293634.0972,True,,Bayou Oaks,,Brunswick,,"Lot 44, Fenton Estates Tract",143.0,273,66,-2.0,14,False,,False,,0.09782,2014-04-29T00:00:00,1900-01-01T00:00:00,True,True,,,,,07/22/2011 - nothing constructed,False,-1,,False,,,,,,[],,[],[]
5969,"BB Yacht Club (Bona Bella Marina, Bragg, Rhangos)",08212006_120000AM,115248.9204,-291812.6484,True,2740 Livingston Avenue,,1-0295-01-019,,,Bonna Bella Phase II,-2.0,70,28,-2.0,3,False,,False,,0.7685,2014-03-03T00:00:00,2009-02-28T00:00:00,True,True,,,,,,False,-1,,False,,,,,,[],,[],[]
8,Belfast Estates,09101971_120000AM,114562.044,-292684.032,True,E Old Mill Road @ Belfast River Road,COMMON AREA LOT&DOCK FCILITIES PH2,0571 167 CA1,,,Btwn Lots 23 And 1,25.0,18,18,-2.0,14,False,,False,,0.14513,2012-01-01T00:00:00,1900-01-01T00:00:00,True,True,,,,,,False,-1,,False,,,,,,[],,[],[]
7303,Belle Point Subdisivion Drainage Ditch,07142010_014901PM,112401.5976,-293255.0388,True,,Belle Point,,,,,27.0,155,66,-2.0,3,False,,False,,0.00241,2021-03-10T00:00:00,1900-01-01T00:00:00,True,True,,,,,,False,-1,,False,,,,,,[],,[],[]
3264,Belleville (Bellville) Public Boatramp,02222000_120100PM,113512.68,-292890.9276,True,,County Road #127/Susan Baker Drive,,Belleville,,,-2.0,258,101,-2.0,14,False,,False,,0.20859,2013-05-12T00:00:00,1900-01-01T00:00:00,True,True,,,,,,False,-1,,False,,,,,,[],,[],[]
10430,Belvedere Island 4-Family Dock D,07172017_042348PM,113928.48,-292668.012,True,Fairhope Drive,Fourth Dock To The East From The Community Dock,,Townsend,05262017_035144PM,"Lot 14, Lot 15, Lot 16, Lot 17",31.0,275,101,6.0,14,False,,False,,0.0,2009-01-24T00:00:00,1900-01-01T00:00:00,True,True,,,,,,False,-1,,False,,,,,,[],,[],[]
5184,Belvedere Island 4-Family Dock E,08132004_081830AM,113928.084,-292662.576,True,Fairhope Drive,Fifth Dock To The East From The Community Dock,,Townsend,05262017_035144PM,"Lots 18, Lot 19, Lot 20, Lot 21",31.0,275,101,6.0,14,True,,False,,0.15005,2012-01-01T00:00:00,1900-01-01T00:00:00,True,True,,,,,,False,-1,,False,,,,,,[],,[],[]
1308,Belvedere Island 4-family Dock G,05241993_120000AM,113940.612,-292705.848,True,Riverpoint Lane,Fourth Dock To The West Of The Community Dock,,Townsend,05262017_035144PM,"Lot 107, Lot 108, Lot 109, Lot 110",31.0,275,101,6.0,14,True,,False,,0.00826,2012-01-01T00:00:00,1900-01-01T00:00:00,True,True,,,,,,False,-1,,False,,,,,,[],,[],[]
3626,Belvedere Island 4-family Dock H,12072000_120000AM,113939.46,-292702.68,True,Riverpoint Lane,Third Dock To The West From The Community Dock,,Townsend,05262017_035144PM,"Lot 103, Lot 104, Lot 105, Lot 106",31.0,275,101,6.0,14,True,,False,,0.16657,2012-01-01T00:00:00,1900-01-01T00:00:00,True,True,,,,,,False,-1,,False,,,,,,[],,[],[]
1311,Belvedere Island 4-family Dock I,05241993_120100PM,113938.3836,-292697.0244,True,Riverpoint Lane,Second Dock To The West Of The Community Dock,,Townsend,05262017_035144PM,"Lot 99, Lot 100, Lot 101, Lot 102",31.0,275,101,6.0,14,True,,False,,0.19529,2019-06-28T00:00:00,1900-01-01T00:00:00,True,True,,,,,,False,-1,,False,,,,,,[],,[],[]
4913,Belvedere Island Main Community Dock (Dock F),02062004_101354AM,113935.896,-292685.508,True,Clubhouse Loop NE,,,Townsend,06271988_120000AM,,31.0,275,101,6.0,14,True,,False,,0.24106,2014-10-01T00:00:00,1900-01-01T00:00:00,True,True,,,,,,False,-1,,False,,,,,,[],,[],[]
708,Belvedere Island Plantation Main Community Dock (Dock F),06271988_120000AM,113934.744,-292686.156,True,10 Clubhouse Drive,Community Recreation Area,,Townsend,02062004_101354AM,,31.0,275,101,6.0,14,True,,False,,0.3523,2017-04-14T00:00:00,2032-06-30T00:00:00,True,False,,,,,,False,-1,,False,,,,,,[],,[],[]
478,Berrie (Lewis) Causeway To Hammock,03131984_120100AM,111860.4348,-293661.9,True,4457 DOVER BLUFF RD,Private Hammock,,,,,-2.0,201,23,-2.0,3,False,,False,,0.25076,2012-01-01T00:00:00,1900-01-01T00:00:00,True,True,,,,,,False,-1,,False,,,,,,[],,[],[]
13433,Bethesda Home for Boys,07282025_124158PM,115052.184,-291928.2264,True,9520 Ferguson Avenue,,10444 01001,Savannah,,,,213,28,,18,False,,False,,0.0,1900-01-01T00:00:00,1900-01-01T00:00:00,True,True,,,,,,False,-1,,False,,,,,,[],,[],[]
4663,Bigham (Searcy),06092003_113310AM,113156.928,-292974.876,True,1231 Mission Drive,Mission Dr. 3 Lots S Of 1309,00641 0023,,06092003_112230AM,"Lot 23 Phase II, Thicket",509.0,163,101,62.0,3,False,,False,,0.02047,2012-01-01T00:00:00,1900-01-01T00:00:00,True,True,,,,,,False,-1,,False,,,,,,[],,[],[]
3070,"Black (The Cove, Sterling Woods)",06161999_120000AM,114898.536,-292561.38,True,62 Windover Lane,Off Hwy 144,060 004,,,Lots 40-44,488.0,283,18,-2.0,3,False,,False,,0.12934,2012-01-01T00:00:00,1900-01-01T00:00:00,True,True,,,,,,False,-1,,False,,,,,,[],,[],[]
158,Black Island Community Dock & Causeway,12131973_120000AM,112979.7,-293030.1,True,,North End,,,,,-2.0,27,101,8.0,3,False,,False,,0.31286,2012-01-01T00:00:00,1900-01-01T00:00:00,True,True,,,,,,False,-1,,False,,,,,,[],,[],[]
373,Blue 'N' Hall/McIntosh Rod & Gun Club Public Ramp,06271980_120400AM,113061.204,-293012.1,True,,Blue 'N Hall Road Between Ridgeville & Union Islan,,,,,-2.0,220,101,-2.0,14,False,,False,,0.63241,2012-01-01T00:00:00,2029-02-28T00:00:00,True,False,,,,,,False,-1,,False,,,,,,[],,[],[]
6173,Blue Heron Bluff Of Hidden Harbor,01102007_120100PM,115427.484,-291723.804,True,,HWY 80 & Woodhull Rd,,Savannah,,"23, Phase 2 & Unnumbered Parcel, 5th GMD",94.0,225,28,-2.0,5,False,,False,,0.03005,2014-06-15T00:00:00,1900-01-01T00:00:00,True,True,,,,,,False,-1,,False,,,,,,[],,[],[]
494,"Blue Moon Marinas, LLC.",11091984_120000AM,115297.56,-291778.632,True,3110 River Drive,FKA Ambos Marine Shrimp Boat Docks S Of Condos; Th,30006 15003,,09211995_120100PM,Part of 10 Acre Tract 284 Ft Water Frontage,-2.0,320,28,-2.0,14,False,,False,,0.92171,2030-03-07T00:00:00,2009-02-28T00:00:00,False,True,,,,,,False,-1,,False,,,,,,[],,[],[]
3598,Bluff Creek Community Dock,11092000_120000AM,114204.96,-292448.34,True,,Lot 13 Bluff Creek Drive,,,,,40.0,194,92,-2.0,3,False,,False,,0.05592,2012-01-01T00:00:00,1900-01-01T00:00:00,True,True,,,,,,False,-1,,False,,,,,,[],,[],[]
6704,"Bluffside Development Or Bluffside At Country Club Creek Home Owners Association, Inc.",03122008_115500PM,115262.46,-291818.556,True,100 Bluffside Drive,5150 Jasmine Ave (previously),10294 03027,Savannah,,All Common Areas Including Dock,600.0,70,28,-2.0,3,False,,False,,0.06056,2023-08-21T00:00:00,1900-01-01T00:00:00,True,True,,,,,,False,-1,,False,,,,,,[],,[],[]
419,Blythe Island Park,03091982_120100AM,112147.2,-293569.2,True,,Blythe Island Park,,Brunswick,01022003_031340,976.193 Acres The Reservation,-2.0,273,66,10.0,14,False,,False,,0.14722,2026-02-07T00:00:00,2029-02-28T00:00:00,True,False,,,,,,False,-1,,False,,,,,,[],,[],[]
6383,Bootsma (Kutchey),06122007_120500PM,115319.556,-291777.48,True,2702 & 2704 River Drive,"Kutchey Tract, River Drive",,Thunderbolt,05292015_104031AM,PORTION OF PARCEL A OF THE KUTCHEY TRACT,377.0,320,28,-2.0,14,False,,False,,0.2913,2013-10-23T00:00:00,1900-01-01T00:00:00,True,True,,,,,,False,-1,,False,,,,,,[],,[],[]
13354,Borger & Meyer,05082025_015808PM,113260.788,-292884.768,True,Lot 7 & 8 Seabreeze ,,0063F 0013007,Darien,,,,86,101,54.0,3,False,,False,,0.0684,2030-10-30T00:00:00,1900-01-01T00:00:00,False,True,,,,,,False,-1,,False,,,,,,[],,[],[]
5935,Bougainvillea Bluff,07312006_120000AM,115130.556,-292052.664,True,11330 White Bluff Road,MJK,,Savannah,,"Lot 2  (5.98 Acres), Portion Exley Tract",-2.0,307,28,-2.0,14,False,,False,,0.01205,2013-09-05T00:00:00,1900-01-01T00:00:00,True,True,,,,,,False,-1,,False,,,,,,[],,[],[]
9658,Boy Scout Camp Tolochee,03212016_040153PM,112290.012,-293655.6,True,133 Ashley Marsh Drive,Little Blythe Island,03-07524,Brunswick,,,-2.0,273,66,-2.0,14,False,,False,,0.0556,2026-08-16T00:00:00,1900-01-01T00:00:00,True,True,,,,,,False,-1,,False,,,,,,[],,[],[]
2244,Bradley,03041998_120200AM,115229.52,-291778.596,True,6 Sylvan Island Road #A,"Sylvan Island, East Side",10270 01005Z,Savannah,10231972_120500PM,Lot D-1,-2.0,149,28,60.0,14,False,,False,,0.09754,2029-03-15T00:00:00,1900-01-01T00:00:00,False,True,,,,,,False,-1,,False,,,,,,[],,[],[]
9831,Bradley Point Sidewalk Project,08162016_100013AM,115288.272,-291634.704,True,Bradley Point Road,,,,,,44.0,299,28,66.0,6,False,,False,,0.02091,2022-06-20T00:00:00,1900-01-01T00:00:00,True,True,,,,,,False,-1,,False,,,,,,[],,[],[]
2357,Brannen,06261998_120200AM,111486.168,-294259.572,True,1050 W. 3rd Street,River Mile 26,,Woodbine,,Lot 28,-2.0,259,23,-2.0,14,False,,False,,0.02835,2012-01-01T00:00:00,1900-01-01T00:00:00,True,True,,,,,,False,-1,,False,,,,,,[],,[],[]
3409,Braswell Group Drydock Facility,05092000_120000AM,112043.808,-293346.288,True,,In Front Of Liberty Harbor,,Brunswick,,,-2.0,39,66,-2.0,14,False,,False,,3.34109,2012-01-01T00:00:00,1900-01-01T00:00:00,True,True,,,,,,False,-1,,False,,,,,,[],,[],[]
4015,"Bridge Pointe At Jekyll Sound Community Association (Lands East LLC, Rogers) B",01092002_120100AM,111831.228,-293592.312,True,Site B,Wards Way,"139B 111, 139B 110",Waverly,10192022_030246PM,Lot 111 & 110 Bridge Pointe,51.0,201,23,-2.0,3,False,,False,,0.15671,2031-02-25T00:00:00,1900-01-01T00:00:00,False,True,,,,,,False,-1,,False,,,,,,[],,[],[]
1368,Bridges,10151993_120000AM,115237.8,-291561.048,True,114 Palmetto Drive,,10090 02004,,,Lot 3A,528.0,301,28,-2.0,3,False,,False,,0.0288,2012-01-01T00:00:00,1900-01-01T00:00:00,True,True,,,,,,False,-1,,False,,,,,,[],,[],[]
873,Broadlick And Pilcher (Lancaster),03261990_120000AM,113788.764,-292673.088,True,1034 Heron Place Northeast,Lot 74 Springfield Plantation,,Townsend,,74,462.0,174,101,-2.0,14,False,,False,,0.11016,2030-03-07T00:00:00,1900-01-01T00:00:00,False,True,,,,,,False,-1,,False,,,,,,[],,[],[]
145,Brown,05081973_120000AM,114801.048,-292335.408,True,40 Grace Court,Fort McAllister,0672 004,Richmond Hill,,Lot 27,152.0,227,18,-2.0,14,False,,False,,2.0009,2012-01-01T00:00:00,1900-01-01T00:00:00,True,True,,,,,,False,-1,,False,,,,,,[],,[],[]
435,Brunswick Academy Creek Waste Water Treatment Plant,09141982_120700AM,112203.072,-293411.484,True,,R & T St. & Newcastle,,,,,-2.0,2,66,-2.0,3,False,,False,,2.70689,2025-12-12T00:00:00,1900-01-01T00:00:00,True,True,,,,,,False,-1,,False,,,,,,[],,[],[]
5,"Brunswick Cellulose (Koch Cellulose, Georgia Pacific, Brunswick Pulp & Paper)",07161971_120000AM,112207.5,-293474.988,True,1400 W. 9th Street,"River Mile 11.0, NW Portion Of City Of Brunswick,",,Brunswick,,Turtle River Dock Property,-2.0,302,66,-2.0,14,False,,False,,198.89826,2024-05-15T00:00:00,1900-01-01T00:00:00,True,True,,,,,,False,-1,,False,,,,,,[],,[],[]
2000,"Brunswick Foreign Trade Zone (Reicchi, Jered Brown Brothers, B&W, Gulf & East Tug & Barge, J&B)",04161997_120000AM,112043.232,-293338.224,True,100 Shipyard Drive,,,,04131993_120100AM,,-2.0,39,66,-2.0,14,False,,False,,0.17084,2012-01-01T00:00:00,1900-01-01T00:00:00,True,True,,,,,,False,-1,,False,,,,,,[],,[],[]
986,Brunswick Landing Marina: Approved Live-Aboard Marina,05141991_120100AM,112155.012,-293396.832,True,2429 Newcastle Street,Aiken Island,01-02721,Brunswick,01142016_013349PM,,-2.0,2,66,2.0,3,False,,False,,7.51669,2025-06-09T00:00:00,2029-02-28T00:00:00,True,False,,,,,,False,-1,,False,,,,,,[],,[],[]
9425,Buck Swamp Road Bridge Installation,08102015_094710AM,112094.244,-293881.212,True,Buck Swamp Rd/ Laurel Grove Creek,,,Brunswick,,27th,-2.0,187,66,-2.0,3,False,,False,,0.06492,2021-07-19T00:00:00,1900-01-01T00:00:00,True,True,,,,,,False,-1,,False,,,,,,[],,[],[]
8831,Budd,01242014_012440PM,112279.14,-292918.68,True,146 Shore Rush Drive,,04-00626,St. Simons Island,,"Lot 16, Block M",423.0,26,66,59.0,3,False,,False,,0.05165,2021-07-25T00:00:00,1900-01-01T00:00:00,True,True,,,,,,False,-1,,False,,,,,,[],,[],[]
1346,"Building Materials Manufacturing Corp (Georgia-Pacific Gypsum, GAF, National Gypsum, Gold Bond",09081993_120100AM,115615.008,-292066.308,True,2 Brampton Road,"River Mile 17.5, End Of Brampton Road",10621 01001,Garden City,,TCT Brampton & Old Foundation TCT,-2.0,260,28,-2.0,14,False,,False,,2.45349,2030-03-01T00:00:00,1900-01-01T00:00:00,False,True,,,,,,False,-1,,False,,,,,,[],,[],[]
658,Bull River Bluff Condo (Plantation Marina),03091988_120100AM,115319.988,-291443.976,True,,Bull River Bluff Drive,,,"09032003_041649PM, 07222008_100000AM",,-2.0,41,28,-2.0,14,False,,False,,0.75896,2012-01-01T00:00:00,1900-01-01T00:00:00,True,True,,,,,,False,-1,,False,,,,,,[],,[],[]
6832,Bull River Bluff Condo (Plantation Marina),07222008_100000AM,115316.028,-291456.558,True,,Bull River Bluff Drive,,Savannah,03091988_120100AM; 09032003_041649PM,0.07 Acre Leased By Phase 7,-2.0,41,28,67.0,14,False,,False,,0.40358,2016-12-16T00:00:00,1900-01-01T00:00:00,True,True,,,,,,False,-1,,False,,,,,,[],,[],[]
532,Bull River Marina: Approved Live-Aboard Marina,12171985_120200AM,115322.4,-291457.3176,True,8005 Old Tybee Road,,,Savannah,,"Lot 1-A, Marina Phase, 5th GMD",-2.0,41,28,67.0,14,False,,False,,3.46232,2024-10-18T00:00:00,2029-02-28T00:00:00,True,False,,,,,,False,-1,,False,,,,,,[],,[],[]
12528,Burger,12272022_041211PM,113135.364,-292984.956,True,Old Cane Mill Road,Adjacent To 1185 Old Cane Mill Road,0064K 0018,,01132021_030143PM,"Lot 18 And 19, Sugar Mill",585.0,77,101,62.0,3,False,,False,,0.0,1900-01-01T00:00:00,1900-01-01T00:00:00,True,True,,,,,,False,-1,,False,,,,,,[],,[],[]
5505,Burnside Island Yacht Club,04292005_085245AM,114934.788,-291950.928,True,,McAlpin Street,,Savannah,,,522.0,43,28,12.0,14,False,,False,,0.16768,2028-10-03T00:00:00,1900-01-01T00:00:00,False,True,,,,,,False,-1,,False,,,,,,[],,[],[]
2372,Burton 4H Center (UGA Marex),07151998_120000AM,115224.3,-291066.53976,True,9 Lewis Avenue,6th St. & Lewis Ave.,,,02222013_013626PM,,-2.0,159,28,-2.0,3,False,,False,,0.08823,2027-03-24T00:00:00,1900-01-01T00:00:00,False,True,,,,,,False,-1,,False,,,,,,[],,[],[]
12851,BWC (Georgia Ports Authority),11272023_114621AM,112070.664,-293357.52,True,501 Lanier Drive,Ditch Located At The NE Unused Gate,01-00183,Brunswick,,,-2.0,102,66,-2.0,8,False,,False,,0.02326,2030-06-06T00:00:00,1900-01-01T00:00:00,False,True,,,,,,False,-1,,False,,,,,,[],,[],[]
5000,Byers Street Crossover,04012004_120200PM,115277.22,-291095.28,True,,Byers Street At Bay Street,,,,,-2.0,8,28,63.0,13,False,,False,,0.09641,2013-12-18T00:00:00,1900-01-01T00:00:00,True,True,,,,,,False,-1,,False,,,,,,[],,[],[]
6739,"C & M Enterprises Of GA, LLC/Marshlick",04132008_120001PM,114869.484,-292558.356,True,190 Sallette Road,"3.84 Acres, 20th GMD",0601 089,Richmond Hill,,,-2.0,227,18,-2.0,14,False,,False,,0.14114,2012-01-01T00:00:00,1900-01-01T00:00:00,True,True,,,,,,False,-1,,False,,,,,,[],,[],[]
2173,Cabin Bluff To Grover Island Bridge,12091997_120100AM,111150.0,-293549.976,True,,Grover,,,,,-2.0,129,23,-2.0,3,False,,False,,0.0,2012-01-01T00:00:00,1900-01-01T00:00:00,True,True,,,,,,False,-1,,False,,,,,,[],,[],[]
6306,Camden County Spring Bluff Public Ramp & Dock,04262007_120000AM,112009.104,-293810.076,True,,Hwy 17 At Glynn/Camden County Line,,,,,-2.0,259,23,-2.0,14,False,,False,,0.10327,2013-07-01T00:00:00,1900-01-01T00:00:00,True,True,,,,,,False,-1,,False,,,,,,[],,[],[]
9294,Camp Glynn,04012015_032848PM,112355.388,-293642.064,True,1800 Blythe Island RD,,03-07467,Brunswick,,,-2.0,152,66,10.0,3,False,,False,,0.5649,2030-11-14T00:00:00,1900-01-01T00:00:00,False,True,,,,,,False,-1,,False,,,,,,[],,[],[]
6772,Cannons Point (Taylors Fish Camp),05212008_032129PM,112537.1061,-292825.28685,True,1900 Lawrence Road,,,St. Simons,09072006_120000AM,,-2.0,139,66,59.0,18,False,,False,,0.2031,2021-12-31T00:00:00,2009-02-28T00:00:00,True,True,,,,,,False,-1,,False,,,,,,[],,[],[]
350,Capstar Radio Operating (Rentavision Of Brunswick) Radio Antenna,11191979_120000AM,112183.02,-293307.192,True,20 Warde Street,Wade Street & Torras Causeway,01-03326,Brunswick,,,-2.0,291,66,-2.0,6,False,,False,,0.51653,2012-01-01T00:00:00,1900-01-01T00:00:00,True,True,,,,,,False,-1,,False,,,,,,[],,[],[]
10089,Carson,01052017_025642PM,114971.652,-291931.884,True,6 Moon River Drive,,10449 01004,Savannah,,Lots 3 & 4,-2.0,213,28,12.0,14,False,,False,,0.07727,2030-05-20T00:00:00,1900-01-01T00:00:00,False,True,,,,,,False,-1,,False,,,,,,[],,[],[]
357,Carter (Burch Marina),02181980_120600AM,112290.408,-293575.644,True,212 Beach Street,,,,,,-2.0,302,66,10.0,14,False,,False,,0.53719,2012-01-01T00:00:00,1900-01-01T00:00:00,True,True,,,,,,False,-1,,False,,,,,,[],,[],[]
4441,Casey (Flanders),11142002_120000AM,114377.184,-292347.756,True,379 Bluff Drive,,,Richmond Hill,08251971_120000AM & 06272007_120500PM,"Lot 16A, 20th GMD",254.0,192,18,-2.0,3,False,,False,,0.03232,2010-09-12T00:00:00,1900-01-01T00:00:00,True,True,,,,,,False,-1,,False,,,,,,[],,[],[]
4589,Casino (Ratchford),03252003_031727PM,113906.16,-292808.052,True,1140 Baker Island Way,"River View Court, 3.01 Acre Hammock",0069 0004001,Townsend,,,510.0,11,101,-2.0,3,False,,False,,0.093,2025-11-07T00:00:00,1900-01-01T00:00:00,True,True,,,,,,False,-1,,False,,,,,,[],,[],[]
5774,Cathead Landing,03022006_120000AM,112973.9976,-293184.0,True,1219 New River Road,7.75 Acres,025-00-017-00,Darien,,,73.0,55,101,-2.0,3,True,,False,,0.06097,2013-05-15T00:00:00,2036-01-31T00:00:00,True,False,,,,,,False,-1,,False,,,,,,[],,[],[]
13466,Cattle Hammock Fishing Pier,08202025_082604AM,114106.842,-292629.0204,True,Cattle Hammock Road,,340D 103,Midway,,"Lot 4, 5, 6, ptn 7, ptn 40",167.0,222,92,13.0,14,False,,False,,0.0,1900-01-01T00:00:00,1900-01-01T00:00:00,True,True,,,,,,False,-1,,False,,,,,,[],,[],[]
452,Causton Bluff Plantation Marina,04041983_120700AM,115442.694,-291693.2724,True,Causton Bluff Plantation Marina,Causton Harbor Drive,,,,Phase II,76.0,320,28,-2.0,14,False,,False,,7.32873,2025-11-20T00:00:00,1900-01-01T00:00:00,True,True,,,,,,False,-1,,False,,,,,,[],,[],[]
6814,Cay Creek Wetlands Interpretive Center ATF Crabbing Dock,06302008_120000PM,114411.564,-293047.776,True,,LYONS ROAD,,Midway,,"Tract 1 = 251 A, 2 = 220 A, 3 =  8 A, 1359th GMD",-2.0,57,92,-2.0,3,False,,False,,0.03773,2014-03-03T00:00:00,1900-01-01T00:00:00,True,True,,,,,,False,-1,,False,,,,,,[],,[],[]
6982,Cedar Bluff LLC,03062009_024405PM,111786.4044,-293540.76,True,,GA Episcopal Center Rd,139 053,,,,-2.0,156,23,-2.0,3,False,,False,,0.03427,2021-10-25T00:00:00,1900-01-01T00:00:00,True,True,,,,,,False,-1,,False,,,,,,[],,[],[]
1847,"Cedar Point Community Dock (Clark, Ralph Hendrix Et. Al)",06071996_120000AM,114102.216,-292633.128,True,544 Cattle Hammock,Colonels Island,,Midway,04222010_101834AM,,79.0,222,92,15.0,14,False,,False,,0.39369,2012-01-01T00:00:00,1900-01-01T00:00:00,True,True,,,,,,False,-1,,False,,,,,,[],,[],[]
13780,Ceylon WMA,04162026_114003AM,111398.076,-294014.232,True,Ceylon Road,,,Woodbine,,,,259,23,,14,False,,False,,0.0,1900-01-01T00:00:00,1900-01-01T00:00:00,True,True,,,,,,False,-1,,False,,,,,,[],,[],[]
12472,Chapel Crossing Road Drainage Improvements,10172022_093646AM,112431.708,-293254.236,True,Chapel Crossing And FLETC,,,,,,-2.0,230,66,-2.0,8,False,,False,,0.03053,2030-04-04T00:00:00,1900-01-01T00:00:00,False,True,,,,,,False,-1,,False,,,,,,[],,[],[]
5431,Chatham Co. Faye Drive Bridge Repair & Stabilization,02182005_120100PM,114942.1896,-291902.9184,True,,Faye Drive,,,,,-2.0,293,28,12.0,2,False,,False,,0.11934,2017-05-30T00:00:00,1900-01-01T00:00:00,True,True,,,,,,False,-1,,False,,,,,,[],,[],[]
11049,Chatham County Culvert & Tide Gate,01182019_012614PM,115146.72,-291769.596,True,McIntosh Drive Infrastructure,Barnett Drive Drainage Ditch,,Savannah,,,-2.0,111,28,26.0,3,False,,False,,0.0,2025-07-01T00:00:00,1900-01-01T00:00:00,True,True,,,,,,False,-1,,False,,,,,,[],,[],[]
5929,Chatham County Dundee Canal Tide Gate,07182006_120000AM,115581.6,-292106.16,True,,State Rt. 25 And Burnsed,,Port Wentworth,,,-2.0,98,28,-2.0,1,False,,False,,0.11998,2012-01-01T00:00:00,1900-01-01T00:00:00,True,True,,,,,,False,-1,,False,,,,,,[],,[],[]
5476,Chatham County Norwood Avenue Drainage Repairs,04012005_120200PM,115144.848,-291860.064,True,2301 Norwood Avenue,,,Savannah,,Mulitiple Parcels 5th GMD,-2.0,230,28,-2.0,-2,False,,False,,0.20087,2022-04-28T00:00:00,1900-01-01T00:00:00,True,True,,,,,,False,-1,,False,,,,,,[],,[],[]
5831,Chatham County Skidaway Road ROW,04212006_120000AM,115131.6,-291849.48,True,,"Skidaway Road, County ROW, 5th Or 6th GMD",,Savannah,,,-2.0,149,28,56.0,14,False,,False,,0.09954,2014-12-18T00:00:00,1900-01-01T00:00:00,True,True,,,,,,False,-1,,False,,,,,,[],,[],[]
7019,Chatham County SR307 Widening,05112009_120000AM,115345.08,-292351.572,True,,Hwy 17 To I-95 At SR307 & Silk Hope Road,"6099004011, 60990040",Garden City,05042011_120000AM,,-2.0,142,28,-2.0,1,False,,False,,0.0,1900-01-01T00:00:00,1900-01-01T00:00:00,True,True,,,,,,False,-1,,False,,,,,,[],,[],[]
4272,Cherry Laurel Community Dock,08202002_110459AM,113696.388,-292713.9984,True,1237 Cherry Laurel Drive NE,"Between Lots 8 & 9, 22nd GMD",,Townsend,,,82.0,174,101,-2.0,14,True,,False,,0.23657,2015-11-22T00:00:00,1900-01-01T00:00:00,True,True,,,,,,False,-1,,False,,,,,,[],,[],[]
6688,Chevis Canal At Hodges Airpark,03082008_120000AM,115143.1704,-292480.938,True,,Hodges Airpark Near Hinesville Road,,Savannah,,"Phase C, 7th GMD",328.0,62,28,-2.0,1,False,,False,,0.05,2013-10-09T00:00:00,1900-01-01T00:00:00,True,True,,,,,,False,30,2015-10-20T09:22:06.21,False,,,,,,[],,[],[]
10190,City Of Brunswick,02092017_125621PM,112107.708,-293331.42,True,Over Tidal Ditch Between The School And Bon Aire A,"Adjacent To Bon Air Avenue, Glynn Middle School Pe",,Brunswick,,,-2.0,230,66,-2.0,8,False,,False,,0.00297,2023-09-18T00:00:00,1900-01-01T00:00:00,True,True,,,,,,False,-1,,False,,,,,,[],,[],[]
11625,City Of Brunswick Drainage Improvements,08202020_021447PM,112278.276,-293304.276,True,Adjacent To Spur 25 And Mill Creek,Multiple Locations Within COB Limits,,Brunswick,,,-2.0,218,66,-2.0,12,False,,False,,0.49807,2030-03-07T00:00:00,1900-01-01T00:00:00,False,True,,,,,,False,-1,,False,,,,,,[],,[],[]
7576,City Of Brunswick Habersham Park Drainage,08022011_021954PM,112103.442,-293327.4348,True,,Lanier Blvd,,Brunswick,,"26th, GMD 90 Ft. Lanier Blvd. ROW 3rd & 4th Street",176.0,67,66,-2.0,3,False,,False,,0.05138,2019-12-07T00:00:00,1900-01-01T00:00:00,True,True,,,,,,False,-1,,False,,,,,,[],,[],[]
5449,City Of Savannah Riverwalk Extension,03092005_120000AM,115482.276,-291884.652,True,,Bay Street At President Street East Of Marriott,,Savannah,,,-2.0,260,28,-2.0,14,False,,False,,1.72138,2019-12-12T00:00:00,2031-08-31T00:00:00,True,False,,,,,,False,-1,,False,,,,,,[],,[],[]
3603,City Of Savannah Wilshire Canal Expansion,11132000_120000AM,115145.82,-292092.768,True,,Wilshire Blvd Btwn Del Mar Circle & White Bluff Rd,,Savannah,,,-2.0,321,28,-2.0,1,False,,False,,1.814,2012-01-01T00:00:00,1900-01-01T00:00:00,True,True,,,,,,False,-1,,False,,,,,,[],,[],[]
454,City Of St. Marys Pavillion At End Of Osborne St.,04041983_120500PM,110591.8992,-293575.1076,True,,Osborne St. E Of NPS Cumberland Property,,St. Marys,,,-2.0,280,23,-2.0,14,False,,False,,0.07495,2020-01-27T00:00:00,1900-01-01T00:00:00,True,True,,,,,,False,-1,,False,,,,,,[],,[],[]
8189,"City Of Tybee Island, Marsh Hen Trail",06262013_021123PM,115256.412,-291132.108,True,"Adjacent To Hwy 80, Tybee Island",,,,,,-2.0,260,28,63.0,14,False,,False,,0.43512,2024-07-29T00:00:00,1900-01-01T00:00:00,True,True,,,,,,False,-1,,False,,,,,,[],,[],[]
13670,Clark,01262026_115047AM,111979.044,-293815.404,True,353 Bluffs Landing,Lot 83 Berrie Bluffs,110010B,,,Lot 83,33.0,23,23,,3,False,,False,,0.01881,2029-08-18T00:00:00,1900-01-01T00:00:00,False,True,,,,,,False,-1,,False,,,,,,[],,[],[]
6393,Coffee Bluff Marina - Live Aboard Facility,06252007_120714PM,114971.292,-292154.7348,True,14915 Coffee Bluff Road,,,Savannah,,"Lot 10, 9, 6th GMD, Lee Ward",4.0,114,28,-2.0,14,False,,False,,0.32362,2024-02-26T00:00:00,2029-02-28T00:00:00,True,False,,,,,,False,-1,,False,,,,,,[],,[],[]
677,"Colonial Oil (Colonial Terminal, Enmark, Diamond Manufacturing) Plants 1 & 2",04141988_120200PM,115545.2796,-291991.9644,True,,"RM 17.5, 16.4 (Plant 2) &  15.8 (Plant 1)",,Hutchinson Island,10012002_015700,,-2.0,260,28,25.0,14,False,,False,,13.85233,2031-02-27T00:00:00,1900-01-01T00:00:00,False,True,,,,,,False,-1,,False,,,,,,[],,[],[]
12152,Colonial Oil Plant 2,11292021_082909AM,115566.444,-292020.012,True,373 North Lathrop Avenue,Plant 2,,,04141988_120200PM,,-2.0,260,28,-2.0,14,False,,False,,0.01905,2028-06-15T00:00:00,1900-01-01T00:00:00,False,True,,,,,,False,-1,,False,,,,,,[],,[],[]
226,Continental Heavy Civil Corps (Lewis Crab Factory),08061974_120100PM,112107.312,-293384.628,True,911 Bay Street,"829 Bay Street, 833 Bay Street, 901 Bay Street","01-01137, 01-07042,",Brunswick,01142016_013349PM,25th GMD Waterfront Lots 31-35,333.0,102,66,-2.0,14,False,,False,,1.30479,2025-08-13T00:00:00,1900-01-01T00:00:00,True,True,,,,,,False,-1,,False,,,,,,[],,[],[]
836,Cook,10111989_120000AM,114949.044,-291898.044,True,13 Hardee Drive,Recombined Lots 12 & 13.,10414 01020,Savannah,10061971_1200AM 03122008_1255PM 06241974_1207AM,Lot 13 Phase A,61.0,213,28,12.0,14,False,,False,,0.20709,2029-09-27T00:00:00,1900-01-01T00:00:00,False,True,,,,,,False,-1,,False,,,,,,[],,[],[]
7515,Cook (Everet),04202011_092904AM,112378.77972,-292765.2516,True,319 West 48th Street,Cottage 532,,Sea Island,03292000_120200AM,"Lot 3 Block 97, 25th GMD",419.0,309,66,53.0,3,False,,False,,0.12418,2015-12-07T00:00:00,1900-01-01T00:00:00,True,True,,,,,,False,-1,,False,,,,,,[],,[],[]
12687,Cooley,07032023_010254PM,113504.328,-292945.248,True,Sapelo Gardens,Head Drive,0061B 0029,,,Lot 4 Block D,404.0,28,101,-2.0,3,False,,False,,0.00152,2029-06-07T00:00:00,1900-01-01T00:00:00,False,True,,,,,,False,-1,,False,,,,,,[],,[],[]
303,Coopers Point (Amesbury Plantation) Community Dock,05101977_120200PM,113602.9176,-292860.5598,True,0 Coopers Point Drive NE,,0072F 0227001,Shellman Bluff,01262000_120100PM,3.53A COMMON AREA & CLUBHOUSE,93.0,316,101,-2.0,3,False,,False,,0.56616,2026-04-04T00:00:00,2032-01-31T00:00:00,True,False,,,,,,False,-1,,False,,,,,,[],,[],[]
4922,Cormorant LLC,02182004_120000AM,110642.22,-293614.02,True,809 Dilworth St,Nancy Drive,,St. Marys,,Old Gilman Hospital Tract,-2.0,32,23,-2.0,3,False,,False,,0.02411,2012-01-01T00:00:00,1900-01-01T00:00:00,True,True,,,,,,False,-1,,False,,,,,,[],,[],[]
6124,COTI Polk Street ROW & Leonard Driveway,11132006_015303PM,115263.1908,-291070.2816,True,COTI Polk Street ROW & Leonard Driveway,South Polk Street,,Tybee,,,-2.0,63,28,63.0,3,False,,False,,1e-05,2026-07-26T00:00:00,1900-01-01T00:00:00,True,True,,,,,,False,-1,,False,,,,,,[],,[],[]
3434,Cotton Hammock Dock (Williams),05262000_120100AM,115367.148,-291556.548,True,587041 Cotton Hammock,,,,,,-2.0,250,28,-2.0,7,False,,False,,0.05372,2013-12-02T00:00:00,1900-01-01T00:00:00,True,True,,,,,,False,-1,,False,,,,,,[],,[],[]
12437,Coty,09072022_105353AM,112089.672,-293596.092,True,103 Anglers Way,,,Brunswick,,Lot 2,-2.0,106,66,-2.0,3,False,,False,,0.04363,2029-11-15T00:00:00,1900-01-01T00:00:00,False,True,,,,,,False,-1,,False,,,,,,[],,[],[]
12468,"Coty (Fancy Bluff, LLC)",10112022_081405AM,112090.392,-293598.72,True,101 Anglers Way,Lot 1 Anglers Bluff,03-27433,Glynn,,Lot 1,-2.0,106,66,-2.0,3,False,,False,,0.04694,2029-11-15T00:00:00,1900-01-01T00:00:00,False,True,,,,,,False,-1,,False,,,,,,[],,[],[]
5140,Counihan Oyster Reef Project (Betz Creek),07132004_030347PM,115255.1988,-291475.6776,True,811 Betz Creek Road,,,Savannah,,,-2.0,22,28,-2.0,3,False,,False,,0.01102,2012-01-01T00:00:00,1900-01-01T00:00:00,True,True,,,,,,False,-1,,False,,,,,,[],,[],[]
2019,County South Newport River Public Ramp,05221997_120000AM,113919.012,-293014.548,True,,South Newport,,Townsend,,,-2.0,275,101,-2.0,14,False,,False,,0.24221,2019-04-30T00:00:00,1900-01-01T00:00:00,True,True,,,,,,False,-1,,False,,,,,,[],,[],[]
3840,"Credle's Marina (Jointer Creek Marina, Mac's Bait House, Big Jointer Island & Little Jointer)",06222001_120100PM,112001.4,-293512.68,True,,Hwy 17,,,,,-2.0,169,66,-2.0,3,False,,False,,0.0,1900-01-01T00:00:00,2009-02-28T00:00:00,True,True,,,,,,False,-1,,False,,,,,,[],,[],[]
549,Creed (Shadowlawn Community Dock),08121986_120300AM,110670.264,-293739.948,True,613 Kings Way,,,,01101989_120100AM,Lot 19?,436.0,82,23,-2.0,3,False,,False,,0.07168,2012-01-01T00:00:00,1900-01-01T00:00:00,True,True,,,,,,False,-1,,False,,,,,,[],,[],[]
759,Creed (Shadowlawn Community Dock),01101989_120100AM,110670.192,-293740.02,True,613 Kings Way,,,,08121986_120300AM,,436.0,32,23,-2.0,3,False,,False,,0.06734,2012-01-01T00:00:00,1900-01-01T00:00:00,True,True,,,,,,False,-1,,False,,,,,,[],,[],[]
233,Creek Conservation Assoc.: Skidaway Inlet Dredging,09191974_120000AM,115135.668,-291767.04,True,,Grimball Creek To Skidaway River,,,,,-2.0,270,28,-2.0,10,False,,False,,11.29752,2012-01-01T00:00:00,1900-01-01T00:00:00,True,True,,,,,,False,-1,,False,,,,,,[],,[],[]
4040,Creekside Cottages Community Dock,01252002_120000AM,115255.152,-291479.868,True,Dockside Drive,,,,,,96.0,22,28,67.0,3,False,,False,,0.01487,2012-01-01T00:00:00,1900-01-01T00:00:00,True,True,,,,,,False,-1,,False,,,,,,[],,[],[]
5545,Crenshaw,06212005_032356PM,115317.504,-291780.216,True,2801 River Drive (3216 Center Street),Unnumbered Portion Of M.J. Doyle Estate Across St.,30005 04040,Thunderbolt,,Lot 1 and 2,-2.0,320,28,-2.0,14,False,,False,,0.09837,2031-05-13T00:00:00,1900-01-01T00:00:00,False,True,,,,,,False,-1,,False,,,,,,[],,[],[]
12316,Crescent River Partners LLC (Heirs Of Bill Brasher),04182022_110932AM,113251.176,-292912.488,True,1518 Landing Road,Landing Road,0063E 0033,Meridian,,,-2.0,163,101,-2.0,3,False,,False,,0.0,1900-01-01T00:00:00,1900-01-01T00:00:00,True,True,,,,,,False,-1,,False,,,,,,[],,[],[]
6915,Crescent Towing & Moran Towing Facility,11032008_120000AM,115496.64,-291831.696,True,191 Fig Island Road,,,Savannah,11042005_074746AM & 05222007_124500,"27.59 Acres, 2nd GMD, Parcel 25",-2.0,260,28,25.0,14,False,,False,,12.42669,2014-07-10T00:00:00,1900-01-01T00:00:00,True,True,,,,,,False,-1,,False,,,,,,[],,[],[]
7910,Crews,11272012_030736PM,112273.164,-293542.5276,True,15 Morrison Creek Lane,,03-06692,Brunswick,,"26th,Lot 3, Leotis Estate For, Lot 7 & Port. Lot 6",-2.0,302,66,10.0,14,False,,False,,0.18245,2024-12-28T00:00:00,1900-01-01T00:00:00,True,True,,,,,,False,-1,,False,,,,,,[],,[],[]
4662,Crimmins,06092003_112230AM,113157.144,-292976.892,True,1231 Mission Drive,Lot 22 The Thicket Phase II,,,06092003_113310AM,"Lot 22 / Phase II, Thicket",509.0,163,101,62.0,3,False,,False,,0.00895,2012-01-01T00:00:00,1900-01-01T00:00:00,True,True,,,,,,False,-1,,False,,,,,,[],,[],[]
9488,Crosby Holdings LLC,10142015_024136PM,115375.14,-291644.208,True,908 Juanita Street,,10127 01025,Savannah,,"Lot 146 (147, 148 & 153)",165.0,250,28,66.0,4,False,,False,,0.00073,2030-12-22T00:00:00,1900-01-01T00:00:00,False,True,,,,,,False,-1,,False,,,,,,[],,[],[]
9308,CSX Railroad Trestle On Ogeechee River,04202015_031152PM,115033.644,-292634.388,True,Ogeechee River,,,,,,-2.0,227,18,-2.0,14,False,,False,,0.0,2015-04-20T00:00:00,1900-01-01T00:00:00,True,True,,,,,,False,-1,,False,,,,,,[],,[],[]
9379,CSX Transportation Railroad Bridge Replacement,06162015_030659PM,115195.896,-292409.82,True,CSX Bridge At Railroad Milepost S507.2,,,Silk Hope,,ROW,-2.0,196,28,-2.0,14,False,,False,,1.80117,2023-07-29T00:00:00,1900-01-01T00:00:00,True,True,,,,,,False,-1,,False,,,,,,[],,[],[]
1283,"CTI (Epic Midstream, Chevron, Standard Oil, Nustar Energy)",04151993_120000AM,115484.7888,-291753.5364,True,1 Woodcock Road,Station 60+500+,,Savannah,12111997_120000AM & 06122006_120505AM,,-2.0,260,28,-2.0,14,False,,False,,2.53967,2029-11-29T00:00:00,1900-01-01T00:00:00,False,True,,,,,,False,-1,,False,,,,,,[],,[],[]
396,Cudjo Point Community Dock,04141981_120500AM,111746.736,-293544.324,True,,South Street,,Waverly,,"Eastern 50 Ft. Of Lot 2 & Leased Part S, 33rd GMD",98.0,79,23,-2.0,3,False,,False,,0.08634,2014-06-08T00:00:00,1900-01-01T00:00:00,True,True,,,,,,False,-1,,False,,,,,,[],,[],[]
5445,"Cumberland Harbour Landing, Club Village, South Point Village Docks & Marina",03042005_120000AM,110650.428,-293485.788,True,,North River St Marys River Point Peter Creek,,St. Marys,,"29th GMD, Tract 20, The Landing Park",99.0,220,23,-2.0,14,True,,False,,3.29704,2025-11-13T00:00:00,1900-01-01T00:00:00,True,True,,,,,,False,-1,,False,,,,,,[],,[],[]
11078,Cumberland Harbour POA,02252019_095617AM,110618.136,-293439.528,True,,Cumberland Harbour Community Parcel,160C 160G,,,,99.0,239,23,-2.0,3,False,,False,,0.2801,2031-05-15T00:00:00,1900-01-01T00:00:00,False,True,,,,,,False,-1,,False,,,,,,[],,[],[]
5536,Cumberland Palms (Providence Bank/Jordan),06092005_120000AM,110728.116,-293541.732,True,,Riverfront Circle,,St. Marys,,"30.5 Acres, 29th GMD",100.0,220,23,-2.0,14,True,,False,,0.063,2013-12-18T00:00:00,1900-01-01T00:00:00,True,True,,,,,,False,-1,,False,,,,,,[],,[],[]
760,Dallas Bluff Marina,01101989_120200AM,113724.612,-292686.876,True,1132 Midway Street NE,Rt. 2 Box 2606,0083A 0041,Townsend,,"Parcels 1 & 3, 22nd GMD",442.0,174,101,-2.0,14,False,,False,,0.30872,2012-01-01T00:00:00,2029-02-27T00:00:00,True,False,,,,,,False,-1,,False,,,,,,[],,[],[]
4801,Darien Downtown Development Authority Public Dock And Boat Ramp,10222003_090019AM,112924.908,-293174.388,True,Adjacent To Skippers Restaurant,"W Of Hwy 17, Darien Waterfront Skippers",,Darien,,,-2.0,81,101,-2.0,14,False,,False,,0.30854,2029-02-08T00:00:00,2027-05-01T00:00:00,False,False,,,,,,False,-1,,False,,,,,,[],,[],[]
488,Darien Waterfront Park Bulkhead,07101984_120400AM,112923.792,-293167.368,True,,Darien Waterfront,,,,,-2.0,81,101,-2.0,14,False,,False,,0.37306,2012-01-01T00:00:00,1900-01-01T00:00:00,True,True,,,,,,False,-1,,False,,,,,,[],,[],[]
891,Darien Waterfront Park Public Dock,05221990_120100AM,112922.748,-293167.296,True,,McIntosh County Development Authority,,Darien,07101984_120400AM,One And One Third (1 1/3) Acre,-2.0,81,101,-2.0,14,False,,False,,0.00606,2012-01-01T00:00:00,2027-04-01T00:00:00,True,False,,,,,,False,-1,,False,,,,,,[],,[],[]
4357,Dark Entry Kayak Launch,09042002_013914PM,110712.708,-293703.696,True,418 Osbourne St.,Dark Entry Creek,,St. Marys,,,-2.0,82,23,-2.0,3,False,,False,,0.02833,2012-01-01T00:00:00,1900-01-01T00:00:00,True,True,,,,,,False,-1,,False,,,,,,[],,[],[]
8250,Day,08152013_023819PM,115151.328,-291817.368,True,47 Cardinal Road,,1-0303-02-043,Savannah,,,195.0,149,28,26.0,6,False,,False,,0.09628,2025-03-01T00:00:00,1900-01-01T00:00:00,True,True,,,,,,False,-1,,False,,,,,,[],,[],[]
11693,Del Webb at Heartwood,10282020_084817AM,114632.82,-292828.428,True,Belfast Keller Road (south side),West of 2013000637, 049 016 12 and other (subdivided),Richmond Hill,,049 004,-2.0,168,18,-2.0,17,False,,False,,2.53999,1900-01-01T00:00:00,1900-01-01T00:00:00,True,True,,,,,,False,-1,,False,,,,,,[],,[],[]
273,Delegal Creek Marina (Landings Association,05141975_120000AM,114805.008,-291822.012,True,1 Marina Drive,,10325 01007,,03302006_0909 / 05101982_120000AM,,493.0,89,28,56.0,3,False,,False,,3.77535,2018-02-11T00:00:00,2018-04-30T00:00:00,True,True,,,,,,False,-1,,False,,,,,,[],,[],[]
5421,Dell Lane (Tilton) Community Dock (Knight),02102005_120100PM,112333.29624,-293608.18476,True,,200 Dell Lane,Brunswick Peninsula,Brunswick,,"Lots 11, 12 & Portion Of 13",-2.0,302,66,10.0,14,True,,False,,0.09944,2012-01-01T00:00:00,1900-01-01T00:00:00,True,True,,,,,,False,-1,,False,,,,,,[],,[],[]
5274,Demeries Pointe Homeowners Association,10082004_094524AM,114409.44,-292519.62,True,23152 Highway 144,Gjekaj Carpenter, 065 020 CA,Richmond Hill,,,-2.0,90,18,-2.0,3,True,,False,,0.12455,2021-09-21T00:00:00,1900-01-01T00:00:00,True,True,,,,,,False,-1,,False,,,,,,[],,[],[]
6729,Deratto,04042008_041414PM,112218.9984,-293519.988,True,253 Banks Drive,,,Brunswick,,"Lots 8, 9, 10, 26th GMD",41.0,302,66,10.0,14,False,,False,,0.12862,2029-04-28T00:00:00,1900-01-01T00:00:00,False,True,,,,,,False,-1,,False,,,,,,[],,[],[]
4483,DeRatto (Sawyer),12232002_025545PM,112221.36,-293519.88,True,"227 Banks Drive - Lots 11, 12, 13",, 03-06895,Brunswick,,"11, 12 , & 13, 26th GMD",41.0,302,66,10.0,14,False,,False,,0.00014,2029-04-28T00:00:00,1900-01-01T00:00:00,False,True,,,,,,False,-1,,False,,,,,,[],,[],[]
397,DNR Champney River Ramp & Pier,04141981_120600AM,112812.588,-293214.456,True,,Off Hwy 17 S Of Darien,,,,,-2.0,59,101,-2.0,14,True,,False,,2.69124,2029-04-05T00:00:00,1900-01-01T00:00:00,False,True,,,,,,False,-1,,False,,,,,,[],,[],[]
427,DNR Coastal Regional Headquarters (CRD Bldg) & USCG Station Brunswick On Hammock,06081982_120300AM,112043.304,-293319.612,True,One Conservation Way,,,,07112003_0249; 08122010_083517AM,,-2.0,238,66,-2.0,3,False,,False,,16.56417,2024-01-09T00:00:00,1900-01-01T00:00:00,True,True,,,,,,False,-1,,False,,,,,,[],,[],[]
1966,DNR CRD Bells Landing Public Dock & Ramp,02171997_120100AM,115102.8,-292219.2,True,,End Of Apache Avenue,,,,,-2.0,157,28,-2.0,3,False,,False,,0.13203,2012-01-01T00:00:00,1900-01-01T00:00:00,True,True,,,,,,False,-1,,False,,,,,,[],,[],[]
5389,DNR CRD Gascoigne Bluff Fishing Pier,01182005_120000AM,112203.648,-293079.132,True,1000 Arthur J. Moore Drive,Gascoigne Bluff,,,,,-2.0,117,66,53.0,14,False,,False,,0.07944,2012-01-01T00:00:00,1900-01-01T00:00:00,True,True,,,,,,False,-1,,False,,,,,,[],,[],[]
482,DNR CRD Inshore Reefs: Clam Creek & Little River,06121984_120100AM,112212.9972,-293212.998,True,,Clam,,,10102012_095041AM,,-2.0,65,66,-2.0,3,False,,False,,15.03999,2012-01-01T00:00:00,1900-01-01T00:00:00,True,True,,,,,,False,-1,,False,,,,,,[],,[],[]
2246,DNR CRD Jekyll Creek Public Ramp & Dock,03061998_120000AM,111751.2,-293119.2,True,,Jekyll Creek,,Jekyll,03132001_120000AM & 04062004_1114 & 10132010_04104,,-2.0,167,66,28.0,3,False,,False,,0.29151,2030-05-23T00:00:00,1900-01-01T00:00:00,False,True,,,,,,False,-1,,False,,,,,,[],,[],[]
3440,DNR CRD Mackay River Public Dock & Ramp,06022000_120000AM,112213.998,-293124.996,True,,Torras Causeway To SSI,,,,,-2.0,200,66,-2.0,14,False,,False,,0.05096,2027-02-07T00:00:00,1900-01-01T00:00:00,False,True,,,,,,False,-1,,False,,,,,,[],,[],[]
2583,DNR CRD St. Marys River Public Pier,03051999_120000AM,110591.568,-293584.356,True,418 Osborne Street,St. Marys Waterfront,,St. Marys,01041994_120100AM,,-2.0,280,23,-2.0,14,False,,False,,0.16179,2013-08-31T00:00:00,1900-01-01T00:00:00,True,True,,,,,,False,-1,,False,,,,,,[],,[],[]
3683,DNR CRD St. Marys River Waterfront Park Kayak Dock & Fireworks Dock,02022001_120000AM,110591.676,-293582.16,True,,Just West Of Wheeler Street Ramps,,,08051977_120100PM,,-2.0,280,23,-2.0,14,False,,False,,0.10604,2012-01-01T00:00:00,1900-01-01T00:00:00,True,True,,,,,,False,-1,,False,,,,,,[],,[],[]
4499,DNR CRD Turtle River Service Dock @ Beach Ramps,01022003_031340PM,112284.036,-293565.672,True,,Beachside Drive At Park Street,,Brunswick,,,-2.0,302,66,10.0,14,False,,False,,0.35302,2025-12-01T00:00:00,1900-01-01T00:00:00,True,True,,,,,,False,-1,,False,,,,,,[],,[],[]
372,DNR CRD White Chimney Creek Public Dock,06271980_120300AM,113695.02,-292893.3,True,,SR 1094 Shellman Bluff Rd,0059 0021,,01301998_120000AM,,-2.0,316,101,-2.0,3,False,,False,,1.54105,2025-12-10T00:00:00,1900-01-01T00:00:00,True,True,,,,,,False,-1,,False,,,,,,[],,[],[]
2209,DNR CRD White Chimney Creek Public Dock,01301998_120000AM,113695.3062,-292894.07832,True,,Shellman Bluff Road NE,,,06271980_120300AM,,-2.0,316,101,-2.0,3,False,,False,,0.01891,2012-01-01T00:00:00,1900-01-01T00:00:00,True,True,,,,,,False,-1,,False,,,,,,[],,[],[]
1861,DNR CRDThunderbolt Boat Ramp -  Wilmington River Public Dock,07101996_120000AM,115332.012,-291761.892,True,,Macceo Rd/Mayre St. & Old US Hwy. 80,,,,Across From Thunderbold Fishing Pier,-2.0,320,28,-2.0,14,False,,False,,0.42825,2012-01-01T00:00:00,1900-01-01T00:00:00,True,True,,,,,,False,-1,,False,,,,,,[],,[],[]
2030,DNR Demeries Creek Public Ramp,06101997_120000AM,114429.3696,-292516.70328,True,,Demeries Creek Road Off Bryan Neck Road,,,,,-2.0,90,18,-2.0,3,False,,False,,0.12397,2013-01-01T00:00:00,1900-01-01T00:00:00,True,True,,,,,,False,-1,,False,,,,,,[],,[],[]
1735,DNR Ft. King George Historic Site,10201995_120000AM,112909.7988,-293093.3484,True,302 McIntosh Road,,,,,,-2.0,27,101,-2.0,3,False,,False,,0.20502,2012-01-01T00:00:00,1900-01-01T00:00:00,True,True,,,,,,False,-1,,False,,,,,,[],,[],[]
1328,DNR Hudson Creek Dock - Sapelo Ferry - Meridian,07141993_120000AM,113234.544,-292908.348,True,,Sapelo Meridian Dock,,,12181996_120300AM,,-2.0,163,101,-2.0,3,False,,False,,0.21318,2024-06-11T00:00:00,1900-01-01T00:00:00,True,True,,,,,,False,-1,,False,,,,,,[],,[],[]
1016,DNR Kings Ferry Public Pier & Ramp,07291991_120200AM,115123.4676,-292633.9632,True,Kings Ferry Public Pier & Ramp US 17 N,US 17 North And Ogeechee River,,,,,-2.0,227,28,-2.0,14,False,,False,,0.25482,2012-01-01T00:00:00,1900-01-01T00:00:00,True,True,,,,,,False,-1,,False,,,,,,[],,[],[]
533,DNR Lazaretto Creek Public Dock,12171985_120100PM,115251.012,-291182.724,True,Lazaretto Creek Boat Ramp,Hwy 80 Tybee Road,,Savannah,,,-2.0,190,28,40.0,3,False,,False,,0.49681,2012-01-01T00:00:00,1900-01-01T00:00:00,True,True,,,,,,False,-1,,False,,,,,,[],,[],[]
1466,DNR LE Meridian Landing Barge Dock & Bulkhead,05051994_120400AM,113245.56,-292905.0,True,1029 Finn Lane SE,Near Sapelo Dock,0063E 0034001,,,Near Sapelo Dock,-2.0,86,101,-2.0,3,False,,False,,0.18028,2012-01-01T00:00:00,1900-01-01T00:00:00,True,True,,,,,,False,-1,,False,,,,,,[],,[],[]
140,DNR Medway - Sunbury Public Dock (Sportmsan Landing),01241973_120000AM,114351.732,-292602.672,True,End Of Fort Morris Road,by 3295 Fort Morris Road (Parking Lot),347C 044,,03162018_025322PM,,-2.0,207,92,-2.0,14,False,,False,,0.23369,2018-10-02T00:00:00,1900-01-01T00:00:00,True,True,,,,,,False,-1,,False,,,,,,[],,[],[]
4366,DNR North River Boat Ramp,09062002_110950AM,110637.216,-293542.56,True,,East Meeting Street,S34 01 003,St. Marys,,"Portions Of Blocks 108,109, 127 29th GMD + Portions Of Streets",-2.0,220,23,-2.0,14,False,,False,,0.14288,2022-02-14T00:00:00,1900-01-01T00:00:00,True,True,,,,,,False,-1,,False,,,,,,[],,[],[]
255,"DNR Sapelo Barge Landing (Meridian, Old Brannan Shrimp Dock)",12101974_120000AM,113244.048,-292907.52,True,,Next To 1029 Finn Lane - DNR LE Meridian Dock,,,,,-2.0,163,101,-2.0,3,False,,False,,0.00482,2012-01-01T00:00:00,1900-01-01T00:00:00,True,True,,,,,,False,-1,,False,,,,,,[],,[],[]
338,DNR Sapelo Barge Landing (Sapelo),08141979_120900AM,113254.9092,-292598.7624,True,,Sapelo,,,,,-2.0,27,101,51.0,3,False,,False,,0.03856,2027-12-30T00:00:00,1900-01-01T00:00:00,False,True,,,,,,False,-1,,False,,,,,,[],,[],[]
9473,DNR Sapelo Docks,09162015_103127AM,113154.336,-292615.992,True,"Hunt Camp, Barge Landing, Boat Hoist And House, UG",,,,,,-2.0,218,101,51.0,-2,False,,False,,0.25197,2021-04-15T00:00:00,1900-01-01T00:00:00,True,True,,,,,,False,-1,,False,,,,,,[],,[],[]
1377,DNR Skidaway Narrows (Rodney J. Hall) Ramp & Dock,11051993_120000AM,115009.99992,-291843.972,True,,Hwy 204/Diamond Causeway NW,,,11262003_090204AM & 01081991_120000AM,,-2.0,271,28,-2.0,-2,False,,False,,0.0124,2012-01-01T00:00:00,1900-01-01T00:00:00,True,True,,,,,,False,-1,,False,,,,,,[],,[],[]
940,DNR Skidaway Narrows (Rodney J. Hall) Ramp & Dock @ Butterbean,01081991_120000AM,115009.44998,-291842.9388,True,,Hwy 204/Diamond Causeway NW,,,11262003_090204AM & 11051993_120000AM,,-2.0,271,28,-2.0,-2,False,,False,,0.39798,2017-11-01T00:00:00,1900-01-01T00:00:00,True,True,,,,,,False,-1,,False,,,,,,[],,[],[]
548,DNR Spencer Park Public Boat Ramp & Dredging,08121986_120200AM,115414.344,-291681.9,True,3102 Islands Expressway,,,,04022013_091222AM,,-2.0,320,28,-2.0,14,False,,False,,1.52663,2012-01-01T00:00:00,1900-01-01T00:00:00,True,True,,,,,,False,-1,,False,,,,,,[],,[],[]
141,DNR Wheeler Street Public Ramp & Dock,01241973_120100AM,110592.288,-293580.864,True,,End Of Wheeler Street,,St. Marys,,Mult. Term. End Of Wheeler,-2.0,280,23,-2.0,14,False,,False,,0.0831,2023-08-21T00:00:00,1900-01-01T00:00:00,True,True,,,,,,False,-1,,False,,,,,,[],,[],[]
293,DNR Wormsloe Plantation Historic Site & Mitigation Site,09141976_120000AM,115129.836,-291849.336,True,,Off Skidaway Road,,,03072014_035217PM,,-2.0,165,28,-2.0,14,False,,False,,1.45467,2016-08-03T00:00:00,1900-01-01T00:00:00,True,True,,,,,,False,-1,,False,,,,,,[],,[],[]
1157,DNR WRD Hoist & Covered Bays - Sapelo Post Office Creek Dock,07091992_120000AM,113181.336,-292602.24,True,,Post Office,,Sapelo,,,-2.0,240,101,51.0,3,False,,False,,0.04569,2012-01-01T00:00:00,1900-01-01T00:00:00,True,True,,,,,,False,-1,,False,,,,,,[],,[],[]
311,DNR WRD Marsh Landing (Sapelo) Ferry Dock & Timber Loading Facility,01241978_120000AM,113104.044,-292664.952,True,"Parcels A, B, C Meridian 2.99 Acres/16,000 Acres O",Sapelo Island Ferry Dock/Hudson Creek,	0089 0001,Darien,,".55 Acre Meridian Landin, 1515 GMD &",-2.0,99,101,51.0,14,False,,False,,1.28709,2025-03-01T00:00:00,1900-01-01T00:00:00,True,True,,,,,,False,-1,,False,,,,,,[],,[],[]
2020,DNR WRD Turners Creek Public Ramp,05221997_120100AM,115272.0,-291573.972,True,,Near Wilmington Island S Of Spense Grayson Bridge,,,11272007_124500PM,,-2.0,301,28,-2.0,3,False,,False,,0.14844,2012-01-01T00:00:00,1900-01-01T00:00:00,True,True,,,,,,False,-1,,False,,,,,,[],,[],[]
1464,DNR WRD Vernon View Dock & Bulkhead,05051994_120100AM,114933.96,-291954.456,True,306 McAlpin Street #B,Burnside,10464 02005,Savannah,,Lot 6 Block K,522.0,43,28,12.0,14,False,,False,,0.14415,2024-03-09T00:00:00,1900-01-01T00:00:00,True,True,,,,,,False,-1,,False,,,,,,[],,[],[]
6946,DNR/CRD Oyster Restoration Program,12182008_120000AM,112046.4,-293320.584,True,,Multi,,,,,-2.0,218,2,-2.0,-2,False,,False,,37.30262,2027-05-20T00:00:00,1900-01-01T00:00:00,False,True,,,,,,False,-1,,False,,,,,,[],,[],[]
1994,DNR/CRD White Oak Creek Public Dock,04041997_120000AM,111733.2,-294228.0,True,,US 17 @ Satilla River,,,,,-2.0,317,23,-2.0,3,False,,False,,0.11571,2012-01-01T00:00:00,1900-01-01T00:00:00,True,True,,,,,,False,-1,,False,,,,,,[],,[],[]
103,DNR/UGA Boat Hoist Dock,08181972_120100PM,113181.264,-292601.88,True,End Of East Perimeter Road,Boathouse Dock And Hoist,,,,,-2.0,13,101,51.0,3,False,,False,,0.18728,2028-02-22T00:00:00,1900-01-01T00:00:00,False,True,,,,,,False,-1,,False,,,,,,[],,[],[]
1817,Dolphin Island Preservation,03121996_120100PM,114559.0398,-292869.0792,True,109 Picket Row,"190 Acre Hammock, 1359th GMD, By I-95",,Isle Of Wight,,,-2.0,168,92,18.0,14,True,,False,,0.84568,2027-03-29T00:00:00,1900-01-01T00:00:00,False,True,,,,,,False,-1,,False,,,,,,[],,[],[]
5806,Dority & McMullan (Stafford & Jones),04122006_104413AM,114792.12,-292387.968,True,,Across Street From 2830 Ft. McAllister Road,,Richmond Hill,,"Portion Of Lot 1, Block F",69.0,227,18,-2.0,14,False,,False,,0.04932,2012-01-01T00:00:00,1900-01-01T00:00:00,True,True,,,,,,False,-1,,False,,,,,,[],,[],[]
3040,"Dover Bluff Club, Inc.",05251999_120000AM,111663.576,-293506.776,True,End Of Dover Cut Road -9331 Dover Bluff Road,Previously Dover Bluff Club Community Dock,153001,Waverly,,1900acres Dover Bluff Tract Camden Co. 33 GMD,114.0,304,23,-2.0,3,False,,False,,0.31713,2023-04-05T00:00:00,1900-01-01T00:00:00,True,True,,,,,,False,-1,,False,,,,,,[],,[],[]
10839,"Dover Bluff Club, Incorporated",07182018_045427PM,111753.972,-293502.816,True,Near Black Hammock Road,,,,,"33rd GMD 1900 Acres, Dover Bluff",-2.0,156,66,-2.0,6,False,,False,,0.0,1900-01-01T00:00:00,1900-01-01T00:00:00,True,True,,,,,,False,-1,,False,,,,,,[],,[],[]
6206,Drum Point/Half Moon Club,02022007_120000AM,114068.124,-292593.888,True,695 Drum Point Way,"Common Property, 1359th GMD",,,,,116.0,222,92,-2.0,14,False,,False,,0.09688,2012-07-26T00:00:00,2009-02-28T00:00:00,True,True,,,,,,False,-1,,False,,,,,,[],,[],[]
4397,"Dukes, William",10102002_113841AM,115254.9,-291043.008,True,,6th Avenue (Horsepen Creek Marsh),,Tybee,,"Lot 255, 6th Ave",-2.0,160,28,63.0,3,False,,False,,0.0,1900-01-01T00:00:00,1900-01-01T00:00:00,True,True,,,,,,False,-1,,False,,,,,,[],,[],[]
4330,Duncan,08272002_122639PM,112278.456,-292997.664,True,725 Atlantic Dr.,"Forbes, Marsh Fill",,,,,-2.0,97,66,59.0,3,False,,False,,0.00218,2030-07-21T00:00:00,1900-01-01T00:00:00,False,True,,,,,,False,-1,,False,,,,,,[],,[],[]
8156,Dunn Branch Canal/Mitigation Bank,05242013_023814PM,111484.728,-294154.992,True,Adjacent To Brewster Road,City Of Woodbine Drainage Canal,,Woodbine,,31st GMD Dunn Branch Creek,-2.0,329,23,-2.0,23,False,,False,,0.0,1900-01-01T00:00:00,1900-01-01T00:00:00,True,True,,,,,,False,-1,,False,,,,,,[],,[],[]
633,Dunwoody Plantation Community Dock,12151987_120000AM,113014.116,-293232.6,True,,River Drive SW - Eastern Terminus,,,07092007_120000AM,,-2.0,55,101,-2.0,3,False,,False,,0.16793,2021-08-13T00:00:00,1900-01-01T00:00:00,True,True,,,,,,False,-1,,False,,,,,,[],,[],[]
323,DuPont Pipeline,04091979_120200AM,112401.576,-293625.468,True,,Hermitage Island Next To Oak Grove Island,,,,,-2.0,302,66,-2.0,14,False,,False,,0.0,2012-01-01T00:00:00,1900-01-01T00:00:00,True,True,,,,,,False,-1,,False,,,,,,[],,[],[]
2037,Dutch Island Community Dock (Southern Union Co.),06121997_120400AM,115202.3976,-291770.3376,True,,Herb River Drive - Merriwhether Drive,,Savannah,06101974_120000AM,3-6 ; 3-7; 5,123.0,149,28,-2.0,14,False,,False,,1.12615,2017-06-22T00:00:00,1900-01-01T00:00:00,True,True,,,,,,False,-1,,False,,,,,,[],,[],[]
12722,Eagle Neck Airport,08012023_100821AM,113929.092,-292775.076,True,1093 Live Oak Cove,,,Townsend,,,126.0,275,92,-2.0,14,False,,False,,0.0,1900-01-01T00:00:00,1900-01-01T00:00:00,True,True,,,,,,False,85,2023-08-01T10:22:25.857,False,,,,,,[],,[],[]
960,Eagle Neck Community Dock,03061991_120000AM,113912.172,-292799.52,True,,Live Oak Drive,,,09121988_120000AM,Between Lots 19 & 20,126.0,174,101,-2.0,14,False,,False,,0.10726,2012-01-01T00:00:00,1900-01-01T00:00:00,True,True,,,,,,False,-1,,False,,,,,,[],,[],[]
4838,Earheart/Walmsley (Scott) Bridge,11252003_085605AM,115240.608,-291439.62,True,115 & 116 Brevard Court,,,Savannah,,Lots 10 And 11 Brevard Point Phase I,48.0,320,28,67.0,14,False,,False,,0.00689,2012-01-01T00:00:00,1900-01-01T00:00:00,True,True,,,,,,False,-1,,False,,,,,,[],,[],[]
743,"East Coast Terminal (Southeast Maritime Services, Savannah Bulk Terminal, Liberty Terminal, Seaboard",10141988_120100PM,115480.98,-291848.004,True,0 Harbor Street (Wharf Lot),"River Mile 13.1, Station 68+450",& 12111974_120000AM,Savannah,02012006_123000PM & 02122013_034716PM & 02262004_0,,-2.0,260,28,-2.0,14,False,,False,,5.33664,2024-12-10T00:00:00,1900-01-01T00:00:00,True,True,,,,,,False,-1,,False,,,,,,[],,[],[]
1527,East River Street LLC (Savannah Electric & Power),08181994_120200AM,115486.812,-291898.008,True,620 East River Street,"RM 14.5; E Of Marriott Hotel, N Of General McIntos",20005 02003,Savannah,,"1,2,3,4,5 & Port. 19 2nd GMD Garden Ward",-2.0,260,28,-2.0,14,False,,False,,0.25386,2030-03-07T00:00:00,1900-01-01T00:00:00,False,True,,,,,,False,-1,,False,,,,,,[],,[],[]
9581,Eckerd,01052016_021722PM,112099.104,-293381.712,True,729 Bay Street,Lot Left Of City Market Docks,01-00659,Brunswick,,,-2.0,102,66,-2.0,14,False,,False,,0.0,1900-01-01T00:00:00,1900-01-01T00:00:00,True,True,,,,,,False,-1,,False,,,,,,[],,[],[]
688,Egbert Point Road Fill,05101988_120100AM,112213.26,-292956.516,True,,Off Vassar Point Drive,,,,,-2.0,241,66,-2.0,3,False,,False,,0.05395,2012-01-01T00:00:00,1900-01-01T00:00:00,True,True,,,,,,False,-1,,False,,,,,,[],,[],[]
3686,Emerald Pointe Bridges To Hammocks,02062001_120000AM,115412.2272,-291727.9944,True,,John Wesley Way Off Island Expressway,,,,,136.0,294,28,-2.0,3,False,,False,,0.527,2012-01-01T00:00:00,1900-01-01T00:00:00,True,True,,,,,,False,-1,,False,,,,,,[],,[],[]
816,"Enmark Yacht Maintenance (Intermarine, Palmer Johnson)",08221989_120000AM,115551.18,-292000.896,True,301 North Lathrop Avenue,Savannah,1-0538-01-001,Savannah,10012002_015712PM; 04141988_120800AM; 01221989_120,"Parcel One Vale Royal Plantation, 8th GMD",-2.0,260,28,-2.0,14,False,,False,,4.53981,2022-08-11T00:00:00,2011-03-04T00:00:00,True,True,,,,,,False,-1,,False,,,,,,[],,[],[]
2175,"EPIC Midstream, LLC (NuStar Energy, ST Services, Kaneb Terminal)",12111997_120000AM,115481.3112,-291765.8448,True,2 Wahlstrom Road & 1 Woodcock Road,10 Ft Strip 752.11 Ft Along Reiverfront,,Savannah,04151993_120000AM,"Parcel 3, Tract 2, 5th GMD",-2.0,260,28,-2.0,14,False,,False,,0.32771,2022-07-21T00:00:00,1900-01-01T00:00:00,True,True,,,,,,False,-1,,False,,,,,,[],,[],[]
570,Epworth By The Sea Pier,03101987_120700AM,112221.9972,-293068.98,True,,Margaret A. Pitts Road,,,,,139.0,117,66,-2.0,14,False,,False,,0.14967,2018-02-10T00:00:00,1900-01-01T00:00:00,True,True,,,,,,False,-1,,False,,,,,,[],,[],[]
6502,Exit 29 Hwy 17/84 WPCP ( Southport WWTP) Little Satilla Outfall Pipe,09182007_120000AM,112059.9972,-293698.998,True,,I-95 & Hwy 17 At Exit 29,,,,,-2.0,197,66,-2.0,14,False,,False,,0.44377,2013-01-01T00:00:00,1900-01-01T00:00:00,True,True,,,,,,False,-1,,False,,,,,,[],,[],[]
1103,Farmer,04141992_120100AM,115169.868,-291669.588,True,109 Modena Island Drive,,10145C01008,,,54 (recomb. Of 51A And 54 &A UL),-2.0,270,28,41.0,14,False,,False,,0.26867,2025-11-07T00:00:00,1900-01-01T00:00:00,True,True,,,,,,False,-1,,False,,,,,,[],,[],[]
2402,Fendig Bridge & Variance,08201998_120100PM,112359.852,-292895.892,True,,Off Cart Drive By North Herrington Road,,St. Simons,,Lot 9 - Hammock,71.0,309,66,59.0,3,False,,False,,0.03603,2012-01-01T00:00:00,1900-01-01T00:00:00,True,True,,,,,,False,-1,,False,,,,,,[],,[],[]
12213,Ferguson & Vickaryous,01212022_114856AM,113938.344,-292711.356,True,Riverpoint Lane NE,Mailing: 1322 Riverpoint Lane NE,0081B0017,Townsend,12072006_105413AM,Lot 206,31.0,275,101,6.0,18,False,,False,,0.03444,2026-08-06T00:00:00,1900-01-01T00:00:00,True,True,,,,,,False,-1,,False,,,,,,[],,[],[]
5430,Flathman Pond Culverts,02182005_120000AM,115160.76,-291843.72,True,2301 Norwood Avenue,,,Savannah,,,-2.0,149,28,-2.0,14,False,,False,,0.00588,2012-01-01T00:00:00,1900-01-01T00:00:00,True,True,,,,,,False,-1,,False,,,,,,[],,[],[]
307,Flores (Chapell),10201977_120000AM,112385.016,-292979.448,True,6201 Frederica Road,,04-01050,,,,-2.0,131,66,59.0,12,False,,False,,0.17057,2019-06-06T00:00:00,1900-01-01T00:00:00,True,True,,,,,,False,-1,,False,,,,,,[],,[],[]
3544,"Ford Field And River Club (Marina, Main House & S/d, Bryco Inc.)",09132000_120100PM,114995.016,-292638.996,True,1 Club House Drive,The Ford Plantation,0544 200,Richmond Hill,,"POA & Club Properties, 432.717 Acres, 20th GMD",149.0,227,18,-2.0,14,False,,False,,137.45598,2026-10-09T00:00:00,2019-02-28T00:00:00,False,True,,,,,,False,-1,,False,,,,,,[],,[],[]
4770,Forest Cove Recreational Park,09182003_092657AM,115124.5404,-292358.9484,True,,Forest Cove,,Savannah,12031974_120000AM,"6th GMD, Lots 10A, 10B, 10C",151.0,115,28,-2.0,-2,False,,False,,8.25936,2017-10-19T00:00:00,1900-01-01T00:00:00,True,True,,,,,,False,-1,,False,,,,,,[],,[],[]
475,Fort Frederica Bank Stabilization,12131983_120100AM,112405.572,-293015.7,True,6515 Frederica Road,,,,02072000_120000AM,,-2.0,117,66,-2.0,14,False,,False,,0.00813,2012-01-01T00:00:00,1900-01-01T00:00:00,True,True,,,,,,False,-1,,False,,,,,,[],,[],[]
1569,Fort McAllister GA DNR State Park,10281994_120000AM,114772.464,-292236.552,True,Fort McAllister GA DNR State Park,Redbird Creek Public Ramp & Barge Landing Savage I,,,04141988_120000AM,,-2.0,246,18,-2.0,3,False,,False,,0.43804,2023-11-08T00:00:00,1900-01-01T00:00:00,True,True,,,,,,False,-1,,False,,,,,,[],,[],[]
388,Fort McAllister Marina & Inn (LIVE ABOARD FACILITY),01201981_120000AM,114789.744,-292365.576,True,"3203 Ft. McAllister Road, Off Spur 144",,,Richmond Hill,,"Lot 1, 2, 3 & A",152.0,227,18,-2.0,14,False,,False,,1.98303,2028-05-31T00:00:00,2027-09-01T00:00:00,False,False,,,,,,False,-1,,False,,,,,,[],,[],[]
11446,Fortson Pond Restoration,03192020_025347PM,111792.096,-293092.668,True,Crane Road,,06-04433,,,,-2.0,230,66,28.0,12,False,,False,,0.07483,2027-12-22T00:00:00,1900-01-01T00:00:00,False,True,,,,,,False,-1,,False,,,,,,[],,[],[]
12366,Gadomski & Manzolillo,06082022_033331PM,113751.9,-292636.08,True,Delagal Drive,,0083C 0017,,,Lot 5 Phase 1,108.0,174,101,-2.0,14,False,,False,,0.05769,2029-05-17T00:00:00,1900-01-01T00:00:00,False,True,,,,,,False,-1,,False,,,,,,[],,[],[]
3698,Genesis Point Development & WaterWays Township Public Dock,02212001_120000AM,114748.38,-292224.276,True,Waterways Parkway,Cottonham Trail & Oak Level Road,,,,,156.0,246,18,-2.0,3,False,,False,,27.33716,2020-05-05T00:00:00,1900-01-01T00:00:00,True,True,,,,,,False,-1,,False,,,,,,[],,[],[]
8216,Georgia Pacific Gypsum - Brunswick,07192013_014943PM,112061.376,-293359.5,True,1 Union Street,,,Brunswick,,,-2.0,102,66,-2.0,14,False,,False,,1.08,2018-12-13T00:00:00,1900-01-01T00:00:00,True,True,,,,,,False,-1,,False,,,,,,[],,[],[]
6883,Georgia Power (Savannah Electric) Plant Riverside,08282008_121500PM,115503.984,-291946.9968,True,Plant Riverside,MLK Boulevard & River Street,,Savannah,06302004_1204,"1st GMD Tracts B & C, Formerly Wharf Lot 3",-2.0,260,28,-2.0,14,False,,False,,0.42337,2027-08-30T00:00:00,1900-01-01T00:00:00,False,True,,,,,,False,-1,,False,,,,,,[],,[],[]
1347,"Georgia-Pacific Gypsum (Domtar Gypsum, Flintkote)",09131993_120000AM,115482.5316,-291786.7068,True,151 Wahlstrom Rd,Station 63+630,,Savannah,10301998_120100PM,,-2.0,260,28,-2.0,14,False,,False,,1.57394,2030-08-30T00:00:00,1900-01-01T00:00:00,False,True,,,,,,False,-1,,False,,,,,,[],,[],[]
2,Gilman Paper/Durango (North River Development),11091970_120100AM,110642.904,-293543.424,True,,SR 40 Osborne Road,,,05011991_120000AM,723 Acres,313.0,220,23,-2.0,14,False,,False,,64.20611,2028-02-14T00:00:00,1900-01-01T00:00:00,False,True,,,,,,False,-1,,False,,,,,,[],,[],[]
544,GISCO Shrimp Dock (Frederica River),05131986_120500AM,112194.18,-293088.168,True,316 Yacht Club Lane,Southside Of Torras Causeway,,St. Simons,03262013_010824PM,,-2.0,117,66,-2.0,14,False,,False,,0.08703,2012-01-01T00:00:00,1900-01-01T00:00:00,True,True,,,,,,False,-1,,False,,,,,,[],,[],[]
2174,"GISCO Shrimp Docks (Emerald Princess Casino Dock, DOT Spoil Site)",12091997_120200AM,112009.9644,-293357.7756,True,101 Emerald Princess Drive,Next To Sidney Lanier Bridge,,Brunswick,03042014_083959AM,,-2.0,39,66,-2.0,14,False,,False,,28.91785,2023-05-17T00:00:00,1900-01-01T00:00:00,True,True,,,,,,False,-1,,False,,,,,,[],,[],[]
4585,Glidden,03242003_104703AM,113695.164,-292453.308,True,,Lot 17 Barbour Island,,Townsend,,Lot 17,-2.0,12,101,4.0,14,False,,False,,0.02663,2012-01-01T00:00:00,1900-01-01T00:00:00,True,True,,,,,,False,-1,,False,,,,,,[],,[],[]
451,Glynn Co. - Little St. Simons Island Mosquito Ditches,04041983_120600AM,112502.664,-292653.792,True,,Sancho Pan,,,,,-2.0,257,66,37.0,3,False,,False,,1.14784,2012-01-01T00:00:00,1900-01-01T00:00:00,True,True,,,,,,False,-1,,False,,,,,,[],,[],[]
355,Glynn Co. Mosquito Ditches Blythe Island,02181980_120400AM,112148.1,-293568.624,True,,Blythe Island,,,,,-2.0,230,66,-2.0,-2,False,,False,,4.60102,2012-01-01T00:00:00,1900-01-01T00:00:00,True,True,,,,,,False,-1,,False,,,,,,[],,[],[]
371,Glynn Co. Mosquito Ditches: Sea Island Causeway & Black Banks,06271980_120200AM,112242.1428,-292872.4308,True,,Sea Island Causeway & Black Banks River,,,,,-2.0,26,66,53.0,12,False,,False,,26.0,2012-01-01T00:00:00,1900-01-01T00:00:00,True,True,,,,,,False,-1,,False,,,,,,[],,[],[]
6286,Glynn Co. SSI Connector Roads - Gateway Project,04092007_120100PM,112197.636,-293063.76,True,,Kings Way/Sea Island Rd/Demere Rd.,,,05222018_121028PM,,-2.0,230,66,59.0,8,False,,False,,0.50971,2023-09-14T00:00:00,1900-01-01T00:00:00,True,True,,,,,,False,-1,,False,,,,,,[],,[],[]
513,Glynn Co. St. Simons Island Marina (Boat & Fishing Club) Expansion,08291985_120100AM,112213.476,-293072.1804,True,1000 Arthur J Moore Drive,,,St. Simons,,"25th GMD, Mult. Blocks Of Riverside Dr. & Tract 1",138.0,117,66,59.0,14,False,,False,,0.34435,2027-02-07T00:00:00,2029-02-28T00:00:00,False,False,,,,,,False,-1,,False,,,,,,[],,[],[]
10829,Glynn County Board Of Commissioners,07122018_020514PM,112127.904,-292948.956,True,"East Beach Causeway, Ocean Boulevard,, And First S",,,St. Simons,,Multiple Parcels Including Marsh Claimed By Bruce,-2.0,241,66,59.0,6,False,,False,,0.0,1900-01-01T00:00:00,1900-01-01T00:00:00,True,True,,,,,,False,-1,,False,,,,,,[],,[],[]
23,Glynn County Cedar Creek Public Ramp,12011971_120100AM,111918.24,-293326.452,True,,Cedar,,Brunswick,,,-2.0,58,66,-2.0,3,False,,False,,0.22222,2012-01-01T00:00:00,1900-01-01T00:00:00,True,True,,,,,,False,-1,,False,,,,,,[],,[],[]
10772,Glynn County Public Works Gateway Project,05222018_121028PM,112199.076,-293067.0,True,,"Along Demere Road, And Sea Island Road North Of De",,,04092007_120100PM,Multiple Portions Of Existing ROW And To Be Aqcuired ROW,-2.0,230,66,59.0,12,False,,False,,0.01,2025-09-03T00:00:00,1900-01-01T00:00:00,True,True,,,,,,False,-1,,False,,,,,,[],,[],[]
6927,Glynn Farms (Anguilla Tract) JD & Vehicular Bridge/Dock,11242008_090704AM,112546.53,-293794.8372,True,,"Hwy 32 And Hwy 99 Junction, 150.13 Acres",,Sterling,,,159.0,195,66,-2.0,3,False,,False,,0.02541,2014-09-29T00:00:00,1900-01-01T00:00:00,True,True,,,,,,False,-1,,False,,,,,,[],,[],[]
4386,Glynn Iron And Steel  Driveway Access,09272002_024514PM,112096.584,-293329.548,True,,503 Lanier Blvd,,Brunswick,07052007_035053PM,,-2.0,230,66,-2.0,-2,False,,False,,0.0,1900-01-01T00:00:00,1900-01-01T00:00:00,True,True,,,,,,False,-1,,False,,,,,,[],,[],[]
6405,Glynn Iron Metal,07052007_035053PM,112094.964,-293331.204,True,503 Lanier Blvd,,,Brunswick,09272002_024514PM,,-2.0,230,66,-2.0,8,False,,False,,0.06623,2022-02-01T00:00:00,1900-01-01T00:00:00,True,True,,,,,,False,-1,,False,,,,,,[],,[],[]
898,"GO OUTDOORS SAVANNAH, LLC (Hogans Marina)",06191990_120000AM,115246.26,-291558.06,True,36 Wilmington Island Road,,10090 01014,Wilmington,,"Lots A, B, & C",-2.0,301,28,67.0,3,False,,False,,0.30513,2012-01-01T00:00:00,2030-12-31T00:00:00,True,False,,,,,,False,-1,,False,,,,,,[],,[],[]
5256,Gowrie Creek Cottages,09242004_120100PM,112012.1532,-293950.1232,True,28765 US Hwy 17,"W Of Hwy 17, 1.4 M. S Dover Bluff Rd.",,,,"Parcel 1 & 2, Powell Scarlett Estate",460.0,123,23,-2.0,3,True,,False,,0.08696,2014-08-12T00:00:00,1900-01-01T00:00:00,True,True,,,,,,False,-1,,False,,,,,,[],,[],[]
612,"GPA: Ocean Terminal (East River), Mayors Point Teminal, Colonels Island Terminal",10211987_120000AM,112071.5388,-293523.6276,True,Confluence Of Turtle River & South Brunswick River,Ocean Terminal (1-3+Lanier) = 2nd - 5th St.,,Brunswick,06172008_120511PM & 07012019_113619AM,Mayor Point = Bay St. @ Mansfield,-2.0,273,66,15.0,14,False,,False,,115.55377,2031-02-25T00:00:00,1900-01-01T00:00:00,False,True,,,,,,False,-1,,False,,,,,,[],,[],[]
8101,"Grace Church Of The Islands, Inc.",04182013_101905AM,115256.448,-291484.044,True,6901 Concord Road,PO Box 30775,,Savannah,,"Lot 35, Portion Lot 34 And 3rd St. ROW",281.0,22,28,67.0,6,False,,False,,0.04917,2021-07-25T00:00:00,1900-01-01T00:00:00,True,True,,,,,,False,-1,,False,,,,,,[],,[],[]
12364,Grand Harbor Community Marina,06062022_033746PM,114869.736,-291838.968,True,Green Island Road,,,Savannah,,Parcel C,167.0,116,28,20.0,3,True,,False,,0.15505,2028-05-19T00:00:00,1900-01-01T00:00:00,False,True,,,,,,False,-1,,False,,,,,,[],,[],[]
9858,Grand Oaks At Ogeechee River Apartments,09082016_020339PM,115238.664,-292454.424,True,Highway 17,,,Savannah,,"Lot A, 7th GMD",-2.0,196,28,-2.0,14,False,,False,,0.0,2023-04-27T00:00:00,1900-01-01T00:00:00,True,True,,,,,,False,-1,,False,,,,,,[],,[],[]
835,Graversen (Graverson) Bridge & Dock On Hammock,10101989_120500AM,112420.872,-293575.428,True,1 Graverson Island Way (Marsh Landing Drive),,0094-10 000-027,,,Graversen Island,383.0,42,66,-2.0,3,False,,False,,0.15569,2012-01-01T00:00:00,1900-01-01T00:00:00,True,True,,,,,,False,-1,,False,,,,,,[],,[],[]
872,Grove Hill Community Dock,03131990_120300AM,115175.124,-292391.352,True,,Lakeshore Drive,10993C01034,,04031990_120000AM,"Parcel 1, 0.68 Acres",173.0,75,28,-2.0,3,False,,False,,1.84684,2012-01-01T00:00:00,1900-01-01T00:00:00,True,True,,,,,,False,-1,,False,,,,,,[],,[],[]
1556,Grove Shore Community Dock,10041994_120000AM,115074.684,-292364.676,True,0 Shore Road,12 Lots On 3/4 Acre,,Savannah,,,175.0,128,28,-2.0,14,True,,False,,0.7455,2012-01-01T00:00:00,1900-01-01T00:00:00,True,True,,,,,,False,-1,,False,,,,,,[],,[],[]
5721,Habersham Plantation,01102006_104100AM,115054.344,-292366.404,True,9 Williams Retreat Road,,1-0995 -01-038,Savannah,,Parcel 2,174.0,128,28,-2.0,14,True,,False,,0.11409,2012-01-01T00:00:00,2026-06-30T00:00:00,True,True,,,,,,False,-1,,False,,,,,,[],,[],[]
487,Hagan Canal & Boat Basin (Valona Harbor),07101984_120300AM,113316.444,-292834.512,True,1029 Stardust Lane,Next To Shrimp Docks,,Valona,,,-2.0,266,101,-2.0,3,False,,False,,0.48209,2012-01-01T00:00:00,1900-01-01T00:00:00,True,True,,,,,,False,-1,,False,,,,,,[],,[],[]
1462,Halfmoon River Community Dock,04301994_120000AM,115130.484,-291564.828,True,,Between #2 & #102 Half Moon River Court,Between 10097 03013 & 10098 01001,Savannah,12101993_120000AM,"5 Ft .Marsh  Easement XX Lots 5 & 6, 5th GMD",178.0,135,28,67.0,14,False,,False,,0.21724,2017-11-06T00:00:00,1900-01-01T00:00:00,True,True,,,,,,False,-1,,False,,,,,,[],,[],[]
433,Hamilton Landing Causeway To Ledbetter Hammock,09141982_120500AM,112221.036,-293031.756,True,Hamilton Landing Drive,,,,02091988_120400AM,,-2.0,97,66,33.0,3,False,,False,,0.3,2012-01-01T00:00:00,1900-01-01T00:00:00,True,True,,,,,,False,-1,,False,,,,,,[],,[],[]
648,Hamilton Landing Community Ramp & Dock,02091988_120400AM,112228.92,-293014.512,True,104 Sexton Lane,End Of Sexton Lane On Ledbetter Island,0410729,St. Simons Island,09141982_120500AM,,182.0,97,66,33.0,3,False,,False,,0.09146,2012-01-01T00:00:00,1900-01-01T00:00:00,True,True,,,,,,False,-1,,False,,,,,,[],,[],[]
689,Hampton Golf Course Bridges To Hammocks,05101988_120200AM,112615.2,-292861.8,True,,Hampton Point,,,,,183.0,322,66,-2.0,3,False,,False,,0.07163,2012-01-01T00:00:00,1900-01-01T00:00:00,True,True,,,,,,False,-1,,False,,,,,,[],,[],[]
2242,Hampton Island Preserve (Camp Blue Heron Boy Scouts),03041998_120000AM,114204.81999,-292873.6368,True,7 Ablemarle Dr.,,,Riceboro,01222004_1015 & 01271998_1/27/1997_1201,,-2.0,233,92,21.0,3,False,,False,,0.68322,2016-03-23T00:00:00,1900-01-01T00:00:00,True,True,,,,,,False,-1,,False,,,,,,[],,[],[]
1952,Hampton Island Preserve (Camp Blue Heron Boy Scouts),01271997_120100PM,114184.9998,-292964.9976,True,7 Ablemarle Drive,,,,03041998_1200 & 01222004_1015,,-2.0,233,92,21.0,3,False,,False,,0.06736,2012-01-01T00:00:00,1900-01-01T00:00:00,True,True,,,,,,False,-1,,False,,,,,,[],,[],[]
506,Hampton River Marina/Hampton Club Marina/Hampton River Villas/Hampton Point Marina,04091985_120400AM,112663.53972,-292837.1796,True,1000 Hampton River Club Dr.,"Hampton Point - Marina Parcel, 25th GMD",04-08481,St. Simons Island,,,183.0,139,66,59.0,14,False,,False,,1.39942,2018-02-01T00:00:00,2029-02-28T00:00:00,True,False,,,,,,False,-1,,False,,,,,,[],,[],[]
3939,Harrison Fish Camp Dock,10032001_120000AM,114988.104,-291975.66,True,Location May Be Inaccurate - Pin @ 257 Shipyard Rd,Shipyard Road Off Moon River,,,,Lot 29 Beaulieu Tract,-2.0,268,28,-2.0,3,False,,False,,0.01497,2012-01-01T00:00:00,1900-01-01T00:00:00,True,True,,,,,,False,-1,,False,,,,,,[],,[],[]
149,Hart Salt Lake In Marsh,05111973_120500AM,112264.38,-293044.716,True,115 Saint Clair Drive,,,,,,138.0,117,66,59.0,14,False,,False,,0.00682,2012-01-01T00:00:00,1900-01-01T00:00:00,True,True,,,,,,False,-1,,False,,,,,,[],,[],[]
12583,Hartley,03162023_103049AM,114783.588,-292440.312,True,114 Bluff View Drive,,0673064,Richmond Hill,,Lot 11,235.0,227,18,-2.0,14,False,,False,,0.11745,2029-06-07T00:00:00,1900-01-01T00:00:00,False,True,,,,,,False,-1,,False,,,,,,[],,[],[]
1275,Hawkins Island Bridges & Access Lanes,04051993_120000AM,112281.552,-293025.42,True,,Off Sea Island Causeway @ Hawkins Island Drive,,,,,-2.0,97,66,-2.0,3,False,,False,,0.75911,2012-01-01T00:00:00,1900-01-01T00:00:00,True,True,,,,,,False,-1,,False,,,,,,[],,[],[]
8923,"Hawkins Island Property Owners Association, Inc",03112014_024826PM,112303.368,-293022.936,True,"118 Hawkins Lane , 107 Hawkins Lane",Hawkins Island Common Area,04-11206,St. Simons,,"Phase 4, 1.721 Acre, 25th GMD",-2.0,97,66,23.0,3,False,,False,,0.19146,2024-08-11T00:00:00,1900-01-01T00:00:00,True,True,,,,,,False,-1,,False,,,,,,[],,[],[]
1426,Helmey Commercial Dock,03101994_120100AM,115237.08,-291560.976,True,124 Palmetto Dr.,,10090 02001,,,Lot 4 Resub of Walthour Sub,528.0,301,28,67.0,3,False,,False,,0.05002,2012-01-01T00:00:00,1900-01-01T00:00:00,True,True,,,,,,False,-1,,False,,,,,,[],,[],[]
366,Helmich Drive Canal & Boat Basin,05131980_120200AM,112525.668,-293164.92,True,440 Mackay Street,By Oak Ridge Subdivision,,,,Lots 18 & 37,309.0,300,66,-2.0,3,False,,False,,0.3416,2012-01-01T00:00:00,1900-01-01T00:00:00,True,True,,,,,,False,-1,,False,,,,,,[],,[],[]
424,Hendrix Road Fill To Hammock,05111982_120300AM,115217.208,-291054.024,True,,8th Street & 5th Avenue,,,,"Lots 1-4, NW Corner",-2.0,159,28,63.0,3,False,,False,,0.03202,2012-01-01T00:00:00,1900-01-01T00:00:00,True,True,,,,,,False,-1,,False,,,,,,[],,[],[]
6067,Heron Watch Bridge,10162006_120000AM,110736.99972,-293527.9998,True,,Manatee Way,,,,,201.0,220,23,-2.0,14,False,,False,,0.03237,2012-01-01T00:00:00,1900-01-01T00:00:00,True,True,,,,,,False,-1,,False,,,,,,[],,[],[]
12226,HGB Properties LLC (FCH Properties),01272022_105252AM,112133.088,-293649.156,True,23 Elsa Drive,Adjacent To I-95,02-00580,Brunswick,,,605.0,273,66,-2.0,14,False,,False,,0.1741,2031-05-15T00:00:00,1900-01-01T00:00:00,False,True,,,,,,False,-1,,False,,,,,,[],,[],[]
1104,Hickory Bluff Marina,04141992_120300AM,111932.64,-293658.516,True,307 Hickory Bluff Drive,Moody Subdivision - 289 Ft. Of Waterfront,125A 047,Waverly,,"Parcel A Hickory Bluff Road, 33rd GMD",-2.0,197,23,-2.0,14,False,,False,,0.05638,2012-01-01T00:00:00,2023-09-05T00:00:00,True,True,,,,,,False,-1,,False,,,,,,[],,[],[]
5475,Hidden Pointe Condominiums,04012005_120000AM,115120.944,-292235.364,True,12226 Navajo Road,,2-0862-02-011A,Savannah,08022004_1202 & 08162004_120000AM,,204.0,157,28,-2.0,3,False,,False,,0.0,1900-01-01T00:00:00,1900-01-01T00:00:00,True,True,,,,,,False,-1,,False,,,,,,[],,[],[]
11131,Highsmith (Skipper),04122019_094456AM,111834.972,-293655.384,True,4939 Dover Bluff Road,,,,,,-2.0,201,23,-2.0,3,False,,False,,0.04408,2002-12-28T00:00:00,1900-01-01T00:00:00,True,True,,,,,,False,-1,,False,,,,,,[],,[],[]
2197,Hill (Davis) Dock & Boardwalks & Bridge To Hammock,01211998_120000AM,112934.6568,-292990.3308,True,,May Hall Island,0066 0003,Darien,,271 GMD Tract 1 Southernmost 3 Acre Mayhall Island,-2.0,205,101,39.0,3,False,,False,,0.22946,2017-01-03T00:00:00,1900-01-01T00:00:00,True,True,,,,,,False,-1,,False,,,,,,[],,[],[]
445,Hird Island Bal-Mar /Isle Of Palms Community Dock (Gault),02161983_120000AM,113016.168,-292966.272,True,,50' ROW Between Bal-Mar & Isle Of Palms,,Hird Island,,,-2.0,154,101,24.0,3,False,,False,,0.0079,2014-06-09T00:00:00,1900-01-01T00:00:00,True,True,,,,,,False,-1,,False,,,,,,[],,[],[]
1628,Hird Island North River (McClendon) Community (private) Dock,03201995_120300AM,113057.892,-292949.352,True,Rt. 3 Box 775,N End By Airstrip,,,,,-2.0,220,101,24.0,14,False,,False,,0.0305,2022-08-03T00:00:00,1900-01-01T00:00:00,True,True,,,,,,False,-1,,False,,,,,,[],,[],[]
13355,Holbrook & Jenkins,05082025_031000PM,112628.7,-292863.744,True,921 & 919 Champney,,,St. Simons Island,,921 & 919,183.0,322,66,59.0,3,False,,False,,0.01678,2031-04-13T00:00:00,1900-01-01T00:00:00,False,True,,,,,,False,-1,,False,,,,,,[],,[],[]
3411,Holly Oaks At Pine Harbor Community Dock,05102000_120100AM,113555.376,-292953.996,True,RT 1 Box 3259 (Rt..3?),,,,,"Lot 4C, Holly Oaks",354.0,258,101,51.0,14,False,,False,,0.11818,2012-01-01T00:00:00,1900-01-01T00:00:00,True,True,,,,,,False,-1,,False,,,,,,[],,[],[]
7234,Honeywell Oyster Restoration,04022010_090017AM,112271.472,-293459.22,True,,Multiple Glynn Co Mudflats,,,09061989_120100AM,,-2.0,230,66,-2.0,-2,False,,False,,0.00682,2015-08-27T00:00:00,1900-01-01T00:00:00,True,True,,,,,,False,-1,,False,,,,,,[],,[],[]
498,Hoover Creek Plantation (River Houses @ Bells Landing),11131984_120300AM,115099.452,-292212.18,True,12300 Apache Avenue,E Of Apache Drive & W Of Windsor Forest S/d,,,12021991_120600AM,,-2.0,157,28,-2.0,3,False,,False,,0.10927,2012-01-01T00:00:00,1900-01-01T00:00:00,True,True,,,,,,False,-1,,False,,,,,,[],,[],[]
1062,Hoover Creek Plantation (River Houses @ Bells Landing),12021991_120600AM,115099.056,-292212.756,True,12300 Apache Avenue,,,,,,-2.0,157,28,-2.0,3,False,,False,,0.18916,2012-01-01T00:00:00,1900-01-01T00:00:00,True,True,,,,,,False,-1,,False,,,,,,[],,[],[]
6060,Hopewell Creek Bridge,10132006_030239PM,112299.732,-293898.312,True,Old Belle Point Road,Former Livingston Estate & Dean Island T,,,10132006_025737PM,27th GMD,-2.0,158,66,-2.0,3,False,,False,,4.54545,2012-01-01T00:00:00,1900-01-01T00:00:00,True,True,,,,,,False,-1,,False,,,,,,[],,[],[]
2356,Horse Pen Creek Cottages Community Dock,06261998_120000AM,115215.768,-291056.4,True,807 Jones Avenue,,,,,,-2.0,159,28,-2.0,3,False,,False,,0.04298,2012-01-01T00:00:00,1900-01-01T00:00:00,True,True,,,,,,False,-1,,False,,,,,,[],,[],[]
5350,Horsepen Properties I LLC,12102004_034845PM,115197.012,-291085.416,True,30 Horsepen Point Drive,Horse Pen Point,40013 01004,Tybee,,,212.0,303,28,63.0,3,False,,False,,0.00597,2025-02-22T00:00:00,1900-01-01T00:00:00,True,True,,,,,,False,-1,,False,,,,,,[],,[],[]
796,Horseshoe Cove Community Dock,06131989_120400AM,111745.296,-293910.228,True,,Adcacent To 150 Horseshoe Court Way,,,,,213.0,317,23,-2.0,3,False,,False,,1.27491,2012-01-01T00:00:00,1900-01-01T00:00:00,True,True,,,,,,False,-1,,False,,,,,,[],,[],[]
1455,"Houlihan Boat Landing, Chatham County/City Of Port Wentworth",04151994_120500PM,115793.748,-292163.80996,True,,"River Mile 21.6, SW Corner Hwy 25, 8th GMD Chatham",1-0815-01-002,Port Wentworth,,2.8 Acre Remainder Portion Of Weyerhaeuser NR Co. Tract,-2.0,260,28,-2.0,14,False,,False,,0.51203,2025-01-03T00:00:00,1900-01-01T00:00:00,True,True,,,,,,False,-1,,False,,,,,,[],,[],[]
3911,Howard Coffin Park Drainage Ditch,08272001_120100PM,112142.556,-293321.844,True,,City Of Brunswick,,Brunswick,,,-2.0,230,66,-2.0,-2,False,,False,,2.1615,2030-11-14T00:00:00,1900-01-01T00:00:00,False,True,,,,,,False,-1,,False,,,,,,[],,[],[]
5953,Hudson Creek Landing Community Dock (Leggitt),08102006_102129AM,113219.532,-292929.552,True,0 Joe Robinson Road,Hudson,,Darien,,,-2.0,163,101,-2.0,3,False,,False,,0.21777,2013-05-15T00:00:00,1900-01-01T00:00:00,True,True,,,,,,False,-1,,False,,,,,,[],,[],[]
3665,Hunt Camp On Newell Creek,01092001_120000AM,114352.164,-292121.892,True,Hunt Camp On Newell Creek,DNR WRD Ossabaw Island,,,,,-2.0,229,28,45.0,19,False,,False,,0.10335,2024-10-17T00:00:00,1900-01-01T00:00:00,True,True,,,,,,False,-1,,False,,,,,,[],,[],[]
7204,Hunt Drive Bridge Jd Line,02252010_124300PM,114943.896,-291910.392,True,,Hunt Drive,,,,,-2.0,293,28,12.0,2,False,,False,,0.06799,2017-05-30T00:00:00,1900-01-01T00:00:00,True,True,,,,,,False,-1,,False,,,,,,[],,[],[]
2415,"Hunters Cafe (Miles, Thompson, Widincamp) Dock",08311998_120000AM,113648.328,-292759.272,True,1093 River Road,Between Norman & Well St.,,Townsend,ASSOCIATED W/ 01092014_044312PM,,442.0,230,101,-2.0,-2,False,,False,,0.05057,2026-07-25T00:00:00,1900-01-01T00:00:00,True,True,,,,,,False,-1,,False,,,,,,[],,[],[]
5914,Hutcheson Ditch - Glynn County,06292006_102510AM,112497.84,-293661.45997,True,,Hwy 99 South Of Hwy 341,,,,,-2.0,40,66,-2.0,20,False,,False,,0.70999,2017-12-08T00:00:00,1900-01-01T00:00:00,True,True,,,,,,False,-1,,False,,,,,,[],,[],[]
418,Hutchinson Island Coal Terminal Dock,03091982_120000AM,115528.896,-291957.048,True,,River Mile 15.2 - NW Side Of Talmadge Bridge,1-0481-01-003,,,,-2.0,260,28,25.0,14,False,,False,,20.0955,2012-01-01T00:00:00,1900-01-01T00:00:00,True,True,,,,,,False,-1,,False,,,,,,[],,[],[]
4707,"IGY Savannah Harbor Marina (Savannah City Lights Marina, Hutchinson Island Slip I)",07252003_120000AM,115502.256,-291902.58,True,101 Cay Plaza / 5 Resort Drive,East Of Westin Hotel (Slip 1),20436 01047,,08091988_120100AM,Lot 5-2 Sub Parcel 5,-2.0,260,28,25.0,14,False,,False,,6.78524,2028-04-06T00:00:00,2035-02-28T00:00:00,False,False,,,,,,False,-1,,False,,,,,,[],,[],[]
1519,International Paper Port Wentworth,08021994_120000AM,115762.2984,-292159.98252,True,1 Bonnybridge Road,"Station 110+400, RM 20.8, Stone Mill Facility",,Port Wentworth,12032003_120100 & 11091970_120000AM,,-2.0,260,28,-2.0,14,False,,False,,0.83636,2027-03-24T00:00:00,1900-01-01T00:00:00,False,True,,,,,,False,-1,,False,,,,,,[],,[],[]
1,International Paper Port Wentworth Mill,11091970_120000AM,115602.552,-292028.076,True,39 HUTCHINSON ISLAND RD,"River Mile 16.894 /sta, 89+200 & RN 16.904 Sta. 89",10548 01001,Savannah,11301992_120000AM,,-2.0,260,28,25.0,14,False,,False,,409.17838,2023-07-23T00:00:00,1900-01-01T00:00:00,True,True,,,,,,False,-1,,False,,,,,,[],,[],[]
464,Interstate Paper,10111983_120000AM,114273.57996,-293043.7098,True,2366 Interstate Paper Road,.96 M W I-95,,,,,-2.0,218,92,-2.0,-2,False,,False,,2.91288,2021-03-17T00:00:00,1900-01-01T00:00:00,True,True,,,,,,False,-1,,False,,,,,,[],,[],[]
7500,Irby,03222011_085904AM,112276.548,-292843.5444,True,260 W. Tenth Street,Cottage 347,05-00407,,,"Lot 13, Block 31",420.0,26,66,53.0,22,False,,False,,0.03655,2028-07-28T00:00:00,1900-01-01T00:00:00,False,True,,,,,,False,-1,,False,,,,,,[],,[],[]
1551,Irwin & Pappas Community Dock,09201994_120000AM,112656.924,-292828.248,True,216 & 218 Hampton Point Drive,,,,,Lot #26,-2.0,139,66,-2.0,14,False,,False,,0.03443,2012-01-01T00:00:00,1900-01-01T00:00:00,True,True,,,,,,False,-1,,False,,,,,,[],,[],[]
7955,Isaacson (Carter) (Furlong),02122013_103237AM,112613.904,-292827.6,True,154 Hampton Point Drive,,04-00034,St. Simons,08112003_101313AM,Lot 28/Block H/Phase 2,183.0,170,66,59.0,3,False,,False,,0.03245,2026-06-29T00:00:00,1900-01-01T00:00:00,True,True,,,,,,False,-1,,False,,,,,,[],,[],[]
13717,Island Road ROW,03172026_111332AM,114948.5364,-291932.2116,True,Island Road ROW,,,,,,,208,28,12.0,1,False,,False,,0.0,1900-01-01T00:00:00,1900-01-01T00:00:00,True,True,,,,,,False,-1,,False,,,,,,[],,[],[]
3888,"Island Sea Design (Dixie O'Brien, O'Brian Paint)",08072001_120000AM,112208.004,-293301.612,True,2700 Glynn Avenue,,01-03943,Brunswick,,,-2.0,291,66,-2.0,3,False,,False,,0.15279,2012-01-01T00:00:00,1900-01-01T00:00:00,True,True,,,,,,False,-1,,False,,,,,,[],,[],[]
11344,Islands Expressway Drainage Improvements,10252019_021234PM,115404.804,-291670.776,True,Islands Expressway Drainage Improvements,Wilmington River Bridge At ICW East To Richardson,,,,,-2.0,320,28,44.0,17,False,,False,,0.7354,2026-11-19T00:00:00,1900-01-01T00:00:00,False,True,,,,,,False,-1,,False,,,,,,[],,[],[]
11651,Islands Highway Culvert,09212020_043119PM,114247.692,-292738.14,True,Islands Highway,East Of Fort Morris Road,,,,,-2.0,50,92,-2.0,7,False,,False,,0.09249,2030-12-19T00:00:00,1900-01-01T00:00:00,False,True,,,,,,False,-1,,False,,,,,,[],,[],[]
4391,Isle Of Hope United Methodist Church,10012002_024945PM,115157.016,-291817.62,True,35 Cardinal Road,,,Savannah,,,-2.0,149,28,-2.0,18,False,,False,,0.0,2005-07-26T00:00:00,1900-01-01T00:00:00,True,True,,,,,,False,-1,,False,,,,,,[],,[],[]
2014,Jeffs Crab House,05191997_120000AM,114521.4,-292844.088,True,213 Margaret Dr.,Jones Creek Cut,,Midway,,,-2.0,76,92,27.0,3,False,,False,,0.05986,2012-01-01T00:00:00,1900-01-01T00:00:00,True,True,,,,,,False,-1,,False,,,,,,[],,[],[]
912,Jekyll Harbor Marina: Approved Live-Aboard Marina,07171990_120000AM,111768.048,-293119.416,True,1 Harbor Road,"Near Sea Jays, Just S Of Bridge",,,,,-2.0,167,66,28.0,3,False,,False,,5.30473,2019-11-15T00:00:00,1900-01-01T00:00:00,True,True,,,,,,False,-1,,False,,,,,,[],,[],[]
400,Jekyll Island Marina (historic) Boat Ramp,06091981_120000AM,111751.308,-293122.152,True,,950' S Of Bridge By Sea Jays,,Jekyll,,,-2.0,167,66,28.0,3,False,,False,,0.48187,2012-01-01T00:00:00,1900-01-01T00:00:00,True,True,,,,,,False,30,2016-01-06T15:48:13.623,False,,,,,,[],,[],[]
659,"Jekyll Island Marina (The Wharf, Latitudes) (Historic Marina)",03091988_120200AM,111809.556,-293126.184,True,,"N Of Causeway, Millionaires Village",,,,,-2.0,167,66,28.0,3,False,,False,,0.78972,2017-11-18T00:00:00,1900-01-01T00:00:00,True,True,,,,,,False,-1,,False,,,,,,[],,[],[]
7647,JIA Bike Path @ Riverview & Wylly,12062011_082828AM,111846.2112,-293132.8692,True,,Riverview And Wylly,,Jekyll Island,,,-2.0,167,66,28.0,3,False,,False,,0.22,2017-08-17T00:00:00,1900-01-01T00:00:00,True,True,,,,,,False,-1,,False,,,,,,[],,[],[]
4617,JIA Bike Path @ Summer Waves,04292003_120000AM,111733.8498,-293107.9392,True,381 Riverview Drive,Near Summer Waves,,,,,-2.0,293,66,28.0,-2,False,,False,,0.05096,2012-01-01T00:00:00,1900-01-01T00:00:00,True,True,,,,,,False,-1,,False,,,,,,[],,[],[]
6095,JIA- Shellfish Restoration G.E.O.R.G.I.A. - Beach & Clam Creeks,10242006_120000AM,111685.16988,-293163.59988,True,,Clam Creek & Beach,,,,,-2.0,65,66,28.0,3,False,,False,,0.00395,2012-01-01T00:00:00,1900-01-01T00:00:00,True,True,,,,,,False,-1,,False,,,,,,[],,[],[]
3713,JIA/DNR CRD Ski Rixen Pond Public Docks,03132001_120000AM,111750.516,-293115.276,True,,North Of Summer Waves,,,03061998_120000AM & 04062004_1114 & 10132010_04104,,-2.0,269,66,28.0,-2,False,,False,,0.07576,2014-05-01T00:00:00,1900-01-01T00:00:00,True,True,,,,,,False,-1,,False,,,,,,[],,[],[]
38,Johnson (Allanson),03201972_120000AM,113517.4284,-292930.7112,True,1236 Buccaneer Club Road,E Of Buccaneer Club,,Belleville,09062002_100639AM,Lots 1-3 Block B And Lots 1-3 Block A,208.0,258,101,-2.0,14,False,,False,,0.0337,2012-01-01T00:00:00,1900-01-01T00:00:00,True,True,,,,,,False,-1,,False,,,,,,[],,[],[]
1900,Jones Creek Community Dock,08291996_120000AM,112579.272,-292841.712,True,116 Jones Creek Drive,"North, SSI",,St. Simons,,,226.0,170,66,59.0,3,False,,False,,0.10634,2012-01-01T00:00:00,1900-01-01T00:00:00,True,True,,,,,,False,-1,,False,,,,,,[],,[],[]
11738,Jones III (Betty McDonald Jones Revocable Trust),12162020_032122PM,112442.544,-292855.212,True,135 Sinclair Plantation Drive,,04-10329,St. Simons Island,,"Lot 3 Oatland, Lot 4 Sinclair",590.0,340,66,59.0,3,False,,False,,0.16478,2027-11-18T00:00:00,1900-01-01T00:00:00,False,True,,,,,,False,-1,,False,,,,,,[],,[],[]
1907,Julienton Landing,09231996_120000AM,113688.8712,-292718.502,True,End Of Julienton Landing NE,"50 ROW @ Gordon Street, 22nd GMD",,Townsend,,,227.0,174,101,-2.0,14,False,,False,,0.40882,2021-04-11T00:00:00,2008-07-31T00:00:00,True,True,,,,,,False,-1,,False,,,,,,[],,[],[]
6752,Kauffman (Ryan),04292008_103608AM,112157.208,-293086.044,True,144 Point Lane,,04-11179,,,Lot 12,233.0,230,66,59.0,12,False,,False,,0.0,1900-01-01T00:00:00,1900-01-01T00:00:00,True,True,,,,,,False,-1,,False,,,,,,[],,[],[]
769,"Kilkenny Creek (Kilkenny Campground, Bacot)",01301989_120200AM,114445.584,-292329.252,True,2943 Kilkenny Road,North Side Of Kilkenny Road & Kilkenny Fish Camp,,Richmond Hill,,"Parcel 3, 20th GMD",-2.0,176,18,-2.0,3,False,,False,,0.10418,1992-10-27T00:00:00,1900-01-01T00:00:00,True,True,,,,,,False,-1,,False,,,,,,[],,[],[]
719,Kilkenny Marina,08091988_120200AM,114439.8708,-292329.5544,True,3083 Kilkenny Road,S Side Of Kilkenny Road,,Richmond Hill,,"Parcels 1 To 3, 20th GMD, Bowers Estate",-2.0,176,18,-2.0,3,False,,False,,0.53406,2012-01-01T00:00:00,2029-02-27T00:00:00,True,False,,,,,,False,-1,,False,,,,,,[],,[],[]
1750,Kings Ferry/Ogeechee Public Ramp,10261995_120200AM,115122.78,-292636.62,True,,US Hwy. 17,,Savannah,,,-2.0,227,28,-2.0,14,False,,False,,0.02685,2012-01-01T00:00:00,1900-01-01T00:00:00,True,True,,,,,,False,-1,,False,,,,,,[],,[],[]
3139,Kings Marsh Villas Condos Crabbing Platform,09101999_120100PM,112198.968,-293006.088,True,207 Kingsmarsh Way,,04-11073,St. Simons,,,389.0,97,66,59.0,3,False,,False,,0.00854,2012-01-01T00:00:00,1900-01-01T00:00:00,True,True,,,,,,False,-1,,False,,,,,,[],,[],[]
10752,KLR Investments LLC (Merrill),05142018_095623AM,112199.796,-292960.26,True,530 Wesley Oak Circle And 121 Killgriffe,Wesley Oaks And Rowantree Subdivisions,04-00889 and 04-1157,,,Lot 21 And Lot 32,393.0,230,66,59.0,12,False,,False,,0.0,1900-01-01T00:00:00,1900-01-01T00:00:00,True,True,,,,,,False,-1,,False,,,,,,[],,[],[]
6530,Knox River Community Dock,10112007_095712AM,113095.332,-293014.98,True,,"Hwy 99 Past Blue 'N' Hall, 14.09 Acres",,,,"271st GMD, Formerly Mercer Tract",-2.0,181,101,-2.0,3,False,,False,,0.29889,2018-05-15T00:00:00,1900-01-01T00:00:00,True,True,,,,,,False,-1,,False,,,,,,[],,[],[]
325,Lake Georgie Limerick POA I-95 Spoil Site Palm Island Dr.,06121979_120000AM,114603.804,-292892.724,True,,I-95 Spoil Site #10/Palm Island Drive/River Road,,,11192013_021919PM & 11142016_023444PM,,-2.0,168,92,-2.0,14,False,,False,,63.0,2012-01-01T00:00:00,1900-01-01T00:00:00,True,True,,,,,,False,-1,,False,,,,,,[],,[],[]
718,Landings Harbor/Slip I (CSX Realty),08091988_120100AM,115499.988,-291900.996,True,,"East Of Westin Hotel, Slip 1",,,07252003_120000AM,,-2.0,260,28,25.0,14,False,,False,,162.10864,2012-01-01T00:00:00,1900-01-01T00:00:00,True,True,,,,,,False,-1,,False,,,,,,[],,[],[]
571,"Lands End HOA Dock, Pool, Bulkhead",03101987_120800AM,112172.904,-292927.14,True,2335 Ocean Rd,1500' Upstream Goulds Inlet,,,POSSIBLY 03111993_120000AM,,243.0,241,66,59.0,3,False,,False,,0.11084,2027-10-07T00:00:00,1900-01-01T00:00:00,False,True,,,,,,False,-1,,False,,,,,,[],,[],[]
476,"Lang (Big Oaks Seafood, North River Marina, Cook)",01101984_120000AM,110670.66,-293487.624,True,1176 New Point Peter Road,,161A 002,St. Marys,,,-2.0,220,23,-2.0,14,False,,False,,0.54243,2029-10-02T00:00:00,1900-01-01T00:00:00,False,True,,,,,,False,-1,,False,,,,,,[],,[],[]
465,Lang Seafood,10111983_120100PM,110591.856,-293573.916,True,100 East St. Marys Street: Off Osborne Street,,,St. Marys,03181980_120300AM,,-2.0,280,23,-2.0,14,False,,False,,0.14952,2029-05-29T00:00:00,1900-01-01T00:00:00,False,True,,,,,,False,-1,,False,,,,,,[],,[],[]
361,Lang's Marina (Dickeys & Son Seafood),03181980_120300AM,110591.136,-293570.784,True,100 East St. Marys Street: Off Ready Street,,,,10111983_120100PM,"Parcel 1, Block 13, Marginal Block 4",-2.0,280,23,-2.0,14,False,,False,,0.37147,2030-07-18T00:00:00,2019-02-28T00:00:00,False,True,,,,,,False,-1,,False,,,,,,[],,[],[]
3073,"LaRoche Avenue Properties, LLC (Pearls Elegant Pelican)",06181999_120000AM,115199.784,-291828.42,True,7010 LaRoche Avenue,7012 LaRoche Avenue,"10298 02014, 10298 02015, 10298 02032 ",Savannah,,Lot 24,-2.0,149,28,-2.0,14,False,,False,,0.00689,2023-05-30T00:00:00,1900-01-01T00:00:00,True,True,,,,,,False,-1,,False,,,,,,[],,[],[]
647,Laurel Grove Plantation Community Dock & Bulkhead,02091988_120300AM,112053.888,-293862.672,True,117 Laurel Grove Road,Off Chinquipin Drive,03-12865,,,"Lot 18, Phase 1",247.0,187,66,-2.0,3,True,,False,,0.09252,2012-01-01T00:00:00,1900-01-01T00:00:00,True,True,,,,,,False,-1,,False,,,,,,[],,[],[]
1160,Lazaretto Marina,07131992_120000AM,115251.012,-291178.152,True,1 Old US Highway 80,"Scarbrough (Fishermans Paradise, Chatham Yacht Clu",40024 01003,,04091979_120200AM,TCT NE Section Lazaretto Creek 0.6A,-2.0,190,28,63.0,3,False,,False,,0.17256,2016-01-01T00:00:00,1900-01-01T00:00:00,True,True,,,,,,False,-1,,False,,,,,,[],,[],[]
1365,Lewis Commercial Dock On Hammock,10051993_120000AM,111864.924,-293646.924,True,4457 Dover Bluff Road,Dover Bluff Road & Holly Oak Trail,126 020,,,,-2.0,201,23,-2.0,3,True,,False,,0.16761,2012-01-01T00:00:00,1900-01-01T00:00:00,True,True,,,,,,False,-1,,False,,,,,,[],,[],[]
5814,Liberty County River Road Drainage Pipes,04132006_120000AM,114237.252,-292562.172,True,,River Road,,,,,-2.0,170,92,-2.0,3,False,,False,,0.0,1900-01-01T00:00:00,1900-01-01T00:00:00,True,True,,,,,,False,30,2016-01-14T14:38:51.25,False,,,,,,[],,[],[]
5928,Liberty Harbor Marina Facility,07172006_021606PM,112046.04,-293345.64,True,,Adjacent To Sidney Lanier Bridge,,Brunswick,4/13/1993 12:01 & 4/16/1997,"26th GMD,  62.428 Acre Tract & 9.474 Acre Tract",252.0,39,66,-2.0,14,False,,False,,5.04686,2017-02-23T00:00:00,1900-01-01T00:00:00,True,True,,,,,,False,-1,,False,,,,,,[],,[],[]
4599,Liberty Ship (Sidney Lanier Bridge) Park,03282003_013630PM,112045.9176,-293331.492,True,,Under New Bridge On US HWY 17,,Brunswick,,,-2.0,67,66,-2.0,3,False,,False,,0.33508,2027-07-15T00:00:00,1900-01-01T00:00:00,False,True,,,,,,False,-1,,False,,,,,,[],,[],[]
10932,Lightship Marina,09172018_014338PM,115229.268,-291594.204,True,618 Wilmington Island Road,,10109 01005 ,Savannah,11121986_120400AM & 10222004_120200PM,Lot 36,528.0,301,28,67.0,3,False,,False,,0.97234,2025-07-17T00:00:00,1900-01-01T00:00:00,True,True,,,,,,False,-1,,False,,,,,,[],,[],[]
928,"Little Cumberland Island Homes Association, Inc.",11141990_120000AM,111421.476,-293115.492,True,77 Otter Trail,Atlantic/Shell Creek,,St. Marys,,"General's Mound, 31st GMD",-2.0,8,23,34.0,13,False,,False,,0.45202,2025-06-01T00:00:00,1900-01-01T00:00:00,True,True,,,,,,False,-1,,False,,,,,,[],,[],[]
2264,Little Hermitage Island Dock & Railway,03201998_120000AM,112395.996,-293607.468,True,1 Hermitage Island Drive,200 Oak Grove Island Road,,Brunswick,,,-2.0,302,66,-2.0,14,False,,False,,0.02011,2012-01-01T00:00:00,1900-01-01T00:00:00,True,True,,,,,,False,-1,,False,,,,,,[],,[],[]
389,Little St. Simons Island & Myrtle Pond LSSI,01201981_120100AM,112536.936,-292685.2236,True,,The Lodge At Little St. Simons,,,"11142012_0154PM, 06271980_1202AM,",,-2.0,139,66,37.0,12,False,,False,,0.86346,2027-08-02T00:00:00,1900-01-01T00:00:00,False,True,,,,,,False,-1,,False,,,,,,[],,[],[]
391,Little St. Simons Island - Glynn Co. Mosquito Ditches,01201981_120300AM,112631.346,-292655.5488,True,,Sancho Pan,,,,,-2.0,257,66,37.0,3,False,,False,,0.08689,2012-01-01T00:00:00,1900-01-01T00:00:00,True,True,,,,,,False,-1,,False,,,,,,[],,[],[]
559,London Hill Community Dock,11121986_120500AM,111026.88,-293805.396,True,0 London Hill Road W,Crooked,,,,,257.0,75,23,55.0,14,False,,False,,0.04104,2012-01-01T00:00:00,1900-01-01T00:00:00,True,True,,,,,,False,-1,,False,,,,,,[],,[],[]
434,"Long Point Plantation (Bankers First, Meridian, SunTrust) Community Dock",09141982_120600AM,115326.828,-291700.44,True,12 Grays Creek Drive,Grays,,,08222002_110106AM,,-2.0,125,28,66.0,3,False,,False,,0.1798,2018-03-24T00:00:00,1900-01-01T00:00:00,True,True,,,,,,False,-1,,False,,,,,,[],,[],[]
1428,Long Pointe Plantation Bridges To 3 Hammocks,03151994_120000AM,115314.48,-291693.528,True,Longbridge Road & Key Island Drive,,,,08222002_110106AM & 09141982_120,,259.0,320,28,-2.0,14,False,,False,,0.57645,2012-01-01T00:00:00,1900-01-01T00:00:00,True,True,,,,,,False,-1,,False,,,,,,[],,[],[]
6450,Longwood Preserve (Yankee Landing),08062007_043129PM,112053.384,-293982.084,True,Iron Safe Road Off Of Buckswamp Road,"YANKEE LANDING, LLC (SPRING TIDE COMMUNITIES, LLC)",03-18586,Brunswick,,"27th GMD 3,343.8 Acres",-2.0,197,66,-2.0,14,False,,False,,0.09862,2027-12-15T00:00:00,1900-01-01T00:00:00,False,True,,,,,,False,-1,,False,,,,,,[],,[],[]
10019,"Low Country Marine Resources, LLC",11222016_021716PM,115496.748,-291843.432,True,139 Fig Island Drive,,,,,Lot 1,-2.0,260,28,25.0,14,False,,False,,0.0,1900-01-01T00:00:00,1900-01-01T00:00:00,True,True,,,,,,False,-1,,False,,,,,,[],,[],[]
4598,Loyd,03282003_091125AM,113173.812,-292975.596,True,St. Joseph's Point SE Lot 37,Darden,,Darien,,Lot 37,509.0,163,101,-2.0,3,False,,False,,0.12725,2022-04-11T00:00:00,1900-01-01T00:00:00,True,True,,,,,,False,-1,,False,,,,,,[],,[],[]
9502,"Lumar, LLC",10202015_084919AM,110762.928,-293292.324,True,North Of Sea Camp Dock,Cumberland Island,181 006,,,"Tract 3 South, Parcel 4",-2.0,335,23,17.0,24,False,,False,,0.04784,2018-12-23T00:00:00,1900-01-01T00:00:00,True,True,,,,,,False,-1,,False,,,,,,[],,[],[]
148,Lunsford Culverts,05111973_120400AM,113239.512,-292932.072,True,916 Cedar Lane,Meridian,,,,,-2.0,163,101,-2.0,3,False,,False,,0.00083,2012-01-01T00:00:00,1900-01-01T00:00:00,True,True,,,,,,False,-1,,False,,,,,,[],,[],[]
9154,Lyons,10312014_111835AM,114941.088,-291885.372,True,17 Melinda Circle,,,Savannah,,17,61.0,213,28,-2.0,14,False,,False,,0.05189,2024-02-04T00:00:00,1900-01-01T00:00:00,True,True,,,,,,False,-1,,False,,,,,,[],,[],[]
4914,Maiden Creek Landing Community Dock,02092004_083618AM,111888.36,-293655.98999,True,437 Marina Way,,,,,"33rd District, G.M.",321.0,201,23,-2.0,3,True,,False,,0.10237,2012-01-01T00:00:00,1900-01-01T00:00:00,True,True,,,,,,False,-1,,False,,,,,,[],,[],[]
12678,Maier,06232023_090422AM,114244.74,-292446.036,True,Billy Harris Point,"Two Docks, Same Property",Parcel 369006,Midway,,,571.0,284,92,-2.0,3,False,,False,,5e-05,2023-05-06T00:00:00,1900-01-01T00:00:00,True,True,,,,,,False,-1,,False,,,,,,[],,[],[]
39,Mankin (Lucas) Canal Extension,03201972_120100AM,115236.792,-291831.408,True,5702 La Roche Avenue,,,,,NE Portion Lot #1,110.0,149,28,-2.0,14,False,,False,,0.13237,2012-01-01T00:00:00,1900-01-01T00:00:00,True,True,,,,,,False,-1,,False,,,,,,[],,[],[]
310,Marine Rescue Squadron Bulkhead,12131977_120000AM,115249.86,-291175.596,True,3 Old US Highway 80,Between Boen Marine & US 80 ROW,40024 01006 ,,,,-2.0,190,28,-2.0,3,False,,False,,0.06336,2012-01-01T00:00:00,1900-01-01T00:00:00,True,True,,,,,,False,-1,,False,,,,,,[],,[],[]
1039,"Marriott Riverfront (CS Hotels, Sayler/Saylor Manufacturing)",10201991_120000AM,115484.364,-291892.68,True,100 General McIntosh Blvd.,Foot Of Randolph Street,,Savannah,,,-2.0,260,28,-2.0,14,False,,False,,2.62906,2012-01-01T00:00:00,1900-01-01T00:00:00,True,True,,,,,,False,-1,,False,,,,,,[],,[],[]
1673,Marsh Harbor (Bryan Co.) Community Dock,06121995_120000AM,114581.736,-292564.62,True,7 Catherine View,,,Richmond Hill,,Lot #61,266.0,296,18,-2.0,14,False,,False,,0.08664,2012-01-01T00:00:00,1900-01-01T00:00:00,True,True,,,,,,False,-1,,False,,,,,,[],,[],[]
833,Marsh Harbor (Interstate Stations),10101989_120300AM,115299.396,-291578.148,True,Marsh Harbor Cove,Turner Creek,,,,Phase II Common Area A,266.0,301,28,-2.0,3,False,,False,,1.37794,2012-01-01T00:00:00,2033-05-31T00:00:00,True,False,,,,,,False,-1,,False,,,,,,[],,[],[]
1399,Marsh Point Storm Drain To Gully Hole Creek,01281994_120000AM,112379.99997,-292979.9988,True,,Sea Palms West,,,,,-2.0,131,66,-2.0,3,False,,False,,0.03444,2012-01-23T00:00:00,1900-01-01T00:00:00,True,True,,,,,,False,-1,,False,,,,,,[],,[],[]
4263,Marshs Edge (Coastal Community Retirement) Bridge,08162002_082738AM,112397.724,-292970.556,True,82 Renegar Road,Access From Frederica Rd & Delamotte Rd,,St. Simons,,Lot 16 & 2 Acre Hammock,271.0,131,66,59.0,3,False,,False,,0.0987,2012-01-01T00:00:00,1900-01-01T00:00:00,True,True,,,,,,False,-1,,False,,,,,,[],,[],[]
240,"Marshside (Brunswick Municipal Marina, Spankys, DNR Headquarters)",10161974_120000AM,112140.288,-293313.528,True,1200 Glynn Avenue,,,,,,-2.0,67,66,-2.0,3,False,,False,,0.11403,2019-11-29T00:00:00,1900-01-01T00:00:00,True,True,,,,,,False,-1,,False,,,,,,[],,[],[]
441,Martha Randolph Stevens (Shingle Landing) Park Boat Ramp,12141982_120500AM,114154.344,-292644.252,True,7163 Islands Highway,Off SR 38 Near Colonels Island,339D 001,,,11.91 Acre on Islands Highway,-2.0,50,92,15.0,3,False,,False,,0.24521,2030-07-18T00:00:00,1900-01-01T00:00:00,False,True,,,,,,False,-1,,False,,,,,,[],,[],[]
12438,Masneri (Ballesteros),09072022_112433AM,112409.64,-293546.448,True,104 Wyche Jones Ln,,,Brunswick,,,-2.0,42,66,-2.0,3,False,,False,,0.036,2026-12-21T00:00:00,1900-01-01T00:00:00,False,True,,,,,,False,-1,,False,,,,,,[],,[],[]
321,McCain Bulkhead & Riprap,04091979_120000AM,112289.256,-292915.332,True,160 Shore Rush Drive,,,,,Lot 233,423.0,26,66,-2.0,14,False,,False,,0.00551,2012-01-01T00:00:00,1900-01-01T00:00:00,True,True,,,,,,False,-1,,False,,,,,,[],,[],[]
1908,McIntosh Rod And Gun Club Marina (aka Blue 'N' Hall),09231996_120200AM,113059.152,-293012.28,True,1500 Blue N' Hall Road,"1/2 Acre 271st GMD, Blue 'N' Hall Road",,Darien,,,-2.0,220,101,-2.0,14,False,,False,,0.48091,2022-10-29T00:00:00,2029-02-27T00:00:00,True,False,,,,,,False,-1,,False,,,,,,[],,[],[]
1779,Mentzer,01161996_120000AM,114587.856,-292567.428,True,31 Tivoli Lane,64 Tivoli Trail Road,063 02 077 001,Richmond Hill,,Lot 1,125.0,296,18,-2.0,14,False,,False,,0.13131,2012-01-01T00:00:00,1900-01-01T00:00:00,True,True,,,,,,False,-1,,False,,,,,,[],,[],[]
4269,Merchants Wharf Condos Marina,08202002_095859AM,114374.16,-292600.512,True,NW Cuddy Lane,"1359th GMD, Merchants Wharf Condos",,Sunbury,,,-2.0,284,92,-2.0,2,False,,False,,0.30722,2012-01-01T00:00:00,2032-10-31T00:00:00,True,False,,,,,,False,-1,,False,,,,,,[],,[],[]
4994,Middleton Plantation Community Dock,03292004_035229PM,111821.544,-294138.0,True,704 Waverly Lane,,,,,"Tract ""A""",284.0,314,23,-2.0,3,False,,True,,0.09628,2012-01-01T00:00:00,1900-01-01T00:00:00,True,True,,,,,,False,-1,,False,,,,,,[],,[],[]
380,Mill Hill Landing Creek Excavation,08121980_120500AM,114846.192,-292460.688,True,,Hwy 144 & Mill Hill Landing Road,,,,,52.0,287,18,-2.0,3,False,,False,,1.65473,2012-01-01T00:00:00,1900-01-01T00:00:00,True,True,,,,,,False,-1,,False,,,,,,[],,[],[]
11298,Mill Hill Road,08302019_014355PM,114852.888,-292487.724,True,Mill Hill Road,,,,,,472.0,227,18,-2.0,18,False,,False,,0.24669,2025-10-02T00:00:00,1900-01-01T00:00:00,True,True,,,,,,False,-1,,False,,,,,,[],,[],[]
7457,Mims Street Improvements,02162011_023000AM,115210.3284,-291468.2328,True,,Mims Street,,Savannah,,"5th GMD, Parcel 9 0.0007 Acres",-2.0,16,28,67.0,3,False,,False,,0.002,2017-03-12T00:00:00,1900-01-01T00:00:00,True,True,,,,,,False,-1,,False,,,,,,[],,[],[]
6454,Minnich,08092007_120500PM,115151.004,-291834.864,True,150 Cardinal Road,,10358 01003,Savannah,,Lot 84,-2.0,149,28,26.0,18,False,,False,,0.01332,2030-03-01T00:00:00,1900-01-01T00:00:00,False,True,,,,,,False,-1,,False,,,,,,[],,[],[]
3415,Misty Harbor Marina,05112000_120100AM,111090.636,-293737.00968,True,0 Marina Isle Drive,Ward Island,,,,,291.0,255,23,-2.0,3,False,,False,,0.85312,2014-02-01T00:00:00,2030-01-01T00:00:00,True,False,,,,,,False,-1,,False,,,,,,[],,[],[]
480,Modena Island Bulkhead & Bridge,04191984_120000AM,115196.58,-291653.388,True,,Modena Island Drive,,,,,-2.0,270,28,41.0,14,False,,False,,0.11065,2012-01-01T00:00:00,1900-01-01T00:00:00,True,True,,,,,,False,-1,,False,,,,,,[],,[],[]
7111,Monroe,10062009_103749AM,110661.3864,-293440.3308,True,207 Overlook Lane,Point Peter,,St. Marys,,"372, Phase 3, 29th GMD",99.0,239,23,-2.0,3,True,,False,,0.14443,2024-11-22T00:00:00,1900-01-01T00:00:00,True,True,,,,,,False,-1,,False,,,,,,[],,[],[]
1344,Moon River Bay Community Dock,09071993_120100AM,115010.3088,-291968.5284,True,Full Moon Lane Between Lots 6 & 7,Moon River Bay Homeowners Association INC,10507 03021,Savannah,,,-2.0,213,28,-2.0,14,True,,False,,0.73832,2012-01-01T00:00:00,1900-01-01T00:00:00,True,True,,,,,,False,-1,,False,,,,,,[],,[],[]
4426,Moran Towing (TM2),10292002_015902PM,115491.024,-291908.988,True,East River Street,Savannah,2-0004-06-001,Savannah,,"Lots 4, 5, 6, 7 & W Port. Of 8",-2.0,260,28,-2.0,14,False,,False,,0.1581,2012-01-01T00:00:00,1900-01-01T00:00:00,True,True,,,,,,False,-1,,False,,,,,,[],,[],[]
119,"Morning Star (Golden Isles, Olsen) Marina: Live-Aboard Marina",10121972_120000AM,112205.196,-293095.224,True,206 Marina Drive,, 	0318832 ,,,Tract 1 Golden Isles Marina Village,-2.0,117,66,32.0,14,False,,False,,0.9617,2021-03-22T00:00:00,1900-01-01T00:00:00,True,True,,,,,,False,-1,,False,,,,,,[],,[],[]
256,Morrison (Devonwood Canal),12101974_120100AM,112231.98,-292997.916,True,240 Devonwood,,,St. Simons Island,,,111.0,97,66,59.0,3,False,,False,,2.00849,2026-10-30T00:00:00,1900-01-01T00:00:00,False,True,,,,,,False,-1,,False,,,,,,[],,[],[]
6631,"Mounsey (Hearn, Marsh Landing) Dock",01142008_120000AM,111019.50972,-293989.7376,True,,Brazell Place & Brazell Rd: 59.92 Acre Lot,,Woodbine,,"Formerly Tract 1,  Lands Of Gorbutt, 1606 GMD",268.0,75,23,-2.0,14,False,,False,,2.25718,2013-07-14T00:00:00,1900-01-01T00:00:00,True,True,,,,,,False,-1,,False,,,,,,[],,[],[]
847,Mullins (Demere) Community Dock & Bridge,11201989_120100AM,115260.1812,-291574.2996,True,,Turners Rock Road,,Savannah,,"15-acre Tract, Hammock C, Lot D, 5th GMD",-2.0,301,28,66.0,3,False,,False,,0.07883,2024-06-28T00:00:00,1900-01-01T00:00:00,True,True,,,,,,False,-1,,False,,,,,,[],,[],[]
5538,Murphy Dock,06132005_041957PM,114379.47036,-292607.44632,True,567 Brigantine Dunmore,,C74A-019,Midway,,"Lot 1-B, 1359th GMD",497.0,284,92,-2.0,2,False,,False,,0.31764,2014-03-31T00:00:00,1900-01-01T00:00:00,True,True,,,,,,False,-1,,False,,,,,,[],,[],[]
150,"Musgrove Plantation Fishing Reef, Bulkhead, Wharf, Riprap",05111973_120600AM,112399.2,-292877.1,True,5720 Frederica Road,,,,,,-2.0,31,66,59.0,3,False,,False,,0.71356,2012-01-01T00:00:00,1900-01-01T00:00:00,True,True,,,,,,False,-1,,False,,,,,,[],,[],[]
739,MWV-CABIN BLUFF (The Lodge At Cabin Bluff),10111988_120300AM,111195.936,-293456.268,True,3852 Union Carbide Road,Cabin Bluff,,Woodbine,01101974_120000AM,,-2.0,80,23,-2.0,14,False,,False,,1.83776,2022-05-19T00:00:00,1900-01-01T00:00:00,True,True,,,,,,False,-1,,False,,,,,,[],,[],[]
7334,Myrick Marine (Coastal Marine Construction Corp.),08192010_041146PM,115495.9236,-291825.5436,True,191 Fig Island Road,,2-0163-01-002,Savannah,,"Lot 7, 2nd GMD, SEDA",-2.0,260,28,25.0,14,False,,False,,0.15868,2019-06-26T00:00:00,1900-01-01T00:00:00,True,True,,,,,,False,-1,,False,,,,,,[],,[],[]
10767,Natalie's Place,05172018_025722PM,115244.532,-291483.216,True,Clayton Street,End Of Betz Creek Road,,Savannah,,,-2.0,22,28,67.0,4,False,,False,,0.01024,2024-07-01T00:00:00,1900-01-01T00:00:00,True,True,,,,,,False,-1,,False,,,,,,[],,[],[]
1585,Navy: Kings Bay Naval Submarine Base (Primary Site No.),11181994_120000AM,110878.938,-293463.6984,True,,SUBBASE Kings Bay,,St. Marys,01272005_095917AM; 02252013_012054PM,29th GMD,-2.0,178,23,-2.0,14,False,,False,,205.90624,2025-12-10T00:00:00,1900-01-01T00:00:00,True,True,,,,,,False,-1,,False,,,,,,[],,[],[]
1497,Neal (Hough) (Henderson) (Mills),06221994_120200AM,112064.616,-293660.064,True,178 Royal Drive,,03-13099,Brunswick,,36,394.0,197,66,-2.0,14,False,,False,,0.05099,2028-09-15T00:00:00,1900-01-01T00:00:00,False,True,,,,,,False,-1,,False,,,,,,[],,[],[]
1170,New Hope Plantation (Iannicelli) Dike/impoundment UA,08111992_120000AM,112691.448,-293213.232,True,157 Darien Highway,,,,10222021_031409PM,,305.0,272,66,-2.0,14,False,,False,,0.0,1900-01-01T00:00:00,1900-01-01T00:00:00,True,True,,,,,,False,-1,,False,,,,,,[],,[],[]
2151,North Waves Subdivision,11071997_120000AM,115276.68,-291100.356,True,Teresa Lane,Northwaves (North Waves) Subdivision,,,08222002_012642PM,,314.0,260,28,-2.0,14,False,,False,,0.18579,2013-01-01T00:00:00,1900-01-01T00:00:00,True,True,,,,,,False,-1,,False,,,,,,[],,[],[]
3779,NPS Fort Pulaski National Monument & Bar Pilot Dock & USCG Cockspur Island Station,05022001_120100PM,115298.424,-291214.3932,True,US Highway 80,Fort Pulaski National Monument,,Tybee,03012010_120000 & 04201995_120200AM,,-2.0,260,28,63.0,14,False,,False,,23.50416,2029-02-22T00:00:00,1900-01-01T00:00:00,False,True,,,,,,False,-1,,False,,,,,,[],,[],[]
1087,NPS: Cumberland Island National Seashore & Greyfield Inn,02141992_120100AM,111083.3604,-293259.6864,True,,Multiple Locations On Cumberland Island,,Saint Marys,,31st GMD,-2.0,218,23,17.0,-2,False,,False,,1.00148,2025-11-15T00:00:00,1900-01-01T00:00:00,True,True,,,,,,False,-1,,False,,,,,,[],,[],[]
305,NPS: Cumberland Island National Seashore Visitors Center & Ferry Docks,08051977_120000AM,110592.288,-293578.488,True,107 W St. Marys Street,"Off Osborne St., Marginal Lot 3, 29th GMD",S41 14 002,St. Marys,,,-2.0,280,23,-2.0,14,False,,False,,0.10783,2015-08-25T00:00:00,1900-01-01T00:00:00,True,True,,,,,,False,-1,,False,,,,,,[],,[],[]
6347,"O.B.A.D., LLC, Ortelio Bosch Pain Center",05222007_125500PM,115144.7904,-291857.3964,True,7450 Skidaway Road,Glenda Drive,1-377-13-36,Savannah,,Lot 1 & Easement Over Glenda Dr.,561.0,149,28,-2.0,14,False,,False,,0.01173,2016-08-03T00:00:00,1900-01-01T00:00:00,True,True,,,,,,False,-1,,False,,,,,,[],,[],[]
706,Oak Grove Island Plantation Marina,06141988_120300AM,112434.516,-293724.468,True,124 Mariners Walk,Oak Grove Island Dr,,,,,317.0,40,66,-2.0,14,False,,False,,0.16233,2012-01-01T00:00:00,2029-02-28T00:00:00,True,False,,,,,,False,-1,,False,,,,,,[],,[],[]
12861,Oak Grove Island POA,12192023_105646AM,112469.4,-293690.556,True,306 Oak Grove Island Drive,,,Brunswick,,,317.0,40,66,43.0,17,False,,False,,0.0,1900-01-01T00:00:00,1900-01-01T00:00:00,True,True,,,,,,False,-1,,False,,,,,,[],,[],[]
2319,Oak Grove Tidegates,05141998_120000AM,112483.044,-293616.072,True,,Oak Grove Island Causeway Off Hwy 341,,,,,-2.0,224,66,43.0,3,False,,False,,0.01536,2024-11-01T00:00:00,1900-01-01T00:00:00,True,True,,,,,,False,-1,,False,,,,,,[],,[],[]
8163,Oaks On The River I LLC,06062013_115552AM,112922.352,-293163.408,True,205 Fort King George Drive,277 Fort King George Drive,D007 0021,Darien,,"Parcels A & B, 271st GMD",-2.0,81,101,-2.0,14,False,,False,,0.05904,2025-07-17T00:00:00,1900-01-01T00:00:00,True,True,,,,,,False,-1,,False,,,,,,[],,[],[]
1515,Oatland Island Wildlife Center Fence & Dock,07221994_120100AM,115374.132,-291694.932,True,711 Sandtown Road,,10179 02001,,,Oatland Island Tract North of Oatland Island Rd,-2.0,250,28,44.0,3,False,,False,,0.32888,2024-03-08T00:00:00,1900-01-01T00:00:00,True,True,,,,,,False,-1,,False,,,,,,[],,[],[]
1321,Ocean Forest Golf Course,06301993_120000AM,112362.768,-292730.508,True,3610 Oglethorpe Drive,200 Ocean Road,0501330 ,Brunswick,,Acreage N of 36th Street,322.0,139,66,53.0,14,False,,False,,1.16132,2028-05-12T00:00:00,1900-01-01T00:00:00,False,True,,,,,,False,-1,,False,,,,,,[],,[],[]
313,Odum Dock,03081978_120000AM,115237.548,-291828.42,True,5610 Cherokee Ave.,,,,01062004_012904PM & 01052005_023107PM,,-2.0,149,28,-2.0,14,False,,False,,0.18834,2012-01-01T00:00:00,1900-01-01T00:00:00,True,True,,,,,,False,-1,,False,,,,,,[],,[],[]
1222,Offshore Community Dock,12141992_120000AM,115263.108,-291458.52,True,Between 111 & 221 Picket Row,,1-44-8-1,,,Easement On Lot 26,327.0,22,28,-2.0,3,False,,False,,0.11105,2012-01-01T00:00:00,1900-01-01T00:00:00,True,True,,,,,,False,-1,,False,,,,,,[],,[],[]
10381,Oleander Golf Course - JIA,06082017_122425PM,111823.56,-293095.944,True,322 Captain Wylly Road,,,,,,-2.0,230,66,28.0,-2,False,,False,,0.06648,2031-04-28T00:00:00,1900-01-01T00:00:00,False,True,,,,,,False,-1,,False,,,,,,[],,[],[]
3971,OSAN/Ocean Petroleum,11152001_120100PM,112111.308,-293386.3812,True,1025 Bay Street,,,Brunswick,02192009_025029PM,"Portion 27, 28 & 291025 Bay Street",333.0,102,66,-2.0,-2,False,,False,,0.17991,2015-05-10T00:00:00,1900-01-01T00:00:00,True,True,,,,,,False,-1,,False,,,,,,[],,[],[]
795,"Osprey Cove (Gillman Paper, City Of St. Marys) Road, Golf Cart Path & Bridges",06131989_120300AM,110696.99976,-293820.984,True,,Millers Branch,,,10101989_120400AM,,334.0,211,23,-2.0,7,False,,True,,1.41265,2012-01-01T00:00:00,1900-01-01T00:00:00,True,True,,,,,,False,-1,,False,,,,,,[],,[],[]
834,"Osprey Cove Dock, Ramp & Bridge",10101989_120400AM,110673.90972,-293834.556,True,123 Osprey Drive,Millers Branch,,,06131989_120300AM,,-2.0,211,23,-2.0,-2,False,,False,,0.33736,2021-09-09T00:00:00,1900-01-01T00:00:00,True,True,,,,,,False,-1,,False,,,,,,[],,[],[]
317,"Overlook Park Fishing Pier, Art Sculpture, Basin Oyster Restoration",11161978_120000AM,112151.772,-293320.584,True,1420 Glynn Avenue,"Hwy 17 S Of Gloucester, Overlook Park",,Brunswick,,,-2.0,67,66,-2.0,3,False,,False,,0.50386,2015-02-11T00:00:00,1900-01-01T00:00:00,True,True,,,,,,False,-1,,False,,,,,,[],,[],[]
4686,PAC Comm (GISCO Ice) Dock,07032003_120000AM,112113.324,-293386.788,True,1029 Bay Street,,,Brunswick,,,-2.0,39,66,-2.0,14,False,,False,,0.14811,2016-05-31T00:00:00,1900-01-01T00:00:00,True,True,,,,,,False,-1,,False,,,,,,[],,[],[]
369,Palm Grove Island Road & Dike,06271980_120000AM,112577.508,-293119.92,True,,Grant,,,07272026_022228PM,,-2.0,124,66,-2.0,7,False,,False,,0.18595,2012-01-01T00:00:00,1900-01-01T00:00:00,True,True,,,,,,False,-1,,False,,,,,,[],,[],[]
315,Palm Inlet Creation,06141978_120000AM,115212.096,-291104.928,True,,Under Catalina Dr. At St. Marco Dr.,,,,,-2.0,231,28,57.0,-2,False,,False,,34.43526,2012-01-01T00:00:00,1900-01-01T00:00:00,True,True,,,,,,False,-1,,False,,,,,,[],,[],[]
147,Palm Lake Estates Entrance Road & Lagoon,05111973_120300AM,112301.208,-293288.688,True,,Palmera Lane,,,02231988_120000AM & 06231994_120000AM,,-2.0,97,66,-2.0,3,False,,False,,1.1,2012-01-01T00:00:00,1900-01-01T00:00:00,True,True,,,,,,False,-1,,False,,,,,,[],,[],[]
655,Palm Lake Subdivision Access Road,02231988_120000AM,112301.064,-293289.48,True,,Palmera Lane,,,05111973_120300AM & 06231994_120000AM,,340.0,10,66,-2.0,14,False,,False,,0.03237,2012-01-01T00:00:00,1900-01-01T00:00:00,True,True,,,,,,False,-1,,False,,,,,,[],,[],[]
9865,Patel Sign,09152016_025229PM,115252.236,-291050.712,True,US 80 East Southside,Pamela Terrace Subdivison,4-0003 -03-001,Tybee Island,,"5th GMD, Lot Ten (10)",-2.0,160,28,63.0,3,False,,False,,0.0,1900-01-01T00:00:00,1900-01-01T00:00:00,True,True,,,,,,False,-1,,False,,,,,,[],,[],[]
211,Patel: Bridge To Hammock,06241974_120600AM,112426.056,-293720.256,True,330 Clipper Bay,Buffalo,,,,550,317.0,40,66,-2.0,14,False,,False,,0.09947,2030-10-15T00:00:00,1900-01-01T00:00:00,False,True,,,,,,False,-1,,False,,,,,,[],,[],[]
604,Peeples,09211987_120200AM,115228.5372,-291786.3216,True,5 Sylvan Island Road,,10270 01004,Savannah,,,-2.0,149,28,60.0,14,False,,False,,0.03741,2029-02-01T00:00:00,1900-01-01T00:00:00,False,True,,,,,,False,-1,,False,,,,,,[],,[],[]
312,Peninsula Point South Bridge And Riprap,01241978_120100AM,112293.288,-292918.14,True,,Off Shore Rush Drive In Sea Palms,,,,,349.0,26,66,-2.0,14,False,,False,,0.08264,2012-01-01T00:00:00,1900-01-01T00:00:00,True,True,,,,,,False,-1,,False,,,,,,[],,[],[]
1813,Peninsula south of terminal end of Brevard Point Road,03121996_120100AM,115228.476,-291441.564,True,Brevard Point Road,,,Savannah,,Lot 56,48.0,263,28,67.0,18,False,,False,,0.00799,2012-01-01T00:00:00,1900-01-01T00:00:00,True,True,,,,,,False,-1,,False,,,,,,[],,[],[]
12751,Penn Waller Road Culvert,08252023_020017PM,115247.376,-291508.416,True,Penn Waller Road Culvert,,,,,,-2.0,22,28,67.0,3,False,,False,,0.0486,2029-06-14T00:00:00,1900-01-01T00:00:00,False,True,,,,,,False,-1,,False,,,,,,[],,[],[]
4066,Phillips,02202002_120100AM,113512.068,-292932.684,True,1039 Club Lane,Rt. 1 Box 1763,,,,Lot 1,535.0,258,101,-2.0,14,False,,False,,0.16215,2021-02-21T00:00:00,1900-01-01T00:00:00,True,True,,,,,,False,-1,,False,,,,,,[],,[],[]
1226,Pigeon Island Bridge & Commercial Docks,12291992_120000AM,114982.812,-291885.264,True,Pigeon Island,Skidaway Narrows,10416 01001,,,Tract at igeonIsland 410.85 Acres,486.0,271,28,-2.0,-2,False,,False,,1.72176,2012-01-01T00:00:00,1900-01-01T00:00:00,True,True,,,,,,False,-1,,False,,,,,,[],,[],[]
4726,Pine Harbor Community Dock (Marina),08022003_120000AM,113575.536,-292938.588,True,0 Pine Harbor Marina Road NE,Aka Mallow End Of Pine Harbor Road,,,03251992_120000AM,,-2.0,230,101,-2.0,-2,False,,False,,0.0,1900-01-01T00:00:00,1900-01-01T00:00:00,True,True,,,,,,False,-1,,False,,,,,,[],,[],[]
300,Pine Island Lagoon,05101977_120000AM,112328.172,-293256.36,True,270 Pine Island Drive,,,,,,-2.0,235,66,49.0,3,False,,False,,3.00145,2012-01-01T00:00:00,1900-01-01T00:00:00,True,True,,,,,,False,-1,,False,,,,,,[],,[],[]
309,Pinova (Hercules),10201977_120200AM,112191.408,-293293.26,True,2334 Glynn Avenue,Warde Lane,01-03941,Brunswick,,,-2.0,100,66,-2.0,3,False,,False,,0.03315,2016-12-26T00:00:00,1900-01-01T00:00:00,True,True,,,,,,False,-1,,False,,,,,,[],,[],[]
6111,Plantation Creek (Sprinfield Properties),11022006_120200PM,112291.5168,-293621.3208,True,Location Not Accurate - Couldn't Locate PIN,Near Camp Tolochee,03-07520,Brunswick,11022006_120100AM,"27th GMD, Many Subdivision Lots",270.0,152,66,10.0,-2,False,,False,,0.15588,2014-12-18T00:00:00,1900-01-01T00:00:00,True,True,,,,,,False,-1,,False,,,,,,[],,[],[]
374,Plantation Point Condos (Hampton Plantation),08071980_120000AM,112657.5072,-292830.0192,True,,Butler Point,04-11650,,,,357.0,139,66,59.0,14,False,,False,,0.26505,2017-08-31T00:00:00,1900-01-01T00:00:00,True,True,,,,,,False,-1,,False,,,,,,[],,[],[]
151,Planting Hammock Community Dock (Todd),05111973_120700AM,114117.444,-292665.492,True,,Off Circle Drive,,Midway,,"Lots 4-6, Section A",358.0,50,92,-2.0,3,False,,False,,0.27695,2012-01-01T00:00:00,1900-01-01T00:00:00,True,True,,,,,,False,-1,,False,,,,,,[],,[],[]
6743,Planting Hammock Community Dock (Todd),04172008_120000AM,114119.0928,-292666.212,True,,Off Circle Drive,"Lots 4-6, Section A",Midway,,"Recreational Area Between Sections A & B, 1359th G",358.0,50,92,15.0,3,False,,False,,0.15509,2019-01-06T00:00:00,2036-02-29T00:00:00,True,False,,,,,,False,-1,,False,,,,,,[],,[],[]
1586,Pleasure Bluff Dock Club (Haymans),11281994_120000AM,113687.964,-292720.8528,True,,End Of Cherry Lane,,Shellman Bluff,,"Unopened ROW Of Julienton Blvd., 22nd GMD",360.0,174,101,-2.0,14,False,,False,,0.29054,2015-06-02T00:00:00,2033-05-31T00:00:00,True,False,,,,,,False,-1,,False,,,,,,[],,[],[]
4809,Pleasure Point Community Dock,10312003_024851PM,113519.52,-293085.18,True,Pleasure Point Lane NE,1117 Pleasure Point Lane NE,0048B 0077,Eulonia,,Lots 4 & 5,359.0,258,101,51.0,14,True,,False,,0.05916,2026-02-11T00:00:00,1900-01-01T00:00:00,True,True,,,,,,False,-1,,False,,,,,,[],,[],[]
7431,Plum Creek: Jelks Tract,01052011_112550AM,114072.084,-292803.9696,True,,"Hwy 17/S Newport/N Newport/S Payne Creek, Jelks Tr",,,,15th GMD Mult. Hammocks,-2.0,222,92,-2.0,14,False,,False,,0.7989,2017-12-14T00:00:00,1900-01-01T00:00:00,True,True,,,,,,False,-1,,False,,,,,,[],,[],[]
5311,Point Pleasant Day Camp,10292004_120000AM,115295.976,-291554.208,True,,"W Of Wilminton Island, Point Pleasant, Sunset Blvd",,Talahi,,,-2.0,301,28,61.0,3,True,,False,,0.44748,2017-07-27T00:00:00,1900-01-01T00:00:00,True,True,,,,,,False,-1,,False,,,,,,[],,[],[]
2387,Postell (Sands),07311998_120200PM,112401.684,-292758.156,True,"318 W 55th Street, Cottage 522",318 West Fifty Fifth Street,05-00635,Sea Island,,Lot 32 Block 97,422.0,309,66,53.0,3,False,,True,,0.10251,2027-02-23T00:00:00,1900-01-01T00:00:00,False,True,,,,,,False,-1,,False,,,,,,[],,[],[]
2093,"Powell (Dow, Sea Palms Development)",09021997_120300AM,112344.588,-292991.256,True,1063 Sea Palms West Drive,Mailing: 15 Dow Place,04-08739,,,LOT 6C & A PTN OF 6B off Lot 2,423.0,97,66,59.0,3,False,,False,,0.20656,2018-04-03T00:00:00,1900-01-01T00:00:00,True,True,,,,,,False,-1,,False,,,,,,[],,[],[]
327,"Poythress Causeway, Dockhouse & Dock",06121979_120300AM,115265.952,-291452.94,True,611 Oemler Loop,,,,,Lot #5,398.0,22,28,67.0,3,False,,False,,0.2581,2012-01-01T00:00:00,1900-01-01T00:00:00,True,True,,,,,,False,-1,,False,,,,,,[],,[],[]
199,Property Owenrs For The Restoration Of Shad River,05291974_120000AM,115251.732,-291424.644,True,743 Morningside Drive,"A, B, & C Disp. Sites",,,10172001_120000AM,,326.0,263,28,-2.0,14,False,,False,,3.90266,2012-01-01T00:00:00,1900-01-01T00:00:00,True,True,,,,,,False,-1,,False,,,,,,[],,[],[]
6849,"Raccoon Key (Margaret's Key, Isla De Mapache) Mitigation Bank",08042008_100000AM,111640.3668,-293279.7456,True,,"Raccoon Key, Barrier Island",163 001,Woodbine,,33rd GMD,-2.0,304,23,-2.0,3,False,,False,,7.86657,2028-04-06T00:00:00,1900-01-01T00:00:00,False,True,,,,,,False,-1,,False,,,,,,[],,[],[]
1461,Rainbow Island Boardwalk & JD,04221994_120400AM,112234.14,-292877.568,True,130 Rainbow Island Drive,"Off Sea Island Road, Rainbow Island",04-00715,,,,-2.0,26,66,73.0,14,False,,False,,0.35678,2023-05-31T00:00:00,1900-01-01T00:00:00,True,True,,,,,,False,-1,,False,,,,,,[],,[],[]
139,Readdick Causeway To Buzzard Island,01151973_120000AM,110981.592,-293816.016,True,Buzzard Roost Island,Hammock NW Of Laurel Island Links,119 022,,,,-2.0,75,23,-2.0,18,False,,False,,0.0,2012-01-01T00:00:00,1900-01-01T00:00:00,True,True,,,,,,False,-1,,False,,,,,,[],,[],[]
6231,Riceboro Landing Public Boat Ramp,02232007_120000AM,114280.2432,-293090.6124,True,Interstate Paper Road,"1 Acre More Or Less, 15th GMD",,,,,-2.0,249,92,-2.0,3,False,,False,,0.04812,2013-04-23T00:00:00,1900-01-01T00:00:00,True,True,,,,,,False,-1,,False,,,,,,[],,[],[]
5194,"Richardson Creek S/d (Dorsey/Vine/Gould; Union Camp, US Government)",08202004_120100PM,115394.976,-291634.344,True,158 & 160 & 162 Oatland Island Road,,,,,Lots 45-47; Redivided To Lots 1-3,388.0,250,28,-2.0,3,False,,False,,0.02461,2012-01-01T00:00:00,1900-01-01T00:00:00,True,True,,,,,,False,-1,,False,,,,,,[],,[],[]
12267,Rigger Private Dock,03112022_092016AM,113504.868,-292948.056,True,1047 Head Lane NE,,,Townsend,,Lot 7 & 8,404.0,258,101,-2.0,14,False,,False,,0.02468,2030-10-17T00:00:00,1900-01-01T00:00:00,False,True,,,,,,False,-1,,False,,,,,,[],,[],[]
931,Rio Road Connector To Abercorn,11141990_120300AM,115136.82,-292239.504,True,,Abercorn Extension & Fulton Road Extension,,,,,-2.0,114,28,-2.0,14,False,,False,,1.30854,2012-01-01T00:00:00,1900-01-01T00:00:00,True,True,,,,,,False,-1,,False,,,,,,[],,[],[]
399,Ritter Hammock (J. C. Lewis) Bridge,05141981_120200AM,114873.012,-291852.072,True,Green Island Road,Ritter Hammock Off Skidaway Island,,,,,-2.0,89,28,-2.0,3,False,,False,,0.50079,2012-01-01T00:00:00,1900-01-01T00:00:00,True,True,,,,,,False,-1,,False,,,,,,[],,[],[]
4635,River Cottages At Ocean Forest Lots 1-10,05282003_120000AM,112398.948,-292747.608,True,518 Ocean Forest Road,Dune Cottages Neighborhood,05-01318,Sea Island,,Lots 1-10 River Cottages @ Ocean Forest 25th GMD,322.0,139,66,53.0,14,False,,False,,0.08119,2018-11-16T00:00:00,1900-01-01T00:00:00,True,True,,,,,,False,-1,,False,,,,,,[],,[],[]
892,"River Marsh Estates Road, Boat Ramp, Parking",05221990_120200AM,113672.52,-292934.412,True,1111 Chimney River Drive,,,,,,-2.0,206,101,-2.0,3,False,,False,,0.06424,2012-01-01T00:00:00,1900-01-01T00:00:00,True,True,,,,,,False,-1,,False,,,,,,[],,[],[]
793,River Oaks Community Ramp & Dock (Hsu),06131989_120100AM,113526.0,-293094.0,True,1049 Pine Point Lane,,,,,,380.0,258,101,51.0,14,False,,False,,0.12771,2012-01-01T00:00:00,1900-01-01T00:00:00,True,True,,,,,,False,-1,,False,,,,,,[],,[],[]
4956,"River Place Plantation (RiverPlace, Spring Bluff, The River Place) Community Dock",03032004_033306PM,112006.5408,-293926.8888,True,,Little Satilla,,,,391 Acres,382.0,197,23,-2.0,14,True,,False,,0.21916,2012-01-01T00:00:00,1900-01-01T00:00:00,True,True,,,,,,False,-1,,False,,,,,,[],,[],[]
1615,River Street Market Landing (J&W Commercial Dock),02011995_120000AM,115490.916,-291910.428,True,504 East River Street,502 East River Street / 504 River Street,20004 06001,Savannah,03301990_120300AM,FRONT WHARF LT 7 W PT 8 + ALL OF 4 5 6 EASEMENT 4,-2.0,260,28,-2.0,14,False,,False,,0.05455,2031-02-27T00:00:00,1900-01-01T00:00:00,False,True,,,,,,False,-1,,False,,,,,,[],,[],[]
877,River Street Market Place Parking (Byck),03301990_120300AM,115490.592,-291911.616,True,502 East River Street,,,Savannah,02011995_120000AM,Lots 2 & 3 Harbor Frontage,-2.0,260,28,-2.0,14,False,,False,,0.00459,2012-01-01T00:00:00,1900-01-01T00:00:00,True,True,,,,,,False,-1,,False,,,,,,[],,[],[]
578,River's Edge Homeowners Association Common Area,06161987_120300AM,115023.89998,-292063.68972,True,Common Area Rivers Edge Drive,River's Edge At Camp Strachan,10578 01017,,,,386.0,307,28,-2.0,14,True,,False,,32.54117,2029-04-09T00:00:00,1900-01-01T00:00:00,False,True,,,,,,False,-1,,False,,,,,,[],,[],[]
328,Riverside II  Community Dock,06121979_120400AM,112216.14,-293239.656,True,5000 Riverside Drive,Back,,,02091988_120500AM,,-2.0,10,66,-2.0,14,False,,False,,0.02617,2012-01-01T00:00:00,1900-01-01T00:00:00,True,True,,,,,,False,-1,,False,,,,,,[],,[],[]
649,Riverside II Community Dock,02091988_120500AM,112216.14,-293239.872,True,5000 Riverside Drive,,,,06121979_120400AM,"Phase II, Black Beard Circle Island",388.0,10,66,-2.0,14,False,,False,,0.34126,2012-01-01T00:00:00,2026-06-25T00:00:00,True,True,,,,,,False,-1,,False,,,,,,[],,[],[]
6212,"Riverside Yacht Club LLC (Gentile,Tolomato Partners)",02132007_011221PM,112139.604,-293395.932,True,#2 & #3 St. Andrews Court,,,Brunswick,06012007_091143AM,2 & 3,-2.0,102,66,-2.0,14,False,,False,,0.05674,2013-07-15T00:00:00,1900-01-01T00:00:00,True,True,,,,,,False,-1,,False,,,,,,[],,[],[]
314,Riverview Health (Chatham County Nursing Home Authority),04091978_120000AM,115210.6092,-291829.9788,True,6711 LaRoche Avenue,,,,02252009_120000AM,,-2.0,149,28,-2.0,14,False,,False,,0.03512,2012-01-01T00:00:00,1900-01-01T00:00:00,True,True,,,,,,False,-1,,False,,,,,,[],,[],[]
2096,"Riverview Towne Houses (River View Townhome, Thunderbolt Condos) Community Dock",09041997_120100AM,115321.536,-291776.076,True,3303 E. Victory Drive,,,,06122007_120500PM,Lots 1220 A & B,-2.0,320,28,67.0,14,False,,False,,0.04389,2012-01-01T00:00:00,1900-01-01T00:00:00,True,True,,,,,,False,-1,,False,,,,,,[],,[],[]
10689,Riverwalk Extension,03082018_021358PM,115485.336,-291893.904,True,100 General McIntosh Blvd.,Marriot Hotel,,Savannah,,"Parcel A, 6.099 Acre 5th GMD",-2.0,260,28,-2.0,14,False,,False,,0.0,2023-02-26T00:00:00,1900-01-01T00:00:00,True,True,,,,,,False,-1,,False,,,,,,[],,[],[]
543,"Riverwatch Common (Frederica Yacht Club, Shipwreck, Golden Isles Condos)",05131986_120400AM,112200.12,-293104.836,True,1 Marina Drive,SSI Causeway By Golden Isles Marina,,Brunswick,12072006_120800PM,,-2.0,117,66,59.0,14,False,,False,,3.29611,2017-01-20T00:00:00,2015-12-31T00:00:00,True,True,,,,,,False,-1,,False,,,,,,[],,[],[]
4590,Robbins,03252003_033121PM,112441.104,-293718.96,True,108 Clipper Bay,Mailing: 107 Hickory Pine,,Brunswick,,Lot 8,317.0,40,66,-2.0,14,False,,False,,0.08384,2012-01-01T00:00:00,1900-01-01T00:00:00,True,True,,,,,,False,-1,,False,,,,,,[],,[],[]
5564,Rockingham Farms Industrial park,07122005_092654AM,115295.58,-292259.34,True,120 Landmark Boulevard W,Rahn Dairy at Veterans Parkway,1-0943 -01-001,Savannah,SUBDIVIDED 03292004_120000AM,,-2.0,245,28,-2.0,1,False,,False,,2.14139,2031-02-27T00:00:00,1900-01-01T00:00:00,False,True,,,,,,False,-1,,False,,,,,,[],,[],[]
4991,Rockingham Industrial Complex,03292004_120000AM,115260.48,-292270.64997,True,SEDA Rockingham Industrial Complex,Rockingham Farms Tract By Veterans Parkway,,,SUBDIVIDED 07122005_092654AM,,-2.0,196,28,-2.0,14,False,,False,,50.11769,2028-07-07T00:00:00,1900-01-01T00:00:00,False,True,,,,,,False,-1,,False,,,,,,[],,[],[]
5478,Roth (Mahany/Hennessy),04012005_032307PM,115127.622,-291572.9208,True,1910 Stone Street,E PT LOT 128 A,1-0098-04-003,Savannah,,,528.0,135,28,67.0,14,False,,False,,0.17862,2025-05-10T00:00:00,1900-01-01T00:00:00,True,True,,,,,,False,-1,,False,,,,,,[],,[],[]
12367,Rountree,06092022_091622AM,113935.356,-292689.972,True,1026 Riverpoint Ln,"Lot 87, Riverpoint Dr,",,Townsend,,Lot 87,31.0,275,101,6.0,14,False,,False,,0.00253,2030-10-31T00:00:00,1900-01-01T00:00:00,False,True,,,,,,False,-1,,False,,,,,,[],,[],[]
3953,Rousakis Plaza/River Street County Docks,10232001_120100AM,115492.968,-291920.76,True,,River Street West Of Abercorn,,,,River Mile 14.5,-2.0,260,28,-2.0,14,False,,False,,0.08026,2025-11-13T00:00:00,1900-01-01T00:00:00,True,True,,,,,,False,-1,,False,,,,,,[],,[],[]
138,Royal,12151972_120000AM,115063.344,-292364.892,True,0 Shore Road,Rainbow And Shore Drive,1-0995-01-007,,,Lot 7,-2.0,128,28,-2.0,14,False,,False,,0.56539,2017-05-08T00:00:00,1900-01-01T00:00:00,True,True,,,,,,False,-1,,False,,,,,,[],,[],[]
1401,Royal Oaks Community Dock & Bulkhead,01311994_120000AM,112066.668,-293617.62,True,100 Royal Drive,Little Satilla,03-13062,,,Common Area Royal Oak ,394.0,197,66,-2.0,14,False,,False,,0.06055,2012-01-01T00:00:00,1900-01-01T00:00:00,True,True,,,,,,False,-1,,False,,,,,,[],,[],[]
6155,Russell Causeway Culverts/Bridge,12272006_120000AM,111886.632,-294161.1624,True,,"Still Island, 2260 Acres",,Waverly,08031988_120000AM,,-2.0,317,23,-2.0,3,False,,False,,0.01545,2013-02-12T00:00:00,1900-01-01T00:00:00,True,True,,,,,,False,-1,,False,,,,,,[],,[],[]
289,"Safe Harbor Bahia Blue, LLC/Bahia Bleu/Fountain Marina/Morningstar Marina",06091976_120000AM,115313.4,-291776.64984,True,2812 River Drive,Fountain Bleu Tract & Nelson Tract,,Thunderbolt,,,-2.0,320,28,-2.0,14,False,,False,,0.47792,2013-10-23T00:00:00,2030-07-12T00:00:00,True,False,,,,,,False,-1,,False,,,,,,[],,[],[]
6558,"Sail Harbor (DBL, Inc.)",10302007_121500PM,115226.208,-291589.524,True,604 Wilmington Island Rd,,,Savannah,03131996_120000AM,,-2.0,301,28,67.0,3,False,,False,,0.0,1900-01-01T00:00:00,1900-01-01T00:00:00,True,True,,,,,,False,-1,,False,,,,,,[],,[],[]
6835,Salt River Properties (Riptide Holdings) Dock,07252008_022642PM,114106.284,-292626.468,True,392 Cattle Hammock Rd.,,,Hinesville,06052009_120101PM,"Tract Two/Lot 3 & 20ft ROW, 1359th GMD",167.0,222,92,15.0,14,False,,False,,0.04829,2016-12-05T00:00:00,1900-01-01T00:00:00,True,True,,,,,,False,-1,,False,,,,,,[],,[],[]
4900,"Sanctuary Cove Marina & Bridges (Martin Managements, St. Andrews)",01292004_100137AM,112012.524,-293699.736,True,,Little Satilla,,,01251974_120000AM,,399.0,197,23,-2.0,14,True,,False,,0.60382,2015-06-01T00:00:00,1900-01-01T00:00:00,True,True,,,,,,False,-1,,False,,,,,,[],,[],[]
2129,Sandy Shores (Tipton) Bridge To Hammock,10081997_120100PM,115269.84,-291102.156,True,,"Unopened Street, Abandoned Central RR ROW",,Tybee,,"Lots 2-5, Block 1",-2.0,260,28,63.0,14,False,,False,,0.01,2012-01-01T00:00:00,1900-01-01T00:00:00,True,True,,,,,,False,-1,,False,,,,,,[],,[],[]
5798,Sapelo Bluff Community Dock (Wynn),04072006_120000AM,113509.116,-292935.636,True,,"W Of Buccaneer Club Rd, E Of Caledonia Rd",,Belleville,,,403.0,258,101,-2.0,14,False,,False,,0.1932,2016-12-20T00:00:00,1900-01-01T00:00:00,True,True,,,,,,False,-1,,False,,,,,,[],,[],[]
4388,Sapelo Gardens Community Dock,09272002_040141PM,113505.156,-292941.756,True,,"Azalia Rd., See Court Order",,Crescent,,NE Corner 2 Block D,404.0,258,101,-2.0,14,False,,False,,0.11863,2016-04-18T00:00:00,1900-01-01T00:00:00,True,True,,,,,,False,-1,,False,,,,,,[],,[],[]
1740,Sapelo Island Nature Trail,10241995_120000AM,113026.86,-292545.612,True,,Near Old Beach Road,,,,,-2.0,85,101,51.0,3,False,,False,,0.25969,2029-03-14T00:00:00,1900-01-01T00:00:00,False,True,,,,,,False,-1,,False,,,,,,[],,[],[]
9359,Sapelo Island Research Foundation Dock & Approach Causeway,06022015_013853PM,113165.568,-292610.412,True,,Off E West Autobon,,,,,-2.0,13,101,51.0,3,False,,False,,0.28696,2027-04-08T00:00:00,1900-01-01T00:00:00,False,True,,,,,,False,-1,,False,,,,,,[],,[],[]
5593,Sapelo River Marina (Pelican Point Restaurant),08262005_120000AM,113527.8,-292903.236,True,Route 1 Box 1672,Sapelo Avenue,,,,"Multiple, 1515th GMD",-2.0,253,101,-2.0,1,False,,False,,0.24628,2023-04-05T00:00:00,1900-01-01T00:00:00,True,True,,,,,,False,-1,,False,,,,,,[],,[],[]
8720,"Sapelo River Marina, LLC",01082014_022303PM,113529.06,-292906.188,True,1418 SAPELO AVE NE,,,Townsend,,"Tract 1, 1.68 Acre, 1515th GMD",29.0,253,101,-2.0,24,False,,False,,0.24942,2026-09-30T00:00:00,1900-01-01T00:00:00,False,True,,,,,,False,-1,,False,,,,,,[],,[],[]
5654,"Sapelo Shellfish, LLC (Sea Garden Seafoods)",11072005_120000AM,113370.4944,-292834.944,True,1512 Amason Avenue SE,,074A 0022,Crescent,,,-2.0,58,101,-2.0,3,False,,False,,0.34314,2029-02-28T00:00:00,1900-01-01T00:00:00,False,True,,,,,,False,-1,,False,,,,,,[],,[],[]
660,Sapelo Woods Community Dock,03141988_120000AM,113664.132,-292732.344,True,1242 Dovie Drive,,0072B 0072,Shellman Bluff,,"Lot 13, Block F, Phase I",406.0,174,101,-2.0,14,False,,False,,0.88872,2017-06-13T00:00:00,2030-07-21T00:00:00,True,False,,,,,,False,-1,,False,,,,,,[],,[],[]
3091,Sapphire Island Betz Creek Community Dock,07121999_120000AM,115266.636,-291453.2568,True,Sapphire Island Rd,Immediately West And South Of The Timber Bridge,,Savannah,,,34.0,22,28,-2.0,3,False,,False,,0.05422,2012-01-01T00:00:00,1900-01-01T00:00:00,True,True,,,,,,False,-1,,False,,,,,,[],,[],[]
2503,Sapphire Island S/d Phase V Bridges,12141998_120000AM,115271.46,-291452.544,True,,Sapphire Island Road,,,10/13/1995;12/14/1998;  7/12/1999; 4/26/2000;  7/2,Phase 5,34.0,22,28,-2.0,3,False,,False,,0.2,2012-01-01T00:00:00,1900-01-01T00:00:00,True,True,,,,,,False,-1,,False,,,,,,[],,[],[]
4938,Satilla River Landing POA,02262004_085021AM,111488.076,-294136.884,True,101 Branch Creek Road,,,Woodbine,,"Tract A, Amenity Tract, 31st GMD",407.0,259,23,-2.0,14,False,,False,,0.89302,2019-05-26T00:00:00,1900-01-01T00:00:00,True,True,,,,,,False,-1,,False,,,,,,[],,[],[]
12452,Satilla River Marsh Island Natural Area & Stafford Island,09232022_111816AM,111483.396,-293360.076,True,,Stafford = Cumberland Sound; Satilla = Satilla,,,,,-2.0,259,23,-2.0,14,False,,False,,0.05193,2028-03-08T00:00:00,1900-01-01T00:00:00,False,True,,,,,,False,-1,,False,,,,,,[],,[],[]
1730,Satilla River Public Dock & City Of Woodbine Boardwalk,10011995_120100AM,111503.556,-294206.688,True,Bedell Ave & E. 1st Street,Fat Godley Bridge,,Woodbine,,,-2.0,259,23,-2.0,14,False,,False,,0.74665,2012-01-01T00:00:00,1900-01-01T00:00:00,True,True,,,,,,False,-1,,False,,,,,,[],,[],[]
4520,"Savannah Acid Plant (Kerr-McGee Pigments, Kemira, Tronox, American Cyanamid)",01162003_120000AM,115461.684,-291739.536,True,1 Kerr McGee Road,,,Savannah,06131989_1202; 06251973_1202; 11011988_1200,,-2.0,293,28,-2.0,12,False,,False,,0.00482,2016-11-18T00:00:00,1900-01-01T00:00:00,True,True,,,,,,False,-1,,False,,,,,,[],,[],[]
871,Savannah Bend Marina,03131990_120200AM,115327.872,-291762.36,True,3500 Macceo Drive,East Bank Of Wilm. River On Macceo Island,30008 01001,Thunderbolt,06101992_120100AM,"Parcel B, 3.85 Acres, 5th GMD",-2.0,320,28,38.0,14,False,,False,,1.89394,2014-01-01T00:00:00,2030-09-17T00:00:00,True,False,,,,,,False,-1,,False,,,,,,[],,[],[]
278,Savannah Boathouse (Williams Seafood),11131975_120000AM,115328.664,-291457.62,True,8020 Hwy. 80 East,Williams Seafood,,Savannah,,"Lot A, 6th GMD, 4.91 Acre",-2.0,41,28,-2.0,14,True,,False,,2.00183,2025-09-10T00:00:00,2031-01-31T00:00:00,True,False,,,,,,False,-1,,False,,,,,,[],,[],[]
5739,"Savannah Bulk Terminals (Liberty, East Coast, Chatham Service Corp.)",02012006_123000PM,115480.98,-291852.0,True,,Harbor St. @ Marine Terminal Drive,,Savannah,10141988_120100PM,,-2.0,260,28,-2.0,14,False,,False,,3.75221,2026-09-10T00:00:00,1900-01-01T00:00:00,True,True,,,,,,False,-1,,False,,,,,,[],,[],[]
1848,Savannah City Hall Ferry Dock & Rousakis Plaza Bulkhead,06071996_120200AM,115494.138,-291924.6588,True,One International Drive,"River St., Between Sylvan Byck & GA Power, E Of Hy",,Savannah,,"Lots 1 To 10, 5th GMD",-2.0,260,28,-2.0,14,False,,False,,0.39141,2021-05-10T00:00:00,1900-01-01T00:00:00,True,True,,,,,,False,-1,,False,,,,,,[],,[],[]
558,Savannah Marina - Wilmington Partners LLC (Sail Harbor),11121986_120400AM,115228.44,-291589.74,True,606 Wilmington Island Road,"(DBL, The Yachtworks, Dick Long)",10109 01068,Savannah,10302007_121500PM & 09172018_014338PM & 10222004_1,Lot 33,528.0,301,28,67.0,3,False,,False,,0.4479,2030-04-05T00:00:00,2032-09-30T00:00:00,False,False,,,,,,False,-1,,False,,,,,,[],,[],[]
767,Savannah Marine Services,01301989_120000AM,115510.86,-291941.496,True,,RM 14.5,,,09061988_120000AM,,-2.0,260,28,25.0,14,False,,False,,0.10216,2012-01-01T00:00:00,1900-01-01T00:00:00,True,True,,,,,,False,-1,,False,,,,,,[],,[],[]
481,Savannah Resource Recovery Plant (Tronox),06121984_120000AM,115474.5,-291706.308,True,,Kemira Road,,,02132015_124250PM & 01162003_120000AM,,-2.0,320,28,-2.0,14,False,,False,,13.94233,2012-01-01T00:00:00,1900-01-01T00:00:00,True,True,,,,,,False,-1,,False,,,,,,[],,[],[]
5014,"Savannah River Landing (The Village At Oglethorpe Landing, CSX, Port Royal Marine Corps)",04082004_120100PM,115482.5028,-291888.2412,True,1000 E President Street,W Of Marriott N Of River Street,2511 & 2616,Savannah,08112006_120000AM & 12122007_120400PM & 01041990_1,"0.28 Acre Portion Of Lamar Canal, 2nd GMD",330.0,260,28,-2.0,14,False,,False,,2.22458,2022-09-26T00:00:00,1900-01-01T00:00:00,True,True,,,,,,False,-1,,False,,,,,,[],,[],[]
7106,Savannah State Marsh Die Off Study,09292009_011410PM,115265.7108,-291103.3512,True,,Chatham County,,,,,-2.0,293,28,-2.0,12,False,,False,,0.00046,2013-01-01T00:00:00,1900-01-01T00:00:00,True,True,,,,,,False,30,2017-03-10T13:03:23.02,False,,,,,,[],,[],[]
9499,Savannah State University Marine Science Facility,10192015_105600AM,115249.212,-291818.556,True,2717 Livingston Avenue,,,Savannah,,,-2.0,70,28,-2.0,3,False,,False,,0.32053,2023-05-16T00:00:00,1900-01-01T00:00:00,True,True,,,,,,False,-1,,False,,,,,,[],,[],[]
4998,Savannah Steel Terminal,04012004_100301AM,115557.12,-292006.044,True,355 North Lathrop Avenue,End Of Carolyn St. Between Colonial Oil & Global S,10550 02003 ,Savannah,09141976_120100PM,,-2.0,260,28,-2.0,14,False,,False,,6.81848,2012-01-01T00:00:00,1900-01-01T00:00:00,True,True,,,,,,False,-1,,False,,,,,,[],,[],[]
4390,"Savannah Yacht Center (Global Ship Systems, Palmer Johnson & Savannah, Intermarine, Enmark Plant 2)",10012002_015712PM,115554.384,-292003.056,True,301 N. Lathrop Ave,,,Savannah,04141988_120800AM; 01221989_120000AM; 08221989_120,,-2.0,260,28,-2.0,14,False,,False,,24.84853,2012-01-01T00:00:00,1900-01-01T00:00:00,True,True,,,,,,False,-1,,False,,,,,,[],,[],[]
290,Savannah Yacht Club Facility,06091976_120100PM,115268.328,-291664.08,True,730 Bradley Point Road,,,Savannah,,,44.0,299,28,66.0,3,False,,False,,0.15643,2030-11-14T00:00:00,2031-05-30T00:00:00,False,False,,,,,,False,-1,,False,,,,,,[],,[],[]
324,"Scarbrough (Fishermans Paradise, Chatham Yacht Club)",04091979_120300AM,115251.012,-291177.756,True,1 Old US Highway 80,,40024 01003,,07131992_120000AM,TCT NE Section Lazaretto Creek 0.6 Acres,-2.0,190,28,63.0,3,False,,False,,0.07197,2012-01-01T00:00:00,1900-01-01T00:00:00,True,True,,,,,,False,-1,,False,,,,,,[],,[],[]
6158,Sea Island Aquisition LLC (Correll),01022007_100832AM,112485.43512,-292982.12172,True,356 Pikes Bluff Drive,,04-13463,,,"Lot 203, 25th GMD, Phase IV",155.0,117,66,59.0,14,False,,False,,0.16982,2027-09-27T00:00:00,1900-01-01T00:00:00,False,True,,,,,,False,-1,,False,,,,,,[],,[],[]
552,Sea Island Beach Renourishment Borrow Area & Recycling,10241986_120000AM,112293.792,-292804.308,True,,Between 20th & 36th,,,SPA #149,,-2.0,26,66,53.0,14,False,,False,,5.78512,2012-01-01T00:00:00,1900-01-01T00:00:00,True,True,,,,,,False,-1,,False,,,,,,[],,[],[]
120,Sea Island Golf Course & Residential Tracts,10121972_120100AM,112173.264,-293068.8,True,,"Golf Course, Seaside Tract, Hospital Tract",,St. Simons Island,,,-2.0,177,66,59.0,3,False,,False,,3.48585,2024-04-07T00:00:00,1900-01-01T00:00:00,True,True,,,,,,False,-1,,False,,,,,,[],,[],[]
2028,"Seabreeze Island Community Dock Association, Inc.",06091997_120000AM,113254.38,-292888.836,True,1 Seabreeze Island,Russels Old Private Dock,,Meridian,4/2/2004 10:25,"35 Ft. Easement Over A Portion Of Lot 4, 1515 GMD",-2.0,163,101,54.0,3,False,,False,,0.04679,2021-09-24T00:00:00,1900-01-01T00:00:00,True,True,,,,,,False,-1,,False,,,,,,[],,[],[]
594,"Seafood Distributors (Savannah Fish & Oyster, Bay Fish Co., Galtbreath Seafood)",08251987_120300AM,114351.912,-292519.656,True,23756 Hwy 144,Casey Island Of Hwy 144/Bryan Neck Road,,,,"418 W. Bryan St., Savannah",144.0,90,18,-2.0,3,False,,False,,1.75744,2020-05-18T00:00:00,1900-01-01T00:00:00,True,True,,,,,,False,-1,,False,,,,,,[],,[],[]
153,Seapoint Marine Terminal,06251973_120200AM,115481.304,-291713.076,True,100 Seapoint Blvd,1 Kerr McGee Road,,Savannah,06131989_1202; 01162003_1200; 11011988_1200,,-2.0,260,28,-2.0,14,False,,False,,70.14831,2030-12-11T00:00:00,1900-01-01T00:00:00,False,True,,,,,,True,106,2025-02-26T15:04:36.15,False,,,,,,[],,[],[]
188,Seascape (C-Scape) Community Dock & Pond,04241974_120000AM,114628.284,-292816.08,True,Bwtween 837 & 775 Seascape Drive,2 1/4mi. Upriver From Buttermilk Sound,,,06021995_120000AM,,-2.0,168,18,-2.0,14,False,,False,,1.0044,2012-01-01T00:00:00,1900-01-01T00:00:00,True,True,,,,,,False,-1,,False,,,,,,[],,[],[]
1668,Seascape (C-Scape) Community Dock & Pond,06021995_120000AM,114628.176,-292815.612,True,,Bwtween 837 & 775 Seascape Drive,,Richmond Hill,04241974_120000AM,,426.0,168,18,-2.0,14,False,,False,,0.02628,2012-01-01T00:00:00,1900-01-01T00:00:00,True,True,,,,,,False,-1,,False,,,,,,[],,[],[]
2046,Sedgemore Community Dock,06261997_120100AM,112505.652,-293175.288,True,4704 U.S. 17 North,,,Brunswick,,"Lots 1,-3 Deed Restricted",428.0,300,66,-2.0,3,True,,False,,0.55656,2012-01-01T00:00:00,1900-01-01T00:00:00,True,True,,,,,,False,-1,,False,,,,,,[],,[],[]
4258,Serenity Bluff Community Dock,08142002_101134AM,113706.0,-292689.0,True,2592 Dallas Bluff Road,Next To 2504 Dallas Bluff Road,,Townsend,,Lot 6,431.0,174,101,-2.0,14,False,,False,,0.16248,2012-01-01T00:00:00,1900-01-01T00:00:00,True,True,,,,,,False,-1,,False,,,,,,[],,[],[]
761,Settlers Bluff Condos & Marina,01121989_120000AM,112924.512,-293179.896,True,,Darien Adjacent To Skippers,,,,,-2.0,81,101,-2.0,14,False,,False,,0.08994,2012-01-01T00:00:00,2023-03-08T00:00:00,True,True,,,,,,False,-1,,False,,,,,,[],,[],[]
9624,Shadowlawn LLC,02192016_124131PM,110671.812,-293717.916,True,101 David Porter Court,301 Moeckel Place,135 094R,St. Marys,,"Parcel 2, Phase 3",436.0,32,23,-2.0,3,False,,False,,0.0,2019-05-17T00:00:00,1900-01-01T00:00:00,True,True,"
","
","
","
","
",False,-1,,False,,,,,,[],,[],[]
1812,Shell Point Community Dock,03121996_120000AM,113584.104,-292921.02,True,Shell Point Dock Road NE,Rt. 3 Box 220,,Townsend,,,440.0,258,101,-2.0,14,False,,False,,0.25237,2012-01-01T00:00:00,2026-03-24T00:00:00,True,True,,,,,,False,-1,,False,,,,,,[],,[],[]
5783,Shell Point Cove,03122006_120000AM,113605.74,-292909.896,True,1972 Marthes Lame NE,Randall Drive & Shell Point Cove Road,0060 0039025,Pine Harbor,,"8 Ft Acess Easement, 22nd GMD",441.0,316,101,-2.0,3,True,,False,,0.53008,2012-01-01T00:00:00,2033-02-28T00:00:00,True,False,,,,,,False,-1,,False,,,,,,[],,[],[]
8748,Shellman Bluff Condominiums,01092014_044312PM,113644.26,-292756.068,True,0 McIntosh Street,NE Of Fisherman's Lodge Road,,,ASSOCIATED W/ 08311998_120000AM,,-2.0,38,101,-2.0,14,False,,False,,0.17407,2016-01-18T00:00:00,1900-01-01T00:00:00,True,True,,,,,,False,-1,,False,,,,,,[],,[],[]
1193,"Shellman Bluff Hotel & Docks (Fishermans Lodge, Kipps Motel)",10071992_120000AM,113654.34,-292752.828,True,1240 River Road NE,River Road & Kipp Street,0072C 0023,Darien,,"Tract I 0.71 & Tract II 0.51 Acres, 22nd GMD",442.0,38,101,-2.0,14,False,,False,,1.30211,2012-01-01T00:00:00,2020-12-31T00:00:00,True,True,,,,,,False,-1,,False,,,,,,[],,[],[]
1897,Simmons (Mixson),08221996_120100AM,110678.76,-293782.284,True,130 Live Oak Circle,,122F 206,St. Marys,09062006_040840PM,"Lot 206, St. Marys Road",334.0,211,23,-2.0,-2,False,,True,,0.02681,2012-01-01T00:00:00,1900-01-01T00:00:00,True,True,,,,,,False,-1,,False,,,,,,[],,[],[]
339,Simon (Moore),08141979_121000AM,115363.188,-291591.576,True,49 Penrose Drive,,,,,,-2.0,250,28,66.0,3,False,,False,,0.06029,2012-01-01T00:00:00,1900-01-01T00:00:00,True,True,,,,,,False,-1,,False,,,,,,[],,[],[]
2082,"Simpson, Bodamer, Heyward",08251997_120100AM,113111.748,-293012.604,True,1083 Knox Creek Lane,,,,,"Section 2 & 3 Of Parcel A, Hwy 99",-2.0,181,101,-2.0,14,False,,False,,0.13161,2012-01-01T00:00:00,1900-01-01T00:00:00,True,True,,,,,,False,-1,,False,,,,,,[],,[],[]
4562,Skidaway State Park,03112003_120000AM,115040.6604,-291787.1784,True,Skidaway State Park,Diamond Causeway E Of Skidaway Narrows Bridge,,,,,253.0,270,28,56.0,14,False,,False,,0.14933,2026-06-17T00:00:00,1900-01-01T00:00:00,True,True,,,,,,False,-1,,False,,,,,,[],,[],[]
12540,SKIO Fuel Dock,01192023_030245PM,115164.9,-291677.22,True,10 Ocean Science Circle,,,Savannah,,,396.0,270,28,56.0,14,False,,False,,0.04091,2028-06-01T00:00:00,1900-01-01T00:00:00,False,True,,,,,,False,-1,,False,,,,,,[],,[],[]
4912,SKIO Main Dock,02062004_100517AM,115162.2,-291681.504,True,10 Ocean Science Circle,Skidaway Institute Of Oceanography Main Dock,10146 01002,Savannah,03251974_120200AM,,-2.0,270,28,56.0,14,False,,False,,0.26911,2029-03-04T00:00:00,1900-01-01T00:00:00,False,True,,,,,,False,-1,,False,,,,,,[],,[],[]
12683,SKM HERITAGE HOLDINGS LLC (Marsh Pirate),06292023_033039PM,112925.376,-293172.516,True,100 Screven St,Darien Waterfront - East Of Boat Ramp,D007 0025,Darien,,Lot 9 And 10,-2.0,81,101,-2.0,14,False,,False,,0.07801,2029-04-04T00:00:00,1900-01-01T00:00:00,False,True,,,,,,False,-1,,False,,,,,,[],,[],[]
6153,Smith,12192006_040029PM,115258.14,-291658.572,True,141 Fairwind Road,Center Portion Of Lot 2,10135 01036,Savannah,,Lot 2-A-2 Recom of Lot 2,44.0,320,28,66.0,14,False,,False,,0.3896,2022-08-22T00:00:00,1900-01-01T00:00:00,True,True,,,,,,False,-1,,False,,,,,,[],,[],[]
13299,Smith,04082025_092404AM,111890.088,-293655.24,True,"Tract 1, 2, 3 Maiden Creek Landing Phase 2",42 Cayman Ct.,"125R 185A,  125R 185",,,"1, 2, 3. Phase 2",262.0,201,23,-2.0,3,False,,False,,0.08329,2031-05-08T00:00:00,1900-01-01T00:00:00,False,True,,,,,,False,-1,,False,,,,,,[],,[],[]
189,Smith Dynamite Canal,04241974_120100AM,113655.456,-292745.52,True,Smith Road,Dallas Bluff,,Shellman Bluff,,,442.0,174,101,-2.0,14,False,,False,,0.27548,2012-01-01T00:00:00,1900-01-01T00:00:00,True,True,,,,,,False,-1,,False,,,,,,[],,[],[]
12884,Sorry Charlie's Commercial Dock,01252024_022633PM,115331.544,-291462.984,True,230 East Point Drive,,,Savannah,,,-2.0,41,28,61.0,14,False,,False,,0.1241,2030-03-07T00:00:00,1900-01-01T00:00:00,False,True,,,,,,False,-1,,False,,,,,,[],,[],[]
1290,South Harbor Hammocks (Lufburrow),04281993_120100PM,114908.9976,-291888.0,True,103-206 Noble View,Burnside,,Savannah,,,449.0,43,28,56.0,14,False,,False,,0.59766,2012-01-01T00:00:00,1900-01-01T00:00:00,True,True,,,,,,False,-1,,False,,,,,,[],,[],[]
538,South Harbor Marina,03111986_120100AM,114910.56,-291877.812,True,Lufburrow Way,,10394 01029,Savannah,,Lot B-1-A South Harbor,449.0,43,28,56.0,14,False,,False,,17.61054,2025-08-03T00:00:00,2024-06-25T00:00:00,True,True,,,,,,False,-1,,False,,,,,,[],,[],[]
1709,"South Newport MB (Tidewaters Solutions, South Newport Village RV)",08111995_120000AM,113928.192,-293008.752,True,39 Sawgrass Lane,,,Riceboro,05292020_025828PM,"Parcel 5, 5-D & 5-C",-2.0,275,92,-2.0,14,False,,False,,0.13342,2012-01-01T00:00:00,1900-01-01T00:00:00,True,True,,,,,,False,-1,,False,,,,,,[],,[],[]
137,Southern Liquid Natural Gas (SLNG) Elba Island (El Paso),12141972_120000AM,115497.972,-291576.996,True,,"Elba Island, RM 7.0",,Savannah,12102018_081724AM,5th GMD,-2.0,260,28,-2.0,14,False,,False,,2025.83723,2019-12-12T00:00:00,1900-01-01T00:00:00,True,True,,,,,,False,-1,,False,,,,,,[],,[],[]
7956,Southern States Phosphate & Fertilizer,02122013_034716PM,115485.804,-291817.728,True,1750 E. President St.,"Now Known As SeaGate Terminls Savannah, LLC",1-0289-01-009,Savannah,10141988_120100PM & 12181974_120000AM,"3rd GMD, 7.62 Acres",-2.0,260,28,-2.0,14,False,,False,,6.30473,2018-10-18T00:00:00,1900-01-01T00:00:00,True,True,,,,,,False,-1,,False,,,,,,[],,[],[]
6655,"Spaceport Camden (Union Carbide, Dow, Bayer Crop Sceince, Aventis, Thiokol Chemical, Rhone-Poulenc,",02122008_015446PM,111371.22,-293425.776,True,5954 Union Carbide Road,Harriets Bluff Rd,155 001,Woodbine,,"Tract 4, 31st GMD",-2.0,297,23,-2.0,3,False,,False,,1.55781,2030-04-17T00:00:00,1900-01-01T00:00:00,False,True,,,,,,False,-1,,False,,,,,,[],,[],[]
1361,Spaulding Point Community Dock,09281993_120000AM,113739.084,-292684.248,True,,End Of Zack Street,,Townsend,,,459.0,174,101,-2.0,14,False,,False,,0.21894,2012-01-01T00:00:00,1900-01-01T00:00:00,True,True,,,,,,False,-1,,False,,,,,,[],,[],[]
545,Sportsman's Marina,05131986_120600AM,112970.5884,-293181.7464,True,,New River Road,,,,,-2.0,55,101,-2.0,3,False,,False,,0.46625,2012-01-01T00:00:00,1900-01-01T00:00:00,True,True,,,,,,False,-1,,False,,,,,,[],,[],[]
1482,Springfield Canal (Savannah - Ogeechee Canal) Tidegates,05311994_120200AM,115488.612,-291971.052,True,,Oglethorpe Avenue,,,,,-2.0,227,28,-2.0,1,False,,False,,0.24,2012-01-01T00:00:00,1900-01-01T00:00:00,True,True,,,,,,False,-1,,False,,,,,,[],,[],[]
2167,Springfield Plantation Ramp,12041997_120000AM,113825.988,-292741.308,True,Julienton Drive,,,Off Harris Neck Rd.,,Lot 161 Palmetto Point Drive,462.0,174,101,-2.0,14,False,,False,,0.08792,2012-01-01T00:00:00,1900-01-01T00:00:00,True,True,,,,,,False,-1,,False,,,,,,[],,[],[]
5439,St. Andrews School,02282005_021312PM,115245.252,-291509.84268,True,,Penn Waller Road,1-0061 -02-009,Savannah,,,-2.0,22,28,67.0,3,False,,False,,0.02704,2012-12-28T00:00:00,1900-01-01T00:00:00,True,True,,,,,,False,-1,,False,,,,,,[],,[],[]
1583,St. Catherines Island,11171994_120000AM,114006.42,-292175.1324,True,,Walburg Creek,,,,,-2.0,311,92,58.0,3,False,,False,,0.1171,1987-04-02T00:00:00,1900-01-01T00:00:00,True,True,,,,,,False,79,2019-04-04T10:21:39.5,False,,,,,,[],,[],[]
3696,St. Marys Boardwalk,02162001_120000AM,110596.896,-293598.252,True,,St. Marys Street W & Chelsea Place,,St. Marys,,,-2.0,280,23,-2.0,14,False,,False,,0.09183,2012-01-01T00:00:00,1900-01-01T00:00:00,True,True,,,,,,False,-1,,False,,,,,,[],,[],[]
665,"St. Marys Boat Service (North River Railyard, Davis Boatworks)",03251988_120000AM,110676.852,-293489.964,True,1084 New Point Peter Road,,,,,,-2.0,220,23,-2.0,14,False,,False,,0.04849,2028-04-03T00:00:00,1900-01-01T00:00:00,False,True,,,,,,False,-1,,False,,,,,,[],,[],[]
306,St. Marys Fishing Pier - Howard Gilman Memorial Park (MacDonell Shipyard),08051977_120100PM,110592.1098,-293582.268,True,,Between Seagrove And Wheeler,,St. Marys,02022001_120000AM,,-2.0,280,23,-2.0,14,False,,False,,0.09883,2013-01-01T00:00:00,1900-01-01T00:00:00,True,True,,,,,,False,-1,,False,,,,,,[],,[],[]
5452,"St. Marys Intracoastal Gateway Marina(504, LLC; Sawyer Marina)",03102005_120000AM,110590.416,-293567.004,True,100 Ready Street,City Of St. Marys Dock (East),S41-12-00,St. Marys,,"Lot 14 (Ready St. & E. Stable Alley), 29th GMG",-2.0,280,23,-2.0,14,False,,False,,1.10222,2023-08-27T00:00:00,2033-08-31T00:00:00,True,False,,,,,,False,-1,,False,,,,,,[],,[],[]
271,St. Marys Wastewater Treatment Plant,04081975_120000AM,110600.856,-293556.168,True,,S End Of Weed Street,,,08181989_120000AM,Lot 101 And 102,-2.0,202,23,-2.0,3,False,,False,,1.0,2012-01-01T00:00:00,1900-01-01T00:00:00,True,True,,,,,,False,-1,,False,,,,,,[],,[],[]
10222,St. Simons Land Trust Guale Preserve (Musgrove Plantation),02162017_083522AM,112409.676,-292875.588,True,Lawernce Road,Village Drive,,,,Phase 1,-2.0,337,66,59.0,3,False,,False,,0.01336,2025-11-05T00:00:00,1900-01-01T00:00:00,True,True,,,,,,False,-1,,False,,,,,,[],,[],[]
299,St.Mary's Marina (Lang's Seafood Restaurant & Cruise Ship Dock),03081977_120000AM,110589.336,-293588.784,True,307 West St. Marys Street,Off Seagrove Street,,St. Marys,,"Lot 169, 29th GMD",-2.0,280,23,-2.0,14,False,,False,,2.25574,2029-07-12T00:00:00,2035-09-30T00:00:00,False,False,,,,,,False,-1,,False,,,,,,[],,[],[]
2557,Stafford Public Park Dock,02081999_120000AM,113523.264,-292902.012,True,,Boundary & Cedar,"Belleville Bluff, 15",Belleville,,Public Park,467.0,258,101,-2.0,14,False,,False,,0.09486,2014-06-10T00:00:00,1900-01-01T00:00:00,True,True,,,,,,False,-1,,False,,,,,,[],,[],[]
9151,Sterling Creekside Kayak Launch,10312014_085812AM,114895.584,-292647.312,True,,Creekside Subdivison,,Richmond Hill,,,469.0,283,18,-2.0,-2,False,,False,,0.00735,2019-06-13T00:00:00,1900-01-01T00:00:00,True,True,,,,,,False,-1,,False,,,,,,[],,[],[]
5217,Sterling Links Golf Cart Bridge,09022004_120400PM,114894.0,-292646.988,True,,403.2 Acre Tract,,,,,372.0,283,18,-2.0,3,False,,False,,0.06618,2012-01-01T00:00:00,1900-01-01T00:00:00,True,True,,,,,,False,-1,,False,,,,,,[],,[],[]
1947,Stoeffer (Sharpe) Dock & Bridge To Hammock,01151997_120200AM,115222.86,-291122.604,True,98 Catalina Drive,Sazarine,10012 01007,Savannah,,,-2.0,261,28,57.0,3,False,,False,,0.09453,2012-01-01T00:00:00,1900-01-01T00:00:00,True,True,,,,,,False,-1,,False,,,,,,[],,[],[]
7326,Stone Street Utility Line Project,08112010_101400AM,115126.9524,-291572.3988,True,,Stone Street,1009804002,Savannah,,"Estate Of M.A. Gillikin, 5th GMD",178.0,135,28,67.0,14,False,,False,,0.039,2016-06-23T00:00:00,1900-01-01T00:00:00,True,True,,,,,,False,30,2016-05-03T12:44:14.267,False,,,,,,[],,[],[]
287,Strathy Hall Development,05111976_120000AM,114851.52,-292495.752,True,,Marsh Edge East Of Baylor Road,,,11301989_120000AM,,472.0,227,18,-2.0,14,False,,False,,2.0,2012-01-01T00:00:00,1900-01-01T00:00:00,True,True,,,,,,False,-1,,False,,,,,,[],,[],[]
1934,Stringfellow (Dunn)(Langston Private Dock),12041996_120000AM,112458.348,-293003.856,True,401 Mimosa Rd. Ext.,,0415443,St. Simons Island,,,-2.0,117,66,59.0,14,False,,False,,0.05451,2029-03-18T00:00:00,1900-01-01T00:00:00,False,True,,,,,,False,-1,,False,,,,,,[],,[],[]
291,Suncrest Boulevard,07131976_120000AM,115317.468,-291543.984,True,559 Suncrest Boulevard,Formerly 553 prior to recombination of lots,10082 01025 ,,01212016_112718AM,Lot AA Recombination of Lots A-1B & A2A Sunset,-2.0,301,28,61.0,3,False,,False,,0.01722,2012-01-01T00:00:00,1900-01-01T00:00:00,True,True,,,,,,False,-1,,False,,,,,,[],,[],[]
595,Sutherland Bluff Community Dock,08261987_120000AM,113582.3184,-292803.9264,True,138 Sutherland Bluff Drive,,,Shellman Bluff,,,478.0,258,101,-2.0,14,False,,False,,0.27409,2030-08-29T00:00:00,2009-02-28T00:00:00,False,True,,,,,,False,-1,,False,,,,,,[],,[],[]
12399,Sweet Hill Boat Hoist (Unserviceable),07142022_034622PM,114599.7,-292547.952,True,,Between 394 And 346 Sayle Lane,0632105CA,Richmond Hill,,,480.0,296,18,-2.0,14,False,,False,,0.0,1900-01-01T00:00:00,1900-01-01T00:00:00,True,True,,,,,,False,-1,,False,,,,,,[],,[],[]
5661,Sylvan Island Access Road & Causeway,11142005_033609PM,115280.892,-291773.16,True,Lawrence Street,Sylvan Island Road,3-0007 -02-014,Thunderbolt,,,-2.0,319,28,60.0,3,False,,False,,0.09366,2029-11-27T00:00:00,1900-01-01T00:00:00,False,True,,,,,,False,-1,,False,,,,,,[],,[],[]
12776,Tattnal Lane Bulkhead,09082023_102217AM,110651.184,-293441.04,True,"107, 111, 115, And 117 Tattnal Lane",,"160C 572, 573, 574,",,,"Lot 572, 573, 574, 575, 576, 577",99.0,239,23,-2.0,3,False,,False,,0.04107,2029-04-05T00:00:00,1900-01-01T00:00:00,False,True,,,,,,False,-1,,False,,,,,,[],,[],[]
930,Terra Firma Hammock (Camoose Landing),11141990_120200AM,115256.772,-291544.776,True,,Johnny Mercer Blvd Extension,,,,Lot 260,528.0,301,28,67.0,3,False,,False,,1.04,2012-01-01T00:00:00,1900-01-01T00:00:00,True,True,,,,,,False,-1,,False,,,,,,[],,[],[]
5219,The Battery (Strother),09072004_120100PM,112205.71908,-292946.63076,True,323 McIntosh Avenue,298 McIntosh Avenue,04-00952,St. Simons,,Lot 75,483.0,306,66,59.0,3,True,,False,,0.29754,2012-01-01T00:00:00,1900-01-01T00:00:00,True,True,,,,,,False,-1,,False,,,,,,[],,[],[]
262,The Bluff Subdivision & Hidden Harbor Marina (Oelschig),01201975_120000AM,115416.072,-291715.812,True,8 & 10 Sandy Point Road,S Of Island Expressway,,,05092005_011303PM,Lot 11 & 12,485.0,320,28,-2.0,14,False,,False,,7.31529,2012-01-01T00:00:00,1900-01-01T00:00:00,True,True,,,,,,False,-1,,False,,,,,,[],,[],[]
13043,"The Bluffs At Laurel View, LLC",07172024_114013AM,114436.296,-292694.688,True,Dock Area Bluffs At Laurel View,Sunbury Road,319002,,,,250.0,207,92,-2.0,14,False,,False,,0.13822,2030-07-18T00:00:00,1900-01-01T00:00:00,False,True,,,,,,False,-1,,False,,,,,,[],,[],[]
2098,The Cloister Docks,09081997_120000AM,112250.916,-292865.652,True,,Black Banks,,Sea Island,11301989_120200AM,"45, The Cloister",-2.0,26,66,53.0,14,False,,False,,0.63674,2027-01-31T00:00:00,2009-02-28T00:00:00,False,True,,,,,,False,-1,,False,,,,,,[],,[],[]
2423,The Crab Shack (Chimney Creek Fishing Camp),09111998_120000AM,115240.6332,-291114.6264,True,40 Estill Hammock Rd.,"E Fork Estill Hammock By Estill Station, 5th GMD",1-0013-01-027,Tybee,,,140.0,63,28,63.0,3,False,,False,,0.1539,2012-01-01T00:00:00,2017-06-30T00:00:00,True,True,,,,,,False,-1,,False,,,,,,[],,[],[]
2383,The Estates On Grove River,07311998_120000AM,115055.6328,-292363.7652,True,,End Of Rainbow Drive,,Georgetown,09251992_120000AM,,491.0,128,28,-2.0,14,False,,False,,0.14907,2012-01-01T00:00:00,1900-01-01T00:00:00,True,True,,,,,,False,-1,,False,,,,,,[],,[],[]
1965,The Hammocks At Long Point,02171997_120000AM,115319.412,-291652.848,True,25 Johnny Mercer Blvd,Off Hammocks View,,,,,492.0,199,28,-2.0,3,False,,False,,0.12,2012-01-01T00:00:00,1900-01-01T00:00:00,True,True,,,,,,False,-1,,False,,,,,,[],,[],[]
280,The Landings Harbor Marina,12031975_120000AM,115049.484,-291640.5,True,E End Of Priest Landing Drive,River Dock And Basin Marina On N End,10149 01004 ,,,,493.0,320,28,67.0,14,False,,False,,21.97078,2026-08-05T00:00:00,2028-04-30T00:00:00,True,False,,,,,,False,-1,,False,,,,,,[],,[],[]
97,The Landings Subdivision (Not Marinas),08111972_120000AM,114959.88,-291771.072,True,,S End Skidaway,,,10262006_120100PM & 09232004_025203PM,,-2.0,320,28,56.0,14,False,,False,,42.2427,2025-01-31T00:00:00,1900-01-01T00:00:00,True,True,,,,,,False,-1,,False,,,,,,[],,[],[]
1050,The Marshes Community Dock,11121991_120200AM,115357.716,-291691.008,True,60 Shipwatch Road,,10180A02027,Savannah,,"Goette Tract, Phases 1-5",494.0,250,28,66.0,3,False,,False,,0.34232,2012-01-01T00:00:00,2032-05-15T00:00:00,True,False,,,,,,False,-1,,False,,,,,,[],,[],[]
914,"The Point At Sunbury (Sunbury Crab Company, Maley)",08011990_120000AM,114376.6944,-292605.012,True,4708 Sunbury Road,,,Midway,,"1359th GMD, Tract C",496.0,284,92,-2.0,2,False,,False,,2.38636,2012-01-01T00:00:00,2033-02-13T00:00:00,True,False,,,,,,False,-1,,False,,,,,,[],,[],[]
4268,The Residences At Turner Creek (Palmera Point),08202002_094628AM,115326.504,-291564.288,True,13 Turnbull Lane,Next To Snappers,,,,Lot 3A Phase 2,342.0,301,28,-2.0,3,False,,False,,0.15312,2012-01-01T00:00:00,1900-01-01T00:00:00,True,True,,,,,,False,-1,,False,,,,,,[],,[],[]
5785,The Rookery,03132006_120100PM,113821.92,-292605.192,True,,Woodstork Way NE Between Lots 9 & 10,,Townsend,,,499.0,145,101,-2.0,3,True,,False,,0.03092,2012-01-01T00:00:00,1900-01-01T00:00:00,True,True,,,,,,False,-1,,False,,,,,,[],,[],[]
4112,The Shrimp Docks @ Sunbury  Ann Lyle,03272002_120000AM,114372.144,-292601.556,True,443 Brigantine-Dunmore Road,138 Galley Lane,347A017,Midway,11011988_120100AM,"Parcel 2-A & 3, 1359th GMD",-2.0,284,92,-2.0,24,False,,False,,0.52848,2012-01-01T00:00:00,2032-03-04T00:00:00,True,False,,,,,,False,-1,,False,,,,,,[],,[],[]
472,The Villas At River Oaks,11081983_120600AM,114874.812,-292563.1404,True,River Oaks Drive,"Old Barge Landing Tract, 20th GMD",,Richmond Hill,09132000_120100PM,,329.0,283,18,-2.0,3,False,,False,,0.45753,2012-01-01T00:00:00,2032-12-31T00:00:00,True,False,,,,,,False,-1,,False,,,,,,[],,[],[]
738,Thigpen (Manhead Marina),10111988_120200AM,112213.9188,-293138.84988,True,SW Side Of Mackay River Bridge,FJ Torras Causeway,02-00098,Brunswick,,,-2.0,200,66,-2.0,14,False,,False,,2.1062,2027-01-30T00:00:00,2011-08-06T00:00:00,False,True,,,,,,False,-1,,False,,,,,,[],,[],[]
10777,"Three Breezes, LLC",05232018_035522PM,113267.988,-292874.364,True,Sea Breeze Island,,0063F 0013014,,06091997_120000AM,14,419.0,9,101,54.0,7,False,,False,,0.17498,2018-07-06T00:00:00,1900-01-01T00:00:00,True,True,,,,,,False,-1,,False,,,,,,[],,[],[]
1719,"Thunderbolt Harbor Condo Marina Phase I And II (B&B Marina, Ambos Marine)",09211995_120100PM,115309.26,-291780.18,True,2902 River Drive,,30005 05012,Thunderbolt,11091984_120000AM,Common Area & Water Bottom Area,-2.0,320,28,-2.0,14,True,,False,,10.95011,2020-11-07T00:00:00,2029-02-28T00:00:00,True,False,,,,,,False,-1,,False,,,,,,[],,[],[]
275,"Thunderbolt Marine Inc. (Thunderbolt Marina Palmer Johnson, Latex Corp., & River's End Restaurant",07081975_120000AM,115285.212,-291770.352,True,3124 River Drive,Thunderbolt Marine Tract,3-0007 -02-015,Thunderbolt,,,-2.0,320,28,67.0,14,True,,False,,19.20562,2027-11-09T00:00:00,2019-02-28T00:00:00,False,True,,,,,,False,-1,,False,,,,,,[],,[],[]
492,Thunderbolt Public Dock,09111984_120200AM,115311.78,-291779.604,True,,Thomas Park On River Drive,,Thunderbolt,,Lot 47 Between Ambos & Fountain Marine,-2.0,320,28,-2.0,14,False,,False,,0.02769,2012-01-01T00:00:00,1900-01-01T00:00:00,True,True,,,,,,False,-1,,False,,,,,,[],,[],[]
9481,Tidegate On Kings Lane,10012015_040043PM,112122.9,-293054.472,True,Sea Island Golf Course,,,,,,-2.0,230,66,59.0,-2,False,,False,,0.02755,2016-06-03T00:00:00,1900-01-01T00:00:00,True,True,,,,,,False,-1,,False,,,,,,[],,[],[]
246,Tidewater Boatworks (Hinckley Yacht Services),10231974_120000AM,115327.332,-291769.74,True,2400 Mechanics Ave.,"Tidewater Marine Tract, 5th GMD",30004 06026 (N) & 30004 06025 (S),Thunderbolt,,,-2.0,320,28,-2.0,14,False,,False,,5.35997,2019-04-26T00:00:00,2029-02-27T00:00:00,True,False,,,,,,False,-1,,False,,,,,,[],,[],[]
118,Tillman,10101972_120000AM,115237.08,-291107.952,True,4 D A V Island Road,East Fork Between Martin & Morgan,10012 01001L,,,Lot 4,140.0,72,28,-2.0,3,False,,False,,0.00964,1900-01-01T00:00:00,1900-01-01T00:00:00,True,True,,,,,,False,-1,,False,,,,,,[],,[],[]
381,Tivoli River Public Fishing Piers,08251980_120000AM,114624.324,-292558.572,True,,Belfast Road By Bryan Neck Church,,Richmond Hill,,"Tract 18, 20th GMD, Hammock Fill 2.4 Acres, WMA",-2.0,296,18,-2.0,14,True,,False,,0.59761,2014-11-18T00:00:00,1900-01-01T00:00:00,True,True,,,,,,False,-1,,False,,,,,,[],,[],[]
4270,Tolomato Community Dock & Boat Ramp/Hoist,08202002_103702AM,113185.296,-292944.564,True,,Hudson,,Darien,,"Replatted 41 & Tract B, Phase I, 1515 GMD, Thicket",509.0,163,101,62.0,3,False,,False,,0.25055,2019-09-25T00:00:00,1900-01-01T00:00:00,True,True,,,,,,False,-1,,False,,,,,,[],,[],[]
326,Torras Causeway Toll Plaza,06121979_120200AM,112185.36,-293235.552,True,,Clubbs,,,,,-2.0,67,66,59.0,3,False,,False,,0.7458,2012-01-01T00:00:00,1900-01-01T00:00:00,True,True,,,,,,False,-1,,False,,,,,,[],,[],[]
365,Torrey/Culver,05131980_120100AM,112645.872,-292817.88,True,200 Hampton Point Drive,,,,,Lots 17 & Ptn.18 Block G Phase I,-2.0,170,66,-2.0,3,False,,False,,0.05854,2012-01-01T00:00:00,1900-01-01T00:00:00,True,True,,,,,,False,-1,,False,,,,,,[],,[],[]
245,"TPG MARINAS IOH, LLC  (Isle Of Hope Marina) (Bradys)",10181974_120100AM,115126.02,-291803.4,True,50 Bluff Dr.,Mile Marker 590,10306 02004 ,Savannah,,,-2.0,270,28,-2.0,14,False,,False,,1.78898,2020-06-26T00:00:00,2022-11-14T00:00:00,True,True,,,,,,False,-1,,False,,,,,,[],,[],[]
5997,"Tranquility On The South Newport (MID-ROC, Lillian James)",09062006_120000AM,113912.568,-292825.7298,True,,Harris Neck Road,,,,"Parcel 5, 6 & 7, Sallette Tract",510.0,275,101,-2.0,14,False,,False,,0.064,2022-10-29T00:00:00,1900-01-01T00:00:00,True,True,,,,,,False,-1,,False,,,,,,[],,[],[]
3490,Triantafilloy,07242000_120000AM,115284.888,-291432.06,True,157 Runner Road,,10025E01021,Savannah,10/13/1995; 12/14/1998; 7/12/1999; 4/26/2000,"Lot 2176, Phase III 5th G.M. District",35.0,22,28,67.0,3,False,,False,,0.0,1900-01-01T00:00:00,1900-01-01T00:00:00,True,True,,,,,,False,-1,,False,,,,,,[],,[],[]
794,"Tronox (Kemira, Kerr-McGee, American Cyanamid)",06131989_120200AM,115479.54,-291688.056,True,1 Kerr McGee Road,,,,01162003_1200; 06251973_1202; 11011988_1200,,-2.0,133,28,-2.0,3,False,,False,,12.95565,2025-12-18T00:00:00,1900-01-01T00:00:00,True,True,,,,,,False,-1,,False,,,,,,[],,[],[]
2276,Turners Cove,03301998_120100PM,115243.884,-291558.744,True,,Wilmington Island Road N Of 121 Dogwood Avenue,10090 01094,Savannah,09151993_120000AM,"Common Area By Phase 1, 5th GMD",513.0,301,28,67.0,3,False,,False,,0.20275,2018-01-25T00:00:00,2030-06-30T00:00:00,True,False,,,,,,False,-1,,False,,,,,,[],,[],[]
6582,Turners Creek Public Boat Ramp,11272007_124500PM,115273.98,-291570.876,True,,Johhny Mercer Blvd At Turners Creek,,,05221997_120100AM,,-2.0,301,28,66.0,3,False,,False,,0.26217,2017-12-14T00:00:00,1900-01-01T00:00:00,True,True,,,,,,False,-1,,False,,,,,,[],,[],[]
9215,Turners Rock Causeway,01232015_111341AM,115261.596,-291594.24,True,Turners Rock Road,,,Savannah,,,514.0,301,28,-2.0,6,False,,False,,0.01433,2021-10-25T00:00:00,1900-01-01T00:00:00,True,True,,,,,,False,-1,,False,,,,,,[],,[],[]
5299,Tuscan Landing HOA,10222004_120000AM,112029.336,-294012.396,True,,, 	 085A 165 ,,,"Off La Mare Lane, PT B, C, E 20.15A",516.0,123,23,-2.0,3,True,,False,,0.0329,2023-02-25T00:00:00,1900-01-01T00:00:00,True,True,,,,,,False,-1,,False,,,,,,[],,[],[]
508,Two-Way Marina / Ricefield Condos,04091985_120800AM,112780.5264,-293206.1364,True,257 Charlie Gobbs Way,"US 17 N., Glynn Co. Line",,Brunswick,,,-2.0,4,66,-2.0,14,False,,False,,1.45617,2017-12-28T00:00:00,2009-02-28T00:00:00,True,True,,,,,,False,-1,,False,,,,,,[],,[],[]
3175,"Tybee Island Marina (Bubba Gumbo,  Loggerhead Resturant, Lazaretto Marina, Dewey's Dockside, Boen Pa",11021999_120100AM,115247.376,-291178.6992,True,"1 Old Tybee Road, Highway 80","M.F. Smith Plat 1932, 5th GMD, 4.8 Acre",,Savannah,,,-2.0,190,28,63.0,3,False,,False,,0.5857,2014-04-23T00:00:00,2029-02-27T00:00:00,True,False,,,,,,False,-1,,False,,,,,,[],,[],[]
7752,"UGA Flux Tower, SINERR",05162012_104105AM,113199.2784,-292613.1264,True,,SINERR,,,,22nd GMD,-2.0,99,101,51.0,14,False,,False,,0.08476,2027-07-26T00:00:00,1900-01-01T00:00:00,False,True,,,,,,False,-1,,False,,,,,,[],,[],[]
6947,UGA G.E.O.R.G.I.A.  Oyster Restoration: Horsepen Creek,12232008_104446AM,115218.9828,-291065.1048,True,,Horse Pen,,,,,-2.0,159,28,63.0,3,False,,False,,0.09883,2014-03-17T00:00:00,1900-01-01T00:00:00,True,True,,,,,,False,-1,,False,,,,,,[],,[],[]
301,UGA Marex,05101977_120100AM,112097.556,-293382.0,True,715 Bay Street,University Of Georgia Marine Extension,,,12272000_120200PM,,-2.0,102,66,-2.0,14,False,,False,,0.2438,2012-01-01T00:00:00,1900-01-01T00:00:00,True,True,,,,,,False,-1,,False,,,,,,[],,[],[]
3654,UGA Marex,12272000_120200PM,112097.016,-293381.496,True,715 Bay Street,University Of Georgia Marine Extension,,Brunswick,05101977_120100AM,"42, 43, 44, 1/3 Of Lot 41, 25th GMD",333.0,102,66,-2.0,14,False,,False,,0.24395,2023-10-11T00:00:00,1900-01-01T00:00:00,True,True,,,,,,False,-1,,False,,,,,,[],,[],[]
7476,UGA Marex G.E.O.R.G.I.A. Hickory Bluff Oyster Reef,03102011_085818AM,111931.1568,-293642.172,True,569 Hickory Bluff Rd,,,Waverly,,,202.0,197,23,-2.0,14,False,,False,,0.00092,2016-06-17T00:00:00,1900-01-01T00:00:00,True,True,,,,,,False,30,2016-05-19T16:00:51.253,False,,,,,,[],,[],[]
4,UGA Marine Research Institute,03241971_120000AM,113169.996,-292609.98,True,,Multiple Locations,,Sapelo,03032016_012752PM,,-2.0,94,101,51.0,19,False,,False,,4.06651,2020-04-01T00:00:00,1900-01-01T00:00:00,True,True,,,,,,False,-1,,False,,,,,,[],,[],[]
13582,UGA Oyster Reef Restoration,11252025_121214PM,113117.472,-292510.476,True,Hog Hammock,Cabretta and Big Hole Creeks,,,,,592.0,218,101,51.0,3,False,,False,,0.11478,2031-02-27T00:00:00,1900-01-01T00:00:00,False,True,,,,,,False,-1,,False,,,,,,[],,[],[]
176,University Of Georgia ; Skidaway Institute Of  Oceanography (SKIO),03251974_120200AM,115159.896,-291689.496,True,10 Ocean Science Circle,,10146 01002,Savannah,07261994_120000AM,,-2.0,270,28,56.0,14,False,,False,,2.89755,2026-07-06T00:00:00,1900-01-01T00:00:00,True,True,,,,,,False,-1,,False,,,,,,[],,[],[]
6676,US 80 McQueens Trail,03042008_120000AM,115345.7892,-291400.8768,True,US 80 McQueens Trail,North Of Hwy Adjacent To And South Of Savannah Riv,Savannah,,01132005_025421PM,,-2.0,260,28,40.0,14,False,,False,,0.53825,2025-11-16T00:00:00,1900-01-01T00:00:00,True,True,,,,,,False,-1,,False,,,,,,[],,[],[]
7878,USACE PGP0037 CRD Inshore Reefs,10102012_095041AM,112044.744,-293321.376,True,,Multiple Inshore Reef Sites,,,08261987_120200AM; 02231998_120100AM; 07081994_120,,-2.0,218,2,42.0,-2,False,,False,,78.20076,2023-09-19T00:00:00,1900-01-01T00:00:00,True,True,,,,,,False,-1,,False,,,,,,[],,[],[]
1645,USCG: Coast Guard Cockspur Island,04201995_120200AM,115324.056,-291262.356,True,Cockspur Island National Park Service,Fort Pulaski National Monument,,Tybee,05022001_120100PM,,-2.0,260,28,14.0,14,True,,False,,0.1115,2028-11-17T00:00:00,1900-01-01T00:00:00,False,True,,,,,,False,-1,,False,,,,,,[],,[],[]
7147,Vallambrosa Tidal Mitigation Bank,01062010_120000AM,115079.99976,-292619.9988,True,Ogeechee Road North,NW Hwy 17 & Ogeechee River,,,01062010_120000AM,PARCEL 1-B VALLAMBROSA PLANTATION (REFERRED TO AS PAR 2-B SMB 22S 65) PRB 48P 194A 1495.6 AC TOATAL) (72.03 Ac H & 1423.6 Ac W),-2.0,227,28,-2.0,14,False,,False,,0.0,2022-04-15T00:00:00,1900-01-01T00:00:00,True,True,,,,,,False,-1,,False,,,,,,[],,[],[]
7790,Veal,06182012_021129PM,112478.7744,-292986.3708,True,392 Pikes Bluff Drive,,,St. Simons,05202008_095211AM & 08102015_020837PM,"209, 25th GMD, Phase 4",155.0,117,66,59.0,14,False,,False,,0.05283,2031-06-15T00:00:00,1900-01-01T00:00:00,False,True,,,,,,False,-1,,False,,,,,,[],,[],[]
12172,Village Bluff Dock,12202021_025910PM,112419.9,-292870.98,True,154 Virginia Drive,,,St Simons Island,,,-2.0,309,66,59.0,5,False,,False,,0.03127,2028-05-18T00:00:00,1900-01-01T00:00:00,False,True,,,,,,False,-1,,False,,,,,,[],,[],[]
390,Village Creek (Harrington) Public Boat Ramp,01201981_120200AM,112339.368,-292896.936,True,,South Harrington Road,,St. Simons,03182010_120000AM & 01172003_120000AM,,-2.0,309,66,59.0,3,False,,False,,0.13774,2027-07-27T00:00:00,1900-01-01T00:00:00,False,True,,,,,,False,-1,,False,,,,,,[],,[],[]
1587,Village Creek Landing (Yawn) Commercial Dock,11281994_120100AM,112339.476,-292893.048,True,326 S Harrington Rd. #2,,04-15158,,7/27/2004 1:01,,-2.0,309,66,59.0,3,False,,False,,0.15277,2013-01-01T00:00:00,1900-01-01T00:00:00,True,True,,,,,,False,-1,,False,,,,,,[],,[],[]
3498,"Wahoo Island (Crawford, Wright)",08022000_120000AM,113769.5868,-292380.336,True,,Marsh Between Harris Neck & Wahoo Island,,Townsend,01182012_120000AM,,-2.0,310,101,-2.0,3,False,,False,,1.51,2012-01-01T00:00:00,1900-01-01T00:00:00,True,True,,,,,,False,-1,,False,,,,,,[],,[],[]
2102,Walker (Cisco) Boat House,09111997_120000AM,111049.632,-293665.896,True,1205 Mush Bluff Road,Crooked,132C 016,St. Marys,,,-2.0,75,23,-2.0,14,False,,False,,0.40459,2002-09-11T00:00:00,1900-01-01T00:00:00,True,True,,,,,,False,-1,,False,,,,,,[],,[],[]
929,Wallace (Baywood Plantation),11141990_120100AM,113187.744,-292968.144,True,,Hudson,0064B 0062,,,"Community Area, 22nd GMD",19.0,163,101,-2.0,3,False,,False,,0.0062,2012-01-01T00:00:00,1900-01-01T00:00:00,True,True,,,,,,False,-1,,False,,,,,,[],,[],[]
5415,Walthour Canal At Offshore Subdivision,02022005_120100PM,115268.112,-291464.712,True,Rivermist Lane & Walthour Road,Entrance Road,,,,,327.0,22,28,-2.0,3,False,,False,,0.01153,2018-05-17T00:00:00,1900-01-01T00:00:00,True,True,,,,,,False,-1,,False,,,,,,[],,[],[]
7203,Walthour Road Bridge At Betz Creek,02252010_123300PM,115265.016,-291463.6392,True,,Walthour Road,,,,,-2.0,22,28,67.0,3,False,,False,,0.42629,2027-03-18T00:00:00,1900-01-01T00:00:00,False,True,,,,,,False,-1,,False,,,,,,[],,[],[]
2079,Waterford Landing (Lots 13-16) Mulit-Family Dock,08201997_120100AM,114602.256,-292772.556,True,760 & 768 Waterford Landing Rd.,,0501 071 (L16) & 0501 074 (L14),,06131990_120000,"Phs. 1, Lots 13, 14, 15 & 16",529.0,168,18,-2.0,14,False,,True,,0.11745,2020-03-12T00:00:00,1900-01-01T00:00:00,True,True,,,,,,False,-1,,False,,,,,,[],,[],[]
896,Waterford Landing Community Dock,06131990_120000AM,114591.6,-292772.52,True,,South Of 944 Waterford Landing Road,,Richmond Hill,,"Parcel K, 4.7 Acres, 20th GMD",529.0,168,18,-2.0,14,False,,True,,0.66013,2019-04-29T00:00:00,2027-10-31T00:00:00,True,False,,,,,,False,-1,,False,,,,,,[],,[],[]
2013,Waterway RV Campground Dock,05071997_120000AM,115119.396,-292646.88,True,,Off Hwy 17,,,,,-2.0,227,18,-2.0,14,False,,False,,0.05108,2012-01-01T00:00:00,1900-01-01T00:00:00,True,True,,,,,,False,-1,,False,,,,,,[],,[],[]
3369,Waving Girl Park & CAT Public Ferry Docks,04102000_120000AM,115490.952,-291914.892,True,Morrell Park  & Savannah Belles Ferry Docks,River St & Lincoln St,,,,,-2.0,260,28,-2.0,14,False,,False,,0.03887,2026-09-13T00:00:00,1900-01-01T00:00:00,True,True,,,,,,False,-1,,False,,,,,,[],,[],[]
11595,"Webb & Collins, LLC",07272020_064918PM,112435.2,-293528.736,True,116 Burnett Road,,03-05743,,,"Lot 5, Marie And MA Hiott Tract",-2.0,42,66,-2.0,3,False,,False,,0.07622,2028-11-07T00:00:00,1900-01-01T00:00:00,False,True,,,,,,False,-1,,False,,,,,,[],,[],[]
2229,Wege (Randolph) Causeway & Bridge,02131998_120200PM,115011.0,-292039.848,True,105 Rivers Edge,,1-0577 -01-007,,,Lot 17,386.0,307,28,-2.0,14,False,,False,,0.02103,2012-01-01T00:00:00,1900-01-01T00:00:00,True,True,,,,,,False,-1,,False,,,,,,[],,[],[]
356,Wessels Riprap,02181980_120500AM,115233.012,-291742.308,True,505 Herb River Drive,Herb,,,,,-2.0,149,28,-2.0,14,False,,False,,0.01033,2012-01-01T00:00:00,1900-01-01T00:00:00,True,True,,,,,,False,-1,,False,,,,,,[],,[],[]
4083,West Point Dockowners Community Dock,03062002_120100AM,112459.536,-293010.12,True,407 Mimosa Drive,,,,,"Lots 10, 43, 44, 33, 16 & 49",530.0,117,66,-2.0,14,False,,False,,0.21052,2012-01-01T00:00:00,1900-01-01T00:00:00,True,True,,,,,,False,-1,,False,,,,,,[],,[],[]
3341,Westin Hotel Hutchinson Island,03142000_120000AM,115498.1376,-291908.0664,True,1 Resort Drive,The Westin Savannah Harbor Golf Resort & Spa 1 Res,,,,,-2.0,260,28,25.0,14,False,,False,,0.13223,2023-02-23T00:00:00,1900-01-01T00:00:00,True,True,,,,,,False,-1,,False,,,,,,[],,[],[]
7653,Whippoorwill Road ROW County Infrastructure,12282011_024511PM,115224.2748,-291447.6048,True,Whippoorwill Road ROW County Infrastructure,Whippoorwill Rd,,Savannah,,60 Ft ROW,-2.0,16,28,67.0,3,False,,False,,0.08432,2026-03-30T00:00:00,1900-01-01T00:00:00,True,True,,,,,,False,-1,,False,,,,,,[],,[],[]
358,White Bulkhead,02181980_120700AM,112362.048,-293256.36,True,524 Plantation Road,,,,,Lot 17 Section 1 Area B,27.0,155,66,-2.0,3,False,,False,,0.0241,2012-01-01T00:00:00,1900-01-01T00:00:00,True,True,,,,,,False,-1,,False,,,,,,[],,[],[]
288,Wiggins Riprap,05111976_120100AM,115247.16,-291178.44,True,,Hog Crawl,,,,,-2.0,155,28,-2.0,3,False,,False,,0.0,2012-01-01T00:00:00,1900-01-01T00:00:00,True,True,,,,,,False,-1,,False,,,,,,[],,[],[]
6339,Wildlife Preserve Community Dock Modification And  JD,05172007_013220PM,112218.9984,-292929.9984,True,2510 Wildlife Drive,"B= 39 A Marsh, 25th GMD, Wildlife Preserve",,,,,-2.0,306,66,59.0,3,False,,False,,0.0899,2012-01-01T00:00:00,1900-01-01T00:00:00,True,True,,,,,,False,30,2016-05-23T11:28:28.977,False,,,,,,[],,[],[]
12961,Wildsmith,04192024_072641AM,112422.96,-293676.552,True,170 Harbor Point Dr,,03-12333,Brunswick,,36,317.0,93,66,43.0,3,False,,False,,0.0,1900-01-01T00:00:00,1900-01-01T00:00:00,True,True,,,,,,False,-1,,False,,,,,,[],,[],[]
7420,Wilmington Island Townhomes (Intercoastal Assoc.),12072010_101030AM,115264.9476,-291535.056,True,43 Mariners Lane,,,Savannah,,,-2.0,45,28,67.0,3,False,,False,,0.10136,2014-01-01T00:00:00,1900-01-01T00:00:00,True,True,,,,,,False,-1,,False,,,,,,[],,[],[]
3798,Wilmington Park HOA Community Pier,05252001_120000AM,115152.2928,-291587.3856,True,1238 & 1316 Wilmington Island Road,1244 Wilmington Island Road,,,,,544.0,320,28,67.0,14,False,,False,,0.15023,2017-06-11T00:00:00,1900-01-01T00:00:00,True,True,,,,,,False,-1,,False,,,,,,[],,[],[]
1005,"Wilmington Plantation Club Condos (Surfside 6, Savannah Sailing Center, Sheraton Savannah Resort)",07051991_120000AM,115213.896,-291606.984,True,700 Wilmington Island Road,612 Wilmington Island Road,10109 01074,Savannah,,Lots 37 - 39 Walthour Tract,-2.0,301,28,-2.0,3,False,,False,,1.86221,2025-09-20T00:00:00,1900-01-01T00:00:00,True,True,,,,,,False,-1,,False,,,,,,[],,[],[]
493,"Wilmington River HOA (Dunlap, Sams, Howard)",09111984_120300AM,115186.068,-291590.748,True,,918 Wilmington Island Road,Lot 65,,,,-2.0,320,28,-2.0,14,False,,False,,0.16566,2012-01-01T00:00:00,1900-01-01T00:00:00,True,True,,,,,,False,-1,,False,,,,,,[],,[],[]
507,Windward Point Marsh Overlooks,04091985_120500AM,112321.62,-292916.88,True,,Off N. Windward Drive & Cedar Point,,,,,-2.0,25,66,-2.0,14,False,,False,,0.03792,2012-01-01T00:00:00,1900-01-01T00:00:00,True,True,,,,,,False,-1,,False,,,,,,[],,[],[]
179,Windward S/d Causeways & Recreation Areas & Dock,04051974_120000AM,115111.296,-292266.72,True,,Rio Rd. & Forest River,,,,,552.0,114,28,-2.0,14,False,,False,,0.16,2012-01-01T00:00:00,1900-01-01T00:00:00,True,True,,,,,,False,-1,,False,,,,,,[],,[],[]
5424,Winfield Community Dock,02152005_120000AM,113221.26,-292942.40976,True,4004 Ridge Road,Winfield Street,,,,,-2.0,163,101,-2.0,3,False,,False,,0.0,1900-01-01T00:00:00,1900-01-01T00:00:00,True,True,,,,,,False,-1,,False,,,,,,[],,[],[]
13671,Witthoft,01302026_093230AM,113168.5344,-292995.5688,True,1171 Harbor Hill Cr. SE,,0064C 0012002,,,,509.0,163,101,62.0,3,False,,False,,0.0,1900-01-01T00:00:00,1900-01-01T00:00:00,True,True,,,,,,False,-1,,False,,,,,,[],,[],[]
4351,Wood,09032002_112042AM,112546.116,-292860.756,True,20 Carriage Drive,,,St. Simons Island,,,64.0,170,66,59.0,3,False,,False,,0.02089,2029-06-25T00:00:00,1900-01-01T00:00:00,False,True,,,,,,False,-1,,False,,,,,,[],,[],[]
1092,Wylly Island Marina/Community Dock,02181992_120000AM,115212.528,-291795.732,True,,N Of 13 Wylly Island Drive,,Savannah,,"Sub. Parcel B, 5th GMD",-2.0,149,28,68.0,14,False,,False,,0.34568,2020-06-22T00:00:00,2033-03-31T00:00:00,True,False,,,,,,False,-1,,False,,,,,,[],,[],[]
2578,Wymberley (Wymberly) Yacht Club,03021999_120100AM,115115.688,-291797.424,True,2 Noble Glen Drive,AIWW RM 590.1,1-0307 -01-001,Isle Of Hope,,,306.0,270,28,26.0,14,False,,False,,0.26199,2025-07-01T00:00:00,1900-01-01T00:00:00,True,True,,,,,,False,-1,,False,,,,,,[],,[],[]
2465,"Yacht Club (Atlas, Stewart Atlantic Properties, Sea Tow, Sea Island Yacht Club)",10261998_120100PM,112198.896,-293082.552,True,,Old Coast Guard Dock Site,,St. Simons Island,,Sea Island Yacht Club Tract,-2.0,117,66,59.0,14,False,,False,,1.38315,2025-08-25T00:00:00,2034-05-31T00:00:00,True,False,,,,,,False,-1,,False,,,,,,[],,[],[]
1798,Yellow Bluff Marina,02191996_120100AM,114155.5788,-292462.1172,True,118 Yellow Bluff Rd.,196 Marina Drive,,Midway,LEG20180011,"39.03 Acres Colonels Island, 1359th GMD",568.0,7,92,15.0,3,False,,False,,0.81032,2024-09-22T00:00:00,2029-02-28T00:00:00,True,False,,,,,,False,-1,,False,,,,,,[],,[],[]
87,Youngs Marina (Young's Marina) Suggs,07241972_120000AM,115228.386,-291566.106,True,218 Wilmington Island Road,,,Savannah,,1.28 Acres William Young Tract,528.0,301,28,67.0,3,False,,False,,0.8507,2012-01-01T00:00:00,2031-09-30T00:00:00,True,False,,,,,,False,-1,,False,,,,,,[],,[],[]
